id,label,url,landmark_id
415256673bae5690.jpg,1,,62798
3db6f75e78841e59.jpg,8,,176528
33d5886378098494.jpg,10,,192931
228b192b4f0efa77.jpg,6,,151942
460738b8f7f7d3e5.jpg,5,,138982
3bdf0c7c436b531e.jpg,1,,62798
357243381d955f2e.jpg,9,,177870
4178b44db25b2e9c.jpg,10,,192931
269e3de62e749123.jpg,7,,171772
362fca885353ed3a.jpg,8,,176528
23d55fce9aceb90c.jpg,5,,138982
280c1b0abfc06a90.jpg,6,,151942
50b36d074aa23c70.jpg,8,,176528
4ba77507076f8b57.jpg,5,,138982
42fa1fc0138c84f5.jpg,4,,126637
5602db7461bbef90.jpg,7,,171772
0d60b77bf3e1e9d1.jpg,9,,177870
0e23623b055a8eaf.jpg,1,,62798
0945d8a8b503b2af.jpg,1,,62798
074af595fb1ddc2b.jpg,7,,171772
086050f1333a77be.jpg,1,,62798
15b97edf7fea45b0.jpg,0,,20409
4fe78995aa98723e.jpg,10,,192931
5554c70b7178e73e.jpg,6,,151942
05e9292bdcb83b03.jpg,8,,176528
375e9447a1475f65.jpg,5,,138982
09dfbe2b630c3c97.jpg,1,,62798
0c83547aa0ee42c3.jpg,6,,151942
2c8812713f763701.jpg,5,,138982
14fabbd94a454bda.jpg,4,,126637
4eec822aa2dc478d.jpg,2,,83144
285e71dbd094d959.jpg,1,,62798
2daa3db9bdc6ce8c.jpg,6,,151942
050b57adc8ea102d.jpg,1,,62798
0e93d09f4fc58a24.jpg,9,,177870
3b18e7889b3df2d1.jpg,8,,176528
0e3e17bb6fd95c00.jpg,10,,192931
3bcbcf4d451a2eaa.jpg,0,,20409
2c20a920dbade8c5.jpg,0,,20409
1676c3dac4fe1139.jpg,5,,138982
5852d152536ea043.jpg,0,,20409
38f3c89ca44c51ca.jpg,8,,176528
0bdfcbd5084e433e.jpg,3,,84689
39410a70933df78b.jpg,9,,177870
4f6bfff9eeeaa989.jpg,0,,20409
504736356e307c6d.jpg,1,,62798
556e2d67cfc2ecfb.jpg,3,,84689
0420f86ab3bad8cf.jpg,8,,176528
352c9501e7a78c42.jpg,10,,192931
3b4f026a74d01347.jpg,10,,192931
29e97803f5e7d061.jpg,6,,151942
4eedfd72bb0d2e09.jpg,2,,83144
4269a2f126982ec2.jpg,4,,126637
258f0698739da30e.jpg,0,,20409
560f765efae65503.jpg,10,,192931
0ddeeac7bba3b764.jpg,0,,20409
4a4ba41bd5500b71.jpg,3,,84689
52eb611565f2cc41.jpg,1,,62798
503e6a8033ffcef3.jpg,7,,171772
23989fb58b33a82f.jpg,1,,62798
366caa87e1916ab3.jpg,9,,177870
2dc95ca4e5ca7108.jpg,7,,171772
4f671ff01af793fd.jpg,8,,176528
099cc494e84878f8.jpg,3,,84689
306214dee5406784.jpg,1,,62798
2bfc3f34ba606078.jpg,6,,151942
343af5d05eea5621.jpg,0,,20409
46e077ace03e45aa.jpg,1,,62798
22598f2a184c8a08.jpg,0,,20409
4f7fa23f10ec098e.jpg,8,,176528
261bf2685695ed17.jpg,2,,83144
33e87fd7bce9a67f.jpg,9,,177870
449788f77dab247d.jpg,2,,83144
01f7b9faef5fae4a.jpg,2,,83144
05fba9fa5a54e041.jpg,1,,62798
011da722350c2ce9.jpg,4,,126637
4f12c5f99931ce1e.jpg,7,,171772
16fc2cc0988aea51.jpg,9,,177870
3ce9310ea87f5e8a.jpg,1,,62798
257f0ad54e8e351f.jpg,10,,192931
50026fe8a8573b24.jpg,9,,177870
0fd1450ea0620cee.jpg,0,,20409
39cab5c9ba478bdc.jpg,7,,171772
0e10e7cab7a77bb5.jpg,4,,126637
49448ee7266e8442.jpg,5,,138982
266e61013d98aace.jpg,6,,151942
12f97078d7d2f27f.jpg,10,,192931
55b1bfa89a538729.jpg,2,,83144
3d06c00076b5fc05.jpg,8,,176528
36581dd5d0f87cab.jpg,4,,126637
12c4a4a1aa1f0d5e.jpg,8,,176528
4838e6159bc31767.jpg,5,,138982
0149d01c1a2239b2.jpg,2,,83144
181362cd24520bbe.jpg,10,,192931
42e07185f620e2ef.jpg,5,,138982
229a54b5f256d9a2.jpg,1,,62798
2f5dc61d6c3ec782.jpg,3,,84689
0931530acc367f83.jpg,1,,62798
0a3e4472500bdcc2.jpg,5,,138982
09096bd82a4c0741.jpg,4,,126637
0b25c0e4162a95ef.jpg,2,,83144
11730aa46b243d11.jpg,2,,83144
4c281a74571c94ec.jpg,1,,62798
562100a51c7c25df.jpg,10,,192931
34c4fdf73de65226.jpg,4,,126637
354931e9ec2a2d08.jpg,9,,177870
437ff9ec277bc04d.jpg,0,,20409
21656c3ae89dbd26.jpg,7,,171772
4b1659db380cfef8.jpg,2,,83144
52f055ef478ba7dd.jpg,8,,176528
16443d13b2e1643c.jpg,8,,176528
382577f8f05c9eb1.jpg,7,,171772
31ea264f18b48ef1.jpg,5,,138982
4ac9039d651cdc63.jpg,2,,83144
0389134f7fbb2839.jpg,3,,84689
3a2ef0a0fae4fd0b.jpg,6,,151942
00c9675a09a69ee1.jpg,6,,151942
27f9ce4c0af199cd.jpg,0,,20409
3dfd89ad2e7f5f25.jpg,8,,176528
302dac037cb0ad96.jpg,8,,176528
0ec88dcbd3b741b2.jpg,7,,171772
46be19e173f81c98.jpg,3,,84689
505c8c4e77708eb2.jpg,1,,62798
42913a487989e072.jpg,7,,171772
01f4f9dceb65bf5f.jpg,6,,151942
4c14d7f1ea90905a.jpg,4,,126637
317a83bf243c38b6.jpg,8,,176528
108847d6deadcbcf.jpg,4,,126637
39e58ac9bbbf65cc.jpg,3,,84689
2354fac639c5b044.jpg,4,,126637
44a1dc85c196e365.jpg,4,,126637
5384b902dc39a10a.jpg,5,,138982
4ce992ddd1972077.jpg,7,,171772
4c3493bbf1b4a285.jpg,9,,177870
3868c3512d80b281.jpg,7,,171772
27c8685145e366b1.jpg,0,,20409
2247110a35d5c402.jpg,5,,138982
288e2b60352fe9b8.jpg,7,,171772
2a88a668ba9a1edb.jpg,5,,138982
115031bd994ac710.jpg,9,,177870
4b2c445a9a94966e.jpg,9,,177870
50a183666e6724df.jpg,2,,83144
0769907f28d0ebd4.jpg,0,,20409
3d3a78ab039faa06.jpg,2,,83144
10b09af4be2f490a.jpg,0,,20409
242b80f755d7c8bb.jpg,1,,62798
060e844c342d0fd7.jpg,7,,171772
162f5ebd6a74a055.jpg,0,,20409
3217baa10b300d27.jpg,8,,176528
2f3a1252a8fa6d45.jpg,10,,192931
338ab03912af2480.jpg,10,,192931
3044bf8335eeab3f.jpg,6,,151942
399bfed987a4e339.jpg,6,,151942
24c3df4d92ed8f49.jpg,3,,84689
0bafc0c223c44ffc.jpg,8,,176528
55f48cd8e8dc0456.jpg,8,,176528
5689f255c4674074.jpg,3,,84689
5436e7812e837f01.jpg,8,,176528
38e0098780dec22f.jpg,4,,126637
55132238711be111.jpg,6,,151942
06cc3fcf592e5adb.jpg,8,,176528
0f611b492b02da3c.jpg,9,,177870
3dd33974d2e47042.jpg,2,,83144
51914266eceae2ea.jpg,7,,171772
4562f158bc18bb9c.jpg,9,,177870
0459b443cffdc608.jpg,0,,20409
230d1621aee33064.jpg,6,,151942
1676fa3a2268dcb1.jpg,9,,177870
2d0434426fc6f268.jpg,2,,83144
0b84fb3c4f791b71.jpg,4,,126637
42b4459a6fc63d42.jpg,10,,192931
354f453dc1e6f535.jpg,4,,126637
14f9e68751e1aff8.jpg,7,,171772
3d5b3f9610914e43.jpg,0,,20409
2bdda6ff60ae6a09.jpg,1,,62798
261397d766ab6595.jpg,6,,151942
27dd615febf28d1b.jpg,3,,84689
0d3be49b659d57dc.jpg,2,,83144
2dce22f32ac3f9d2.jpg,8,,176528
2768cb8f50f43516.jpg,9,,177870
12831ceb28166c58.jpg,5,,138982
0d4b5c155cc5cfc1.jpg,8,,176528
0546e68b21fcbeae.jpg,0,,20409
3dd13d5e6fc1f720.jpg,1,,62798
3908747eb50de4d2.jpg,9,,177870
3ab5c587f8dee612.jpg,2,,83144
4d65f3a06d400172.jpg,10,,192931
02f48e3ab47e4307.jpg,0,,20409
4836b7866f0ef1ba.jpg,1,,62798
03140835100d43d4.jpg,9,,177870
0f571cb262d794c3.jpg,4,,126637
005d672c14063483.jpg,5,,138982
368b04a495349e5b.jpg,3,,84689
517c31532f5a9b5a.jpg,9,,177870
1675c9d024f2b4de.jpg,2,,83144
03fffa241c44e185.jpg,10,,192931
49e9a11978cb6927.jpg,1,,62798
4ef604b67885b187.jpg,6,,151942
2cdf58eb85686771.jpg,9,,177870
3d7e0c2e06bcc44f.jpg,9,,177870
5445d4686dd87023.jpg,4,,126637
39c99efc1dfee1a3.jpg,2,,83144
53a6297940c90408.jpg,10,,192931
41a49d432c951dca.jpg,8,,176528
04c4444ab25fc811.jpg,7,,171772
157f4abc2151d646.jpg,5,,138982
2db84729a74d8356.jpg,8,,176528
17302286a24f2731.jpg,6,,151942
4b2eca281ab36ae8.jpg,9,,177870
16c6911acd8e5e40.jpg,5,,138982
0318be5583e8c2fd.jpg,2,,83144
088576ceb379cc2a.jpg,5,,138982
27179a8a88e0ef1d.jpg,6,,151942
0b7681dc850bd97f.jpg,4,,126637
304fda91bff0999c.jpg,2,,83144
3aa47f986f6ae5bd.jpg,8,,176528
1559bde158b5068d.jpg,1,,62798
39d63c2f2a02af33.jpg,0,,20409
3ca38390730d3e69.jpg,3,,84689
390bb1e051693182.jpg,3,,84689
0b797cfb12e06507.jpg,0,,20409
058d4e1658fd7923.jpg,7,,171772
2474447a25a6d2cf.jpg,0,,20409
2de60d171833c735.jpg,4,,126637
13efb01ad048588d.jpg,1,,62798
4a43bc490fb9f163.jpg,0,,20409
00ecbfa13b03267b.jpg,4,,126637
2fc4351fd6c9b0b6.jpg,7,,171772
390a0c37aa31e316.jpg,6,,151942
42003f235db25e2b.jpg,9,,177870
3251f58b4e61cbbf.jpg,3,,84689
0d1b8b7f6de97632.jpg,10,,192931
09e7733d3c053d68.jpg,5,,138982
49f81cbd78a66de1.jpg,10,,192931
075c3ecde87a451c.jpg,1,,62798
4e20b7b163336d7f.jpg,10,,192931
29fb5bcfccefe035.jpg,4,,126637
313ba3825fe71d44.jpg,7,,171772
0f07f07ce98ddd75.jpg,0,,20409
0f2ef6595c7848b6.jpg,4,,126637
33c46badbfe2518e.jpg,10,,192931
24e19bb3ac4c651c.jpg,4,,126637
44e82e5b9050dc5c.jpg,0,,20409
2e46ac5946cc6b03.jpg,2,,83144
2a7fdb2f7a5299d3.jpg,0,,20409
0eeffce5d9bfcfae.jpg,0,,20409
215d691ffb6d7d42.jpg,1,,62798
4865accf444e0489.jpg,1,,62798
411eb5e9c5922877.jpg,1,,62798
4b20a6e76c4d897d.jpg,5,,138982
04eec9ca3fb0b8ee.jpg,1,,62798
582f0e499bd1283c.jpg,10,,192931
41c7c801c3b1088d.jpg,4,,126637
54d325396e885085.jpg,0,,20409
2fbb6708fc981575.jpg,3,,84689
49b3ccb1556b0baa.jpg,0,,20409
14e7574ccc23e6f2.jpg,1,,62798
26941a50f9cae476.jpg,8,,176528
23d8511da6c436fb.jpg,9,,177870
3c742d05c56689c3.jpg,8,,176528
4d81c3795fc205f3.jpg,4,,126637
226b17979882616f.jpg,0,,20409
04c3e9b17e37a8c6.jpg,8,,176528
33d6111de67cbf38.jpg,2,,83144
05b21c07d95f3ef7.jpg,9,,177870
16308b2dd82629d7.jpg,10,,192931
153f2e05c6c62007.jpg,5,,138982
2f67015a62a85674.jpg,10,,192931
0ee343ea949eab29.jpg,3,,84689
04ff8482463124b1.jpg,0,,20409
021a89cf7eb6c5f6.jpg,0,,20409
4b5480fd14ff04e2.jpg,1,,62798
123d821e39bbfebf.jpg,5,,138982
15026526453cebf1.jpg,2,,83144
140a6af004c74c5e.jpg,10,,192931
2a89b23819cac709.jpg,4,,126637
3834d85dc79ec81d.jpg,9,,177870
00cd3cd816e56e2b.jpg,0,,20409
087887bbcb4eceb3.jpg,3,,84689
3b8039fc9c95d0d3.jpg,5,,138982
3a28147f31c447a2.jpg,1,,62798
27238253be85b9e2.jpg,9,,177870
45816d6d54c96c14.jpg,8,,176528
4f5eb13aa2a80892.jpg,0,,20409
2f77cef24ee38e34.jpg,8,,176528
4b308afbd5fd3ed6.jpg,5,,138982
25cb5196efdd62f3.jpg,7,,171772
43f26953635940ea.jpg,10,,192931
01aee9e663ef38e4.jpg,5,,138982
00312ce8b6d3320d.jpg,1,,62798
568d4535fa583cda.jpg,3,,84689
38b921cf7038c4dd.jpg,1,,62798
46e7bab006019c2a.jpg,4,,126637
4cd501753a0571f2.jpg,9,,177870
0ba4ceff37de27a6.jpg,4,,126637
55144574c5919d2d.jpg,10,,192931
03fe0e4a1085d949.jpg,4,,126637
01947ea9be045448.jpg,5,,138982
0a5d5a46f12c2654.jpg,7,,171772
10e7db39982cec61.jpg,9,,177870
0c8b6da29adb44f8.jpg,4,,126637
0f464dda209bbd67.jpg,2,,83144
2fc1915fa0a847f3.jpg,10,,192931
048041f08d9c30ad.jpg,10,,192931
36e413af18c81063.jpg,7,,171772
39802edc4c1a0257.jpg,0,,20409
50272637fc12decf.jpg,6,,151942
3e1ed9493f6f00a4.jpg,4,,126637
0cc66886651d576f.jpg,5,,138982
14f2b1cd1b29ba41.jpg,5,,138982
3a1d7db1cbcaba0d.jpg,1,,62798
0b00dad1b9766ed3.jpg,9,,177870
0218f6c3e56d205c.jpg,9,,177870
2e78259864bb4206.jpg,1,,62798
4c44b380470c124f.jpg,0,,20409
52d00cfa4bd923e5.jpg,9,,177870
06f1cdc7145cd40c.jpg,5,,138982
2e92b85fe264d2ae.jpg,6,,151942
53a05581cc608324.jpg,8,,176528
321b880ee9fbe40b.jpg,4,,126637
44cc0157c84db0bc.jpg,7,,171772
087086a674e25744.jpg,9,,177870
4c97fb2ef6b6a076.jpg,3,,84689
264263fa6a3666e7.jpg,10,,192931
42038de30e22f00b.jpg,7,,171772
2ca78c837da6af0c.jpg,6,,151942
474ebe4c56c8253a.jpg,4,,126637
159b48c6820039fb.jpg,10,,192931
4ba70961e25118b1.jpg,10,,192931
242cee6e365c1995.jpg,2,,83144
5569b7c017f40778.jpg,7,,171772
4f6ff39b1038f3dc.jpg,10,,192931
0b277dd8015064f7.jpg,8,,176528
4ef25bbf84f21f4e.jpg,9,,177870
06c4d766041323f5.jpg,8,,176528
0c492b3748de86d7.jpg,8,,176528
06b2f928e6960367.jpg,8,,176528
0fe64c5e24493aec.jpg,4,,126637
138e258664e44944.jpg,2,,83144
32b0c9a85e1df8fb.jpg,9,,177870
2b276581d01df9c8.jpg,3,,84689
2d5c24ed02d4d410.jpg,8,,176528
4c95649cf350dd72.jpg,1,,62798
4c5784d1b696e508.jpg,7,,171772
348f27b21a3eec4e.jpg,1,,62798
2e7f6ce9f38266dc.jpg,1,,62798
277c7945c3c54e15.jpg,1,,62798
3372c4d64484685d.jpg,2,,83144
22c99d347ce30297.jpg,0,,20409
4c3f1acf0f8459f7.jpg,2,,83144
3d3d0bed666c0651.jpg,10,,192931
435de2c32f6a60ed.jpg,4,,126637
05a8bc6346ea88ae.jpg,0,,20409
5623e5cf8885f299.jpg,0,,20409
168f5f168ed7b5ec.jpg,6,,151942
4515362a338ed728.jpg,9,,177870
398e53c572e5ec40.jpg,2,,83144
1637094da3bfdcf4.jpg,9,,177870
2681c0d62835f330.jpg,10,,192931
36e83e12f8fc22d9.jpg,1,,62798
50c7aa1f42d8e644.jpg,6,,151942
0d735cfafc4cac3d.jpg,6,,151942
342a1b807963c860.jpg,10,,192931
4277b00d9d5f1cdb.jpg,3,,84689
01afde02d502c9f0.jpg,2,,83144
5660e9eaf5528258.jpg,7,,171772
072275c90715b40f.jpg,9,,177870
17f8e9e457e31a85.jpg,9,,177870
457056e45e81ebc8.jpg,1,,62798
4fe06b9e1654d741.jpg,9,,177870
1315ae21d763a88e.jpg,2,,83144
27c3e30ab6b5b827.jpg,5,,138982
154a1b5606e35fd4.jpg,3,,84689
25f35c65b780e220.jpg,5,,138982
04a408ed93f9219c.jpg,8,,176528
272298bb2cf475dc.jpg,3,,84689
23dcbac08bb88c18.jpg,4,,126637
435dc47baea2859e.jpg,9,,177870
2e8b48e77dcd62f0.jpg,10,,192931
3624e4040d562f0d.jpg,10,,192931
28d6da60967a1967.jpg,5,,138982
16bba03f1c7098ec.jpg,5,,138982
29ec98f2459ce0e1.jpg,4,,126637
0718c4f41468ba92.jpg,7,,171772
044a6880df80b9b6.jpg,10,,192931
183dd64587385394.jpg,10,,192931
421a9ea4b5ccf402.jpg,9,,177870
3c0424cb90a2d235.jpg,4,,126637
08d8ecd833c5a846.jpg,2,,83144
2db7da528fc49ab9.jpg,9,,177870
14db31f797d5f2e5.jpg,0,,20409
28702d816b0cc91d.jpg,0,,20409
5360031782c1361e.jpg,8,,176528
4c87291ce614a3d3.jpg,2,,83144
439c1e1b5b97767c.jpg,3,,84689
0758f9dc2389e19b.jpg,7,,171772
46ccb7a99b484165.jpg,1,,62798
11a62b2ff5c5e812.jpg,3,,84689
3d7b0dd81edaa661.jpg,7,,171772
27786c9658d6929e.jpg,8,,176528
0c89a819fd4cc7ba.jpg,1,,62798
520fc5df01d995df.jpg,4,,126637
2b77f65e399f5850.jpg,10,,192931
2529d2a5ba5b428c.jpg,3,,84689
2458f0a6fb704ecb.jpg,5,,138982
3d91bd4e7097a4cf.jpg,5,,138982
153e5de57bd3e2f9.jpg,9,,177870
381abfb3bdb16836.jpg,3,,84689
4a9a4472c894c133.jpg,10,,192931
2e1a6af5e1ddd6b0.jpg,8,,176528
3e303c24d751d931.jpg,5,,138982
1127427b31eaae76.jpg,10,,192931
41a6267670e4e9c5.jpg,1,,62798
054c8b018b0fdfce.jpg,3,,84689
18747ef9f2d6a260.jpg,3,,84689
422a6f65f992084e.jpg,6,,151942
2cf5d95c66e84d72.jpg,10,,192931
091a3e6353fc4b02.jpg,1,,62798
186ee2d17e3ccf6c.jpg,6,,151942
421abb40c1378f28.jpg,5,,138982
312b407df8276698.jpg,8,,176528
1564c8364f2b2fef.jpg,7,,171772
5449c67076600ec9.jpg,5,,138982
05d219c3e403c173.jpg,4,,126637
0053c9bc80c2001c.jpg,4,,126637
143e9f88261d9b90.jpg,10,,192931
37c0ed0ba6e4181a.jpg,9,,177870
16297d2978c0954c.jpg,1,,62798
4df537f5ba808662.jpg,2,,83144
2d2cbd628d09c132.jpg,6,,151942
176d603919f34aa6.jpg,0,,20409
22b567427e80d90c.jpg,0,,20409
5420672fc009100c.jpg,4,,126637
3bb743750b9e5de9.jpg,3,,84689
25ebff1626060579.jpg,7,,171772
17fe675123e5aed6.jpg,4,,126637
42cfb1b80b4100f0.jpg,4,,126637
27a83e68810bb234.jpg,6,,151942
149105a797be52e6.jpg,2,,83144
044d740cece1e694.jpg,1,,62798
183563030cf4361e.jpg,9,,177870
1290955618e5c9f2.jpg,7,,171772
2bc261c50fadff01.jpg,10,,192931
0bfbec7cf22e63cf.jpg,2,,83144
0ae5948b203a4a17.jpg,1,,62798
49097eea716d2884.jpg,1,,62798
559c681c9eaa64fd.jpg,2,,83144
079ed39bceebccdd.jpg,1,,62798
4a615a16577a6591.jpg,5,,138982
3494e7f81b50a25d.jpg,4,,126637
0a3e6fa146bece0f.jpg,0,,20409
0c6b4a6a744cef57.jpg,2,,83144
2b86caaaaf2880cf.jpg,4,,126637
44a4def1f8686185.jpg,0,,20409
03ca23b140bd5726.jpg,7,,171772
020319d3a1ee3b57.jpg,6,,151942
28f1f79b6256599e.jpg,8,,176528
3e0c69db9872f409.jpg,10,,192931
122cd8cb56043cd6.jpg,5,,138982
4a8f01e27a4eb3b9.jpg,4,,126637
136c5944e76ebbbc.jpg,5,,138982
2c840e91a82a2a55.jpg,7,,171772
36cc52c6026f9909.jpg,4,,126637
00cafbd80feacdc7.jpg,1,,62798
069382075a96b5bd.jpg,0,,20409
03e586e85b89ece7.jpg,1,,62798
505c844f630b2ab8.jpg,8,,176528
29bc80ccd9452776.jpg,6,,151942
062064a7bdf7b504.jpg,7,,171772
33fddd58daee0b00.jpg,0,,20409
3c6edc7d9b88b924.jpg,10,,192931
359c3a0686246f27.jpg,2,,83144
52fe3b919fe3bbf5.jpg,3,,84689
11240f705315ef20.jpg,0,,20409
1371ded3d4cc2b11.jpg,1,,62798
3a6b118b275a2241.jpg,7,,171772
583c88d0276287f4.jpg,2,,83144
088aab34b12f8fe2.jpg,10,,192931
2e5cd5278a1bb682.jpg,4,,126637
4818f58a354fc996.jpg,1,,62798
4fc4d854377900d1.jpg,0,,20409
17f181c1309ddf7a.jpg,10,,192931
27034d1b9560473e.jpg,6,,151942
36930f6559158437.jpg,1,,62798
460aa671ac09d380.jpg,9,,177870
2891d1ff6b32b1c3.jpg,5,,138982
504d657cf2a76c13.jpg,5,,138982
1871f13f6407aed9.jpg,7,,171772
343368aff60d04a1.jpg,4,,126637
3d09d99a038e2bc4.jpg,7,,171772
0951fcba2d873d7d.jpg,9,,177870
4c341668233976b1.jpg,1,,62798
34bf8017a07deca1.jpg,5,,138982
02d56893e841d09f.jpg,9,,177870
49ed4f9d522a2184.jpg,2,,83144
10356972b126a7df.jpg,9,,177870
245e6b68d735c191.jpg,8,,176528
4d7c8769518027fd.jpg,5,,138982
2c799a040f206ebf.jpg,7,,171772
4dfe316d573d28e7.jpg,8,,176528
460fc291ec27b2a3.jpg,1,,62798
084fc1358daae3f3.jpg,5,,138982
3a19bd835c828418.jpg,9,,177870
43bec2b42650b44d.jpg,1,,62798
51f55bfb0513caf1.jpg,2,,83144
4bc653e7a7050a4a.jpg,2,,83144
2758bd4594efc7b7.jpg,0,,20409
0fa1ff0ecfdca1d4.jpg,9,,177870
16e64031de7855c4.jpg,8,,176528
46f4f513c1a66f10.jpg,1,,62798
396e400d76f98dad.jpg,1,,62798
4c91a34b04b623c5.jpg,2,,83144
5295bb30de4c2b5e.jpg,4,,126637
0560b5c41af4f16d.jpg,8,,176528
2df4e5ff155ffe69.jpg,8,,176528
39960133e71c1c3f.jpg,3,,84689
3bd88c72c337fdd9.jpg,3,,84689
2bd18e5488db542f.jpg,5,,138982
24e02d089ff0f466.jpg,9,,177870
385fd5b5de4ff5d8.jpg,8,,176528
48878c46ae2f8100.jpg,4,,126637
3c90f61ee193ed67.jpg,4,,126637
35d9697a48462e84.jpg,10,,192931
02d8ddc20b654e08.jpg,8,,176528
34bc9b84b560c058.jpg,7,,171772
31879c1a8694c29a.jpg,4,,126637
2a7052379c417868.jpg,1,,62798
0ab92471d141542e.jpg,10,,192931
55f5ac0192f08c4a.jpg,9,,177870
0138086e5fb24915.jpg,6,,151942
43a9f88182db105c.jpg,7,,171772
11e3895f727f2573.jpg,10,,192931
2796938340e18ab3.jpg,5,,138982
2fefd1e75dfb94b1.jpg,3,,84689
2efe683ff103b964.jpg,0,,20409
02ac09226e436c27.jpg,0,,20409
331f6ee821bf45c2.jpg,7,,171772
3974dc0fbc12b5f7.jpg,10,,192931
29dd8416c9310452.jpg,2,,83144
3cd731a2dc38770e.jpg,2,,83144
087b94c079d87fec.jpg,3,,84689
0662e65f5cfd9dcc.jpg,0,,20409
21b5d3af8c52da63.jpg,4,,126637
231b6d2fd990fc9b.jpg,9,,177870
41cab4c77bd190cd.jpg,10,,192931
25f5fb05f1e81099.jpg,10,,192931
218ac9348c23d11f.jpg,10,,192931
37b357f4ff2eeb63.jpg,0,,20409
12b71473cdadd9cf.jpg,7,,171772
4adac3389a7236cf.jpg,9,,177870
2a158f4d67a1a7e7.jpg,6,,151942
5394c6a4cab236b2.jpg,7,,171772
5382b9b66ee48c8b.jpg,1,,62798
340ba7721520bd5b.jpg,7,,171772
2bd4cbe6887e93c8.jpg,4,,126637
0027e91121bc9db0.jpg,8,,176528
5385525186bd7807.jpg,5,,138982
2fbf5d2c1c9a8a58.jpg,6,,151942
0cccd425ed380a1d.jpg,10,,192931
2f47b01f30971cae.jpg,6,,151942
1402c7b0ecc08726.jpg,0,,20409
22c1b2601fcaa58f.jpg,10,,192931
43520f634297f3e7.jpg,1,,62798
4b0be26d6a699662.jpg,1,,62798
01291c6bf6bbb648.jpg,1,,62798
390dc0e3f5556efb.jpg,10,,192931
43955bf062d191d5.jpg,5,,138982
07ea6d7f536783ab.jpg,1,,62798
46118852822265f9.jpg,3,,84689
4402ee02f5e9031f.jpg,1,,62798
4d4c9f3ea65bbcdd.jpg,8,,176528
42342d7d8cd153a0.jpg,4,,126637
3164d50edbbb80a3.jpg,8,,176528
2d85731b2cb9fcef.jpg,8,,176528
2b92de5b817327cc.jpg,7,,171772
4916a311895f05e7.jpg,2,,83144
535e496f0a3f1f68.jpg,7,,171772
0c9c5920283571e8.jpg,8,,176528
24c9bd111a8ee30b.jpg,6,,151942
46b0b1a8311b0b54.jpg,8,,176528
31184ec44d900e3d.jpg,4,,126637
084a39c159816d7b.jpg,7,,171772
426db26160a85f85.jpg,7,,171772
3307009b37872778.jpg,4,,126637
0566baf153f7c1e9.jpg,1,,62798
0c4506ba0d604ac1.jpg,6,,151942
4dc125489e579186.jpg,0,,20409
239fa67d0e994dfb.jpg,0,,20409
134f46a09086820b.jpg,4,,126637
2afa6c39b5ca506a.jpg,0,,20409
4c08f01320f4e006.jpg,4,,126637
41967d6eef088be1.jpg,6,,151942
48f694e1f90318d3.jpg,9,,177870
3a4da25a824aaac4.jpg,1,,62798
5266913947ca844e.jpg,4,,126637
43fb7d3d13b0217b.jpg,1,,62798
17a70231a73f44f4.jpg,5,,138982
4c4d0b6c7cceaa34.jpg,5,,138982
33be5bf50dfb2524.jpg,5,,138982
4b2e088d9579c7bf.jpg,8,,176528
3e006b85b2dae928.jpg,10,,192931
3743ee6d125a00e5.jpg,9,,177870
52a5699021223ec4.jpg,7,,171772
44ab89069b0a0023.jpg,0,,20409
1161074de90ff8b3.jpg,1,,62798
09b7c070f4a62e0d.jpg,1,,62798
0bf4605df7fd6dd5.jpg,7,,171772
3a0fe52b19d4ae61.jpg,10,,192931
10e4a9e086fb7079.jpg,10,,192931
4dbf3113f5ae967d.jpg,7,,171772
0e7a16d53ed9ddb5.jpg,2,,83144
171018d4917a068c.jpg,7,,171772
1363d758b2ae5b81.jpg,4,,126637
3a9bc1b97ab88f8b.jpg,0,,20409
489d72ed33b053b8.jpg,3,,84689
15d715d7edeed5ab.jpg,10,,192931
4706b48fc7ba243c.jpg,9,,177870
0e6d1dea53437c1d.jpg,5,,138982
4efaee80a77f48bd.jpg,2,,83144
414fe482a3dac37f.jpg,2,,83144
4d166530700823b6.jpg,0,,20409
29fb67b2443f9e65.jpg,7,,171772
3830d6868101960e.jpg,5,,138982
07ebd686338c76d8.jpg,0,,20409
12216601d2693e04.jpg,6,,151942
4b2176dd6d09948e.jpg,10,,192931
0065359934111e0b.jpg,7,,171772
0852c06d5d9ba7f9.jpg,10,,192931
4e5e0ccbe85c6e89.jpg,8,,176528
12b8c1de719acdb6.jpg,10,,192931
27781a1f6f40f797.jpg,9,,177870
32089643b5837566.jpg,2,,83144
2e90cdc2308b3478.jpg,6,,151942
10632d85e2a5eb6d.jpg,4,,126637
0ba9a757571e3088.jpg,7,,171772
2ea890866a202ac4.jpg,7,,171772
11233a7040aed88f.jpg,10,,192931
3875401114e1ac5c.jpg,2,,83144
02ea6ac32013a0e6.jpg,4,,126637
01a265c2a1ab1bd1.jpg,1,,62798
08ab807f71c95227.jpg,3,,84689
1576d74749d04154.jpg,5,,138982
468bbf5dda625e44.jpg,4,,126637
089d442439f2f8ce.jpg,1,,62798
0b48308b1720a23c.jpg,7,,171772
44ff35409fc2e85e.jpg,1,,62798
457206338176b8ea.jpg,3,,84689
429600ddde428006.jpg,3,,84689
36d91ffdecf83c03.jpg,1,,62798
542c225d8accebfa.jpg,5,,138982
3194a8465c912667.jpg,8,,176528
2c7397d9516d20b9.jpg,4,,126637
4bbe5b5d829007ef.jpg,1,,62798
0a7b753f40fedf4f.jpg,5,,138982
3590c74a1c16ae78.jpg,8,,176528
0625715da1a08c6e.jpg,9,,177870
4eb1311e00fc856b.jpg,0,,20409
31ddd162c1154988.jpg,5,,138982
3160287e29268d5d.jpg,2,,83144
11b9d3b8fa06b494.jpg,5,,138982
0b5a9b2b9c44656a.jpg,7,,171772
4d914c6af5ec194d.jpg,10,,192931
25e63d1d840e2850.jpg,0,,20409
46d9588cd15caf38.jpg,0,,20409
2cd413c2beb881c9.jpg,4,,126637
55183bf982f3f505.jpg,1,,62798
3067286ab0ad40c8.jpg,6,,151942
14c06cbb53c442ce.jpg,9,,177870
38b92d7dbbc7ea7a.jpg,4,,126637
41888c1f258d2c79.jpg,2,,83144
494eca0b76f9029f.jpg,7,,171772
165aa0f4ce229f34.jpg,7,,171772
09c85e751685c218.jpg,10,,192931
50513c7734b6f2f5.jpg,9,,177870
2360e25e8669c116.jpg,0,,20409
178b77cd90463436.jpg,3,,84689
0c58034a7d01b6cf.jpg,0,,20409
2b0a5d7bf8306a35.jpg,2,,83144
27c3d2505d22f133.jpg,8,,176528
2e8847347c4d2553.jpg,7,,171772
50ed1414f47894b1.jpg,1,,62798
0da622d3ba2d94b1.jpg,4,,126637
4f4c5f37919586b3.jpg,3,,84689
0b9ef10251074ef3.jpg,0,,20409
31959aaf1f307975.jpg,1,,62798
443f0d9a41da1b47.jpg,0,,20409
27b4d1906546c173.jpg,8,,176528
2f42f3dfb74c5f1b.jpg,2,,83144
3a124aa05d762cfd.jpg,6,,151942
4398906b167e763f.jpg,8,,176528
4b0161d1048e7299.jpg,10,,192931
35b2ca12f2f0390f.jpg,8,,176528
11a0fd169197b31b.jpg,4,,126637
055bf12a889d8887.jpg,4,,126637
07faabd8151b8b20.jpg,9,,177870
151a603dad43e747.jpg,9,,177870
2e82a44d395445a3.jpg,9,,177870
0da72734bd929fca.jpg,9,,177870
17a43b405914da01.jpg,10,,192931
3173922b9f5b9384.jpg,2,,83144
464ae6679c89030e.jpg,1,,62798
09daa9e2a30d0d85.jpg,5,,138982
4b01b01771e6ac41.jpg,8,,176528
3d3a7577b49e2c8e.jpg,10,,192931
4fe9e23db8bd1f5e.jpg,5,,138982
3a5a1eea234fb1f3.jpg,10,,192931
1693e5b5f3e3b0d4.jpg,2,,83144
448ebacc2a962f10.jpg,8,,176528
36f45338a95b8379.jpg,3,,84689
442efaacd207dc40.jpg,9,,177870
54bc76a76f02c59c.jpg,2,,83144
0f85c6a742eb1179.jpg,10,,192931
48602fd48ea0b7df.jpg,4,,126637
528f234b5e093f1a.jpg,7,,171772
2f581927fd7e74c9.jpg,5,,138982
3becb8e36cc6b7fc.jpg,9,,177870
14d52dcd5ea80aea.jpg,5,,138982
3b77e839be5233f3.jpg,6,,151942
143b6e5f7514bf63.jpg,6,,151942
01ae0057460e378c.jpg,1,,62798
085cff00a1644b3d.jpg,6,,151942
26f471d860324353.jpg,1,,62798
2a5cdc708496f72a.jpg,0,,20409
145f4e3cab10e8d4.jpg,0,,20409
552566e5b4b6e45d.jpg,9,,177870
2b70340a78b1eb9e.jpg,2,,83144
26612ed93d317ce8.jpg,7,,171772
2aa56302c9d8a90c.jpg,5,,138982
4d2a8b8ced5f6188.jpg,4,,126637
1539a0addbe58d82.jpg,8,,176528
4a5843524e5cb3d7.jpg,0,,20409
586388d9618e7c42.jpg,2,,83144
10af0bd316ed63be.jpg,0,,20409
0eda21b933aef4e1.jpg,8,,176528
48f75858bdb98031.jpg,7,,171772
2e737f98021b1fde.jpg,7,,171772
4a3d7fa705c75168.jpg,2,,83144
2a9cb1fe94d36f85.jpg,5,,138982
3ca8820318963b22.jpg,6,,151942
2b97a90ddd99e977.jpg,1,,62798
2a668563f15429f8.jpg,2,,83144
10efaded9f8f7100.jpg,9,,177870
47a49d5d58f396f5.jpg,3,,84689
305a00334ee8d326.jpg,3,,84689
378c3920a73c813c.jpg,1,,62798
52731a0a936eaf6f.jpg,6,,151942
158dd47dd6828836.jpg,4,,126637
4d148a1aa8c9139d.jpg,8,,176528
48a110e17c009fdc.jpg,9,,177870
2d44906d606679da.jpg,10,,192931
13e33fb76f851250.jpg,3,,84689
10eeebf823deb859.jpg,10,,192931
0024d95487eb0cb1.jpg,4,,126637
2dfa47485e135b88.jpg,3,,84689
0df4c4d002e2d94e.jpg,8,,176528
3588370e2e75e3d3.jpg,6,,151942
49dd119e4fd3bb69.jpg,1,,62798
099cc7045b01699c.jpg,8,,176528
0191e313ff5d65a0.jpg,1,,62798
166e354d23dddbc5.jpg,5,,138982
43b6b39b6dea9f74.jpg,10,,192931
46493a03d36b738a.jpg,1,,62798
55818b3dcea36110.jpg,4,,126637
29435c3471e26802.jpg,7,,171772
4dfa2e26d5935cb5.jpg,1,,62798
03fc4c1041633a28.jpg,10,,192931
4c0b088d9d505d16.jpg,4,,126637
3ccad13abb4434ca.jpg,8,,176528
0819501cbbb4a3dd.jpg,3,,84689
28b7a2571eb6a65e.jpg,10,,192931
11272923688caa02.jpg,1,,62798
23a14e1bf9549dea.jpg,1,,62798
2e4f0dcdf9af98d3.jpg,0,,20409
10d0d97374cd3dba.jpg,3,,84689
3a70f7ef40fd9415.jpg,10,,192931
2b479e092bc33ae1.jpg,3,,84689
0016ffc671eaa46a.jpg,7,,171772
338193f3f5ffd36c.jpg,5,,138982
0093ab3d328ec8f4.jpg,10,,192931
54cafd83cadfd42c.jpg,4,,126637
34c35fd9dd2ced5c.jpg,8,,176528
14a77a46d0fdb12e.jpg,5,,138982
04e12032ce67da90.jpg,0,,20409
0764751f5b8061a6.jpg,7,,171772
0f62af8a63ade3db.jpg,9,,177870
12f7914bd68e5729.jpg,1,,62798
4df123ef2af115a8.jpg,10,,192931
36677cdfcae196b1.jpg,8,,176528
2819ff7ec900e238.jpg,4,,126637
4290a825d5f8fdcf.jpg,10,,192931
47ade6c6ff9cc4fb.jpg,7,,171772
5843a4ecb9ca960a.jpg,10,,192931
2602a93d6061b25f.jpg,1,,62798
4aa0ad3da3ed3f6f.jpg,10,,192931
136dc895c1225c3a.jpg,2,,83144
0dc07a9076b6ac1a.jpg,10,,192931
3b291c7cd324eda6.jpg,5,,138982
17034fe67e4d99b7.jpg,8,,176528
34e32fc6abd8cc34.jpg,5,,138982
219aedfca65c1627.jpg,2,,83144
3611ab86ad3788d5.jpg,2,,83144
317e1fe3f058dc42.jpg,2,,83144
2f9139f777407282.jpg,0,,20409
4592a1f5286b3df5.jpg,8,,176528
44b7926af036a3f7.jpg,8,,176528
099d8651d782e012.jpg,8,,176528
455e2f67e4c83712.jpg,3,,84689
1798333b646fdf4e.jpg,4,,126637
2553267eefb98959.jpg,8,,176528
010d258e032aa575.jpg,5,,138982
0ac52f53744a8bdb.jpg,9,,177870
3e188435e1648172.jpg,1,,62798
43446f79bd0851db.jpg,9,,177870
27bd725cff8abece.jpg,9,,177870
3810f055d7444470.jpg,3,,84689
3a94901165af817c.jpg,5,,138982
16a85feb972dd997.jpg,7,,171772
12f8672414c6bd10.jpg,8,,176528
39469657bedcf76b.jpg,3,,84689
02bf5c7cbf6e89f2.jpg,0,,20409
48e270e926bf76ba.jpg,9,,177870
17fc49da3b8ae9a0.jpg,10,,192931
0d6207cd791ac361.jpg,6,,151942
3117d3b1e2a813df.jpg,5,,138982
441aac5d57cce945.jpg,8,,176528
3cf240128a560da3.jpg,4,,126637
166424e61689a55a.jpg,8,,176528
511ff57bedb272f1.jpg,2,,83144
253251905d00932d.jpg,6,,151942
01a1c3c6ff3ebf36.jpg,0,,20409
14bd09dbcb8bff86.jpg,0,,20409
3d21aa95518c20e0.jpg,0,,20409
0913780ed0533292.jpg,5,,138982
0fd857bcc936fb51.jpg,0,,20409
2813162491757954.jpg,2,,83144
337e41bebe74a0e0.jpg,7,,171772
0b2a78f3468595ae.jpg,6,,151942
149daeb72ebccc59.jpg,4,,126637
31b3c052779bba95.jpg,3,,84689
05544ebc9bb2b31b.jpg,9,,177870
469d370bdc698af0.jpg,3,,84689
4dd4afcfa2588186.jpg,9,,177870
4d3d83ea666136b8.jpg,6,,151942
3b905d78e131233d.jpg,7,,171772
2609d8b4b4e08660.jpg,1,,62798
2fb24d0d673e6756.jpg,1,,62798
0e5287f499b61d9e.jpg,4,,126637
5633fe84de0dd2ca.jpg,0,,20409
29f2bb5fe409c9b0.jpg,5,,138982
0a768b145eee4ac7.jpg,5,,138982
01e3e9782a2fd7ee.jpg,0,,20409
391aaf39def10706.jpg,5,,138982
168b3e16834ecb3d.jpg,4,,126637
2879f8254e69aa61.jpg,4,,126637
3c476ecfdc5bdfa9.jpg,1,,62798
4db26e16f447e626.jpg,7,,171772
499f1845667ac875.jpg,3,,84689
295ba36e39dfa75f.jpg,5,,138982
3e400f0a3f75aff0.jpg,0,,20409
29fe8ec8a7d4426c.jpg,9,,177870
0680f9da96e92b7c.jpg,4,,126637
346b578d7d5c21af.jpg,0,,20409
3a93c8a8cc6e4f3c.jpg,8,,176528
4be7f4ddeaedfefd.jpg,0,,20409
125e41e04da56250.jpg,4,,126637
0436e8b11c1feecc.jpg,8,,176528
3529679643a11171.jpg,10,,192931
37c3113be7f41341.jpg,3,,84689
02aabc648543a577.jpg,8,,176528
10c3830ccc3a711c.jpg,8,,176528
2b65f2aacb01a976.jpg,5,,138982
312e5ae9810b865a.jpg,5,,138982
075fe4fa7a2c8d2d.jpg,10,,192931
4e1adc3e740609f3.jpg,9,,177870
1613ba97d6c7a763.jpg,1,,62798
16be9b6e7ff02ef3.jpg,4,,126637
52ad4954cb206e58.jpg,5,,138982
29adfdd509e9127e.jpg,0,,20409
44d23ff93664e327.jpg,0,,20409
541d7f4ab06e8d90.jpg,8,,176528
115eb0804841aab3.jpg,4,,126637
0934a01d250623f1.jpg,8,,176528
2a81956ed44a5189.jpg,10,,192931
36d100bc9ce7691e.jpg,4,,126637
160ad17e257ae44d.jpg,5,,138982
177b4b3143dc2b39.jpg,7,,171772
3c3ed16e756d05b3.jpg,8,,176528
52558bebba6a3590.jpg,2,,83144
0121b9454eb23937.jpg,6,,151942
427762e7e18a5623.jpg,4,,126637
3d9d88c449679d60.jpg,3,,84689
22a2a1097eaf006e.jpg,4,,126637
4d8945b78627b596.jpg,1,,62798
17314884c01e786d.jpg,0,,20409
44544bbeb9bc6bfe.jpg,0,,20409
066f63d5f7deee11.jpg,10,,192931
21711d3cc1c8a59e.jpg,10,,192931
066a7f2debf39997.jpg,7,,171772
3a791d0c992625c2.jpg,6,,151942
37181d155b854dd8.jpg,9,,177870
25964f17bab7cb91.jpg,2,,83144
146571aebf2a1350.jpg,10,,192931
2b2427163790d49e.jpg,2,,83144
507680a3a03d5c14.jpg,2,,83144
3a591d9bb1077a1d.jpg,8,,176528
0b267d0639c9e4bc.jpg,7,,171772
1408315ec34c4677.jpg,5,,138982
4fe68d344acefc84.jpg,2,,83144
164008ed78669c42.jpg,5,,138982
4ccd2be5078577be.jpg,1,,62798
129e23baa53955ac.jpg,3,,84689
29549433940c5611.jpg,1,,62798
055ef43fcb784840.jpg,2,,83144
4e92efe78b390b28.jpg,7,,171772
52652180a292c43c.jpg,0,,20409
23eba5caa28df2cb.jpg,9,,177870
2b60c58288925479.jpg,7,,171772
088e539f79856ecf.jpg,5,,138982
12b140c65776c92f.jpg,2,,83144
4d2ba43790eeb942.jpg,10,,192931
343704ccba210f18.jpg,2,,83144
0081cb817ae78df9.jpg,2,,83144
215c703744a8a1fb.jpg,0,,20409
42917158ee42e9ef.jpg,1,,62798
42bef88041da4aaa.jpg,5,,138982
3256de9e1a173c58.jpg,5,,138982
529dc4f36520a6a7.jpg,1,,62798
356e097f7df2ebe7.jpg,3,,84689
3655eee78a5b99ef.jpg,7,,171772
355c8407a3984c1b.jpg,6,,151942
39c6f214d4004c1b.jpg,6,,151942
4661b33f259d8a35.jpg,9,,177870
52373e8cdbadfb15.jpg,2,,83144
08b930fa53984877.jpg,4,,126637
53a272715aa5f569.jpg,6,,151942
0f6dca4284cce1c4.jpg,8,,176528
0af56c7aa9d415e9.jpg,6,,151942
2cea70589e9c01dd.jpg,7,,171772
0d48a5628e237351.jpg,1,,62798
311c2bd188c7935f.jpg,2,,83144
03e94dba37fb0b54.jpg,2,,83144
2b4203f9796f5fb2.jpg,3,,84689
291ef8fc6dad86a6.jpg,4,,126637
3a4bfbe586de4978.jpg,2,,83144
385c42373b94c45d.jpg,0,,20409
2e4cb34884ac98aa.jpg,1,,62798
3164e0e8d8422793.jpg,4,,126637
46a4615e64ecf5ce.jpg,6,,151942
018a8cf0f1e9890c.jpg,8,,176528
4d3f463d74edab26.jpg,4,,126637
08b8a3818176e0b1.jpg,9,,177870
0e6f6eff278f021e.jpg,7,,171772
372bb05fa2869bed.jpg,10,,192931
451388d56fed6a56.jpg,0,,20409
2c3d0d0f0551165e.jpg,0,,20409
14c5852042aa5647.jpg,9,,177870
0ae9c28c1f8dfd8d.jpg,10,,192931
126b7e7322bd2adb.jpg,2,,83144
3235dce17093b7fc.jpg,9,,177870
17d2f6c716146e39.jpg,10,,192931
582c7aa488cac93a.jpg,7,,171772
4cd7fe47db8c7efd.jpg,7,,171772
0720a4fac0e504bc.jpg,5,,138982
3b2c32ac32d4796f.jpg,6,,151942
4a1c3a64f999f58a.jpg,1,,62798
55f1e17ef702723d.jpg,7,,171772
4582c5200ec8ee94.jpg,1,,62798
4e525fc747156910.jpg,5,,138982
14c91015ccc73a79.jpg,8,,176528
0eea723adac7b94d.jpg,8,,176528
4d17d167ca876c60.jpg,1,,62798
3aeb07e04ec4b188.jpg,6,,151942
558c630cc00ecfa3.jpg,9,,177870
41393c0bf994ad25.jpg,7,,171772
0561bab1149dbcd6.jpg,4,,126637
50048d2a5fe55a46.jpg,6,,151942
0fa3f4da66ce6eaa.jpg,2,,83144
0b4189ce0a19a726.jpg,6,,151942
437d67f625e4e98d.jpg,8,,176528
246678000628ca25.jpg,8,,176528
4ccaf604ef317bd5.jpg,1,,62798
003fe9bccff65d1f.jpg,6,,151942
06d62a5d396deb50.jpg,1,,62798
28b88f193a77694e.jpg,1,,62798
32f4026c56129833.jpg,4,,126637
3c032b5c48babcb4.jpg,7,,171772
4f0ca98ef5ffed48.jpg,2,,83144
07a6ce77ba3e916e.jpg,1,,62798
3debb3dba7e446cc.jpg,4,,126637
23e92dd39901c311.jpg,1,,62798
2f59b1b0ff81cc8a.jpg,2,,83144
543375096c8430ee.jpg,7,,171772
487379fb2ffc2350.jpg,1,,62798
28bed7c95be2dae3.jpg,10,,192931
13c89c7bff1051fa.jpg,6,,151942
05a8cfd1adced088.jpg,7,,171772
0e9a726dfec7a112.jpg,1,,62798
236a2107607eebd0.jpg,8,,176528
2a56266dcde8cc2f.jpg,6,,151942
3d78141e97042185.jpg,0,,20409
32f91a6883346fba.jpg,5,,138982
0f49932bfe6ef0b3.jpg,6,,151942
12975ce7035eda06.jpg,3,,84689
0244e3219332d425.jpg,10,,192931
4c8002311cf05632.jpg,7,,171772
2c3a753f315e5804.jpg,6,,151942
430399967b316169.jpg,0,,20409
2e164ef0621b1189.jpg,3,,84689
4827b31675853887.jpg,2,,83144
24537534697a18d7.jpg,7,,171772
286ea0d2428d73cd.jpg,8,,176528
3e36b4c7424f6908.jpg,9,,177870
2c99ae1d2a7712c0.jpg,6,,151942
283df25b18e0bc30.jpg,10,,192931
17dd1e9e40445d0a.jpg,5,,138982
2957ad7d24946b93.jpg,5,,138982
1704a1f7ba5c6ab4.jpg,3,,84689
121e422bceea4888.jpg,7,,171772
51273d60c77769fe.jpg,10,,192931
31d36a7677a02fea.jpg,7,,171772
16a5799d11c09a1f.jpg,4,,126637
2cee03ef9d732e81.jpg,5,,138982
41e27f3c4278ec1a.jpg,5,,138982
27bfe22981da52d8.jpg,4,,126637
49e95d43be3ea206.jpg,7,,171772
03eb75a9e0696d24.jpg,4,,126637
4bf94dab8233f164.jpg,7,,171772
14c7b7d80f63ab5c.jpg,2,,83144
54ce86f21e19a2b1.jpg,5,,138982
049cf642a9db9122.jpg,9,,177870
02e03209141f945c.jpg,7,,171772
0378ba83231b0855.jpg,2,,83144
4963998a1fa7fb95.jpg,8,,176528
529e1233731f1405.jpg,0,,20409
308d90650668ae3f.jpg,2,,83144
142dc6aa8b6628b8.jpg,5,,138982
41469425cc2ca9b5.jpg,4,,126637
2bd9aa9867e200c4.jpg,5,,138982
0e792919b863ad3e.jpg,9,,177870
4efcdeb9b467778b.jpg,10,,192931
2e662b5aa3a092f0.jpg,2,,83144
27b32d18ab282060.jpg,6,,151942
356e34972bc9e924.jpg,7,,171772
01b082672fc97102.jpg,9,,177870
2ed3ae1e0ca0fe1e.jpg,6,,151942
48661cb1987f1bff.jpg,6,,151942
2b88037bcb535b2f.jpg,8,,176528
2f6b2fcd57afce4b.jpg,8,,176528
24461fb20f49058f.jpg,9,,177870
4c16916fda5c5a64.jpg,0,,20409
10d25957ede7acf5.jpg,2,,83144
4be93798c1c6e5b0.jpg,4,,126637
46b628cc3de3b7f3.jpg,6,,151942
4fc45f465b952d3e.jpg,6,,151942
0c9ab6c846f67055.jpg,0,,20409
24c2e5c651e35953.jpg,1,,62798
2b419a8b077c889e.jpg,3,,84689
558716b163049ce5.jpg,3,,84689
2e2607b18eb853c3.jpg,10,,192931
48f1d35b9026846a.jpg,8,,176528
11d65ff816aa0315.jpg,7,,171772
0c4df1b33f00fd01.jpg,4,,126637
3aea64ba27c11fb6.jpg,7,,171772
2d25eb13a5f07c00.jpg,0,,20409
38ef0ff582bdb581.jpg,8,,176528
559d51182e553b2e.jpg,7,,171772
06d31eb606fd4d96.jpg,5,,138982
426965f977a2229b.jpg,1,,62798
1191107048a278c3.jpg,9,,177870
4223a5af410423de.jpg,2,,83144
25e11325de81f8ea.jpg,5,,138982
13828f860d914f14.jpg,5,,138982
292860297de247e5.jpg,9,,177870
4fc372bb9c653604.jpg,8,,176528
06703492597bb0f8.jpg,0,,20409
476ca808552d1f62.jpg,0,,20409
21806ca4fc868d6a.jpg,10,,192931
3dab1f40d6f3b858.jpg,10,,192931
24579c6340948a6b.jpg,9,,177870
3adfd25a7a48d200.jpg,4,,126637
55cbb917736f67de.jpg,10,,192931
11e84d4ea02e15ac.jpg,1,,62798
517007817bc9eade.jpg,2,,83144
31efc66a8a602551.jpg,2,,83144
10ceb113190ebd9c.jpg,1,,62798
2b59e18cd873e26a.jpg,8,,176528
5002f6096352c371.jpg,4,,126637
3b393df378b7603d.jpg,6,,151942
4a51c9f944289321.jpg,9,,177870
4c7106b834614965.jpg,10,,192931
06ad30d0f8bf4e59.jpg,9,,177870
544038be6d862a96.jpg,4,,126637
2fa6e7cb58d1e46b.jpg,7,,171772
17e02f86611ccf4c.jpg,6,,151942
154e5a7cf1ee4b36.jpg,10,,192931
4ff62fda6312b564.jpg,10,,192931
039709ac3043d538.jpg,4,,126637
476e0aa0cba47511.jpg,1,,62798
16caa6e9c432549c.jpg,5,,138982
43a82c7dd2612c0e.jpg,0,,20409
27d548b419f5c562.jpg,4,,126637
260015e8b918b263.jpg,9,,177870
2a35124b28dc89d7.jpg,8,,176528
083da62f7f4c9d32.jpg,1,,62798
2d442bca55d7e30e.jpg,6,,151942
4b6dec8fb2a87a26.jpg,7,,171772
1590f030e69b8375.jpg,8,,176528
55442b193a0a315f.jpg,4,,126637
06116d5f746901a9.jpg,2,,83144
35befc5b69c4454b.jpg,7,,171772
12f312ab609c37d8.jpg,1,,62798
51dd5db23870b566.jpg,3,,84689
121a96c70529b538.jpg,9,,177870
2e53521e7ec9aaa2.jpg,9,,177870
47a1048502bf7ece.jpg,6,,151942
2fa94a5166d7c136.jpg,6,,151942
43b7888432bd2281.jpg,4,,126637
05d5833ad570fd18.jpg,5,,138982
431dd545aca6f8ea.jpg,5,,138982
5405b121ee6d7b38.jpg,6,,151942
4f7000fd3369c9f2.jpg,4,,126637
0b33d9b2c98fac04.jpg,9,,177870
15b5de02c7e78dc2.jpg,9,,177870
23ba49e0fccf0159.jpg,3,,84689
08291c912aa8f187.jpg,8,,176528
260167347f2a6c08.jpg,10,,192931
2da5bd2f1fe4709e.jpg,0,,20409
4555fe0ba4111e86.jpg,0,,20409
3c1991dbdc31a11e.jpg,9,,177870
382f58d870db28bd.jpg,0,,20409
140d3343bcfb7b01.jpg,7,,171772
49ed10e3808e7ba5.jpg,5,,138982
5461788702a44434.jpg,1,,62798
43e27c2da1422efc.jpg,2,,83144
514599c3246997c6.jpg,9,,177870
3847ef9f77545b99.jpg,2,,83144
1409ec6780cd1537.jpg,1,,62798
490043b8ad8f4af4.jpg,3,,84689
3c1c208eb402a0e3.jpg,4,,126637
29d2ec866186e07e.jpg,7,,171772
18709e901139cad4.jpg,8,,176528
1538e620c019f4a8.jpg,5,,138982
31e669e98fc0aaa2.jpg,7,,171772
0ea5dc465caa36b5.jpg,2,,83144
3de89a7577ade0af.jpg,7,,171772
16f8c88370fcaece.jpg,7,,171772
04b5172ba151165f.jpg,4,,126637
0b08cff70d799d7e.jpg,6,,151942
217cac5e8794e12e.jpg,9,,177870
5838d7f0607dc5b1.jpg,7,,171772
27e9d65bf89b0482.jpg,4,,126637
503a1895c8771af8.jpg,0,,20409
3b82a1ccccc11209.jpg,4,,126637
01585a548354b2d6.jpg,9,,177870
55419670d8ed7f29.jpg,9,,177870
3d67f7087ff4f127.jpg,5,,138982
2e5237d8aa29fae3.jpg,1,,62798
2acd2390fdb5827e.jpg,9,,177870
4f86bd31948d7116.jpg,2,,83144
15ba7d708bb01f85.jpg,8,,176528
3dd3c346c074333e.jpg,1,,62798
2e8dcdd953293ed2.jpg,4,,126637
0cb90f97ad2ac56b.jpg,0,,20409
257071a7e36d80b9.jpg,1,,62798
117390b5e6f72d00.jpg,8,,176528
26f5304534fedeb6.jpg,0,,20409
263094662cd0241b.jpg,10,,192931
2d24a06d06778dc0.jpg,2,,83144
29ad5f6ed08b33db.jpg,3,,84689
019440ff29ea54c4.jpg,5,,138982
33baf72b9b4fd1bb.jpg,5,,138982
086d73cc087efdd4.jpg,0,,20409
438b77dce85178ff.jpg,2,,83144
3d078ed37be2b211.jpg,8,,176528
253e69724173a7bf.jpg,4,,126637
09cd6bda78bec168.jpg,5,,138982
54403cf4380f6827.jpg,6,,151942
107957c9503d5340.jpg,9,,177870
42a9b2b0b75ed97a.jpg,4,,126637
399d882ee74f815e.jpg,7,,171772
49224c4aa181844e.jpg,2,,83144
24c829bee5560919.jpg,6,,151942
5431fa06d77bde46.jpg,5,,138982
2745733a67ce382b.jpg,7,,171772
26ae60c39f8ae9a4.jpg,8,,176528
5117f3251baa103f.jpg,4,,126637
2b9ed46303239b55.jpg,7,,171772
2abc2f03e68e0087.jpg,1,,62798
27a4511ee45519e5.jpg,3,,84689
53c5ec3a0e6d42fd.jpg,4,,126637
231ed467beee95e5.jpg,8,,176528
36c20ab33f89d8e5.jpg,0,,20409
23398955f3507608.jpg,5,,138982
49015c9620d93df2.jpg,7,,171772
3761a5f4f04286ed.jpg,0,,20409
4137eaeffa52b020.jpg,9,,177870
023acebb13fc6657.jpg,1,,62798
01cfa59129cb9890.jpg,3,,84689
51a65f9624d83d13.jpg,9,,177870
2bb184328a857fbe.jpg,2,,83144
2f51dab14064b5b6.jpg,1,,62798
292b466a0fbe5b6f.jpg,4,,126637
269425a3e56183c5.jpg,1,,62798
4304f37caaa22a88.jpg,0,,20409
3874f7f6e7752088.jpg,5,,138982
561a3a0a59344a7c.jpg,9,,177870
239da04cd5d8e5a8.jpg,8,,176528
500c636b93e76742.jpg,7,,171772
03393aa826d4a718.jpg,5,,138982
0d616b0054d6a6f2.jpg,5,,138982
1475456214b52c16.jpg,9,,177870
1444dbab34e15b20.jpg,8,,176528
17d3a6446dedea22.jpg,2,,83144
55927d04002948c0.jpg,8,,176528
5293497ac767742f.jpg,3,,84689
37ff087050cc300b.jpg,6,,151942
4482b746bda8b854.jpg,7,,171772
328b734a617ac6ca.jpg,2,,83144
3cc64bfa108d0fd4.jpg,10,,192931
2fed339d90dc72aa.jpg,10,,192931
50c8c844be04daf2.jpg,3,,84689
42fc4ce0413da8d8.jpg,4,,126637
0369c3a1459fd8c5.jpg,7,,171772
28768a0d2701b45e.jpg,6,,151942
3738f0649b9077f6.jpg,5,,138982
4d3e0b8d33a2f24b.jpg,10,,192931
23b7e09287e3d6a1.jpg,5,,138982
3af1f32996bfeed1.jpg,8,,176528
35ff47c665cf1245.jpg,7,,171772
03de1f5bee034043.jpg,4,,126637
3d59e7fefdd69638.jpg,6,,151942
2c3e5ddeb9d857c3.jpg,1,,62798
3099a6e150955aa6.jpg,6,,151942
2c33927bd5563ac2.jpg,1,,62798
0344271e1b5e32cf.jpg,1,,62798
4c7816bf3134f5a1.jpg,8,,176528
008192418ad1bab3.jpg,1,,62798
3a22fa3650de0030.jpg,8,,176528
0122b703f14b245c.jpg,5,,138982
215d99d94b57646e.jpg,9,,177870
3a32aa5e9122131f.jpg,5,,138982
18857cc19ea6c4ea.jpg,6,,151942
0e3b1c30e1b1031b.jpg,3,,84689
51073f23af315ba6.jpg,0,,20409
14624676855df9ab.jpg,7,,171772
21b2d3e977c96e0e.jpg,10,,192931
09ec6428534991da.jpg,3,,84689
41ac2fd3494fbce1.jpg,8,,176528
417719c7cf217c5a.jpg,9,,177870
357d17f7ae2f5f78.jpg,1,,62798
02fd2a8c240129fe.jpg,10,,192931
2d5f0995d1a2c770.jpg,6,,151942
3355f5699d233c89.jpg,7,,171772
2d81f81aba4c1f16.jpg,4,,126637
554bad6d27a9b6e4.jpg,4,,126637
17280794e5b503a3.jpg,5,,138982
2b491afe5a677818.jpg,5,,138982
3e0030627fbdc53a.jpg,8,,176528
29f329f1a537618e.jpg,9,,177870
34bd195c28059960.jpg,3,,84689
5218d0d6ef2d3833.jpg,7,,171772
246854d07ed4a37c.jpg,7,,171772
3d7d5a5029b1d081.jpg,1,,62798
3b4f475083992b62.jpg,7,,171772
2bf4f639f5dc462b.jpg,10,,192931
02675bd195db3681.jpg,3,,84689
3c2e56b2b894cf58.jpg,7,,171772
263b776059017aae.jpg,2,,83144
22d21af7210a2357.jpg,0,,20409
2f5262e75afa82d7.jpg,9,,177870
10e96fa257230e43.jpg,3,,84689
096e635a127c7fbf.jpg,3,,84689
015e7ac090e1ec3d.jpg,1,,62798
28a101d7d0b7ddf5.jpg,8,,176528
33a346f67147a832.jpg,7,,171772
23404fd0f03f57b0.jpg,8,,176528
5148f8de2eaa47e9.jpg,3,,84689
237d2cf29c1008c5.jpg,4,,126637
2a0c9240c399c0bc.jpg,9,,177870
42852e6da10e58a9.jpg,10,,192931
371eaef65039f9ad.jpg,5,,138982
2a6b97f9378e6c16.jpg,6,,151942
077a70a41a32bfb8.jpg,9,,177870
2d93ec6d6fca94dd.jpg,8,,176528
1518115d447d4f50.jpg,0,,20409
22ee734a03269f16.jpg,8,,176528
039a5d7d6be69b8c.jpg,9,,177870
4d3df0865b704e66.jpg,2,,83144
15cad905a04ab5d1.jpg,0,,20409
0a9efd9c5816fbca.jpg,1,,62798
5817f77e2246e884.jpg,5,,138982
14ece3d53185423a.jpg,4,,126637
25b088055b8f5974.jpg,7,,171772
00140e80a9622fc3.jpg,7,,171772
01e2ebc0c04550a2.jpg,10,,192931
33ba05ce54aeab22.jpg,7,,171772
16bbcfbf86d79311.jpg,9,,177870
54c05ff8d86bd1a0.jpg,9,,177870
17ac4882e8c29fc6.jpg,9,,177870
3394c19bb2dc6499.jpg,9,,177870
3c33ed34b5865856.jpg,4,,126637
0b284e5ae6a42b0c.jpg,5,,138982
27452bb6cec3d0a8.jpg,8,,176528
284d8c1ddaa6f17a.jpg,9,,177870
3e0a6767eacdb46d.jpg,2,,83144
536c23335e1d7a21.jpg,4,,126637
02620ea561d2a78a.jpg,2,,83144
0194dcae592fcb13.jpg,8,,176528
49283aa230806b5e.jpg,5,,138982
10fb63564d03562a.jpg,1,,62798
2607e04c1bff1e5d.jpg,9,,177870
271fe153f8412075.jpg,4,,126637
24cfb1c7a8e551ab.jpg,2,,83144
4f882c4f542006ce.jpg,1,,62798
4a75478a5ea2046b.jpg,3,,84689
39bcc7d7f7504881.jpg,10,,192931
0c8feb4a7a311f09.jpg,3,,84689
059107880760daf6.jpg,7,,171772
0070b30e6dcbb93e.jpg,8,,176528
2edf43aa8520e741.jpg,8,,176528
2fbcd76b273192bf.jpg,2,,83144
35d67ad32eb629b0.jpg,10,,192931
4379539e8d8dff3a.jpg,5,,138982
501b98e54e19d7a5.jpg,2,,83144
172ba92856572733.jpg,2,,83144
35c08b643acc3fbd.jpg,0,,20409
39a079d0606d5496.jpg,3,,84689
09098a6b3a4fc14a.jpg,9,,177870
503d5b5491479086.jpg,8,,176528
0a1844468a672ee8.jpg,2,,83144
288157e5ca5c634f.jpg,3,,84689
375220620b3e1e51.jpg,4,,126637
3825b90f464e7b5d.jpg,7,,171772
234d331c5e27e568.jpg,3,,84689
23df8e2f6935ad22.jpg,2,,83144
29d9a4057f753b19.jpg,6,,151942
48cb11566c0c60f9.jpg,1,,62798
0440b873aca14818.jpg,10,,192931
2b83fc09b2d7819a.jpg,4,,126637
23c734e056a278ca.jpg,9,,177870
39b5d4471aba32f0.jpg,8,,176528
12645cf4d5aa99ae.jpg,8,,176528
31dbf4fa965997f4.jpg,4,,126637
2a401bdde4d5c71a.jpg,4,,126637
03e13565e85275c3.jpg,0,,20409
435029642187df22.jpg,5,,138982
41406d1add7e5ae7.jpg,8,,176528
3aef7e5c6b4439f2.jpg,3,,84689
2b56a21e34ba83b2.jpg,4,,126637
08212cdc434f790b.jpg,8,,176528
450d44d600a2a59f.jpg,10,,192931
017469ec2f3c6893.jpg,9,,177870
31964640ca4ceacb.jpg,3,,84689
41924a6602a72b99.jpg,5,,138982
2308cda69a4f09b9.jpg,9,,177870
311d4e6b8566f65a.jpg,1,,62798
48d50abc516def21.jpg,1,,62798
32e80b8978b8f92a.jpg,6,,151942
11bc8fa6e80e6c9e.jpg,6,,151942
4a593001ae261c3b.jpg,9,,177870
3dceb8fc4eac14ff.jpg,10,,192931
2895e00282448785.jpg,10,,192931
004d531bd0f43001.jpg,0,,20409
4a50146db34b04b1.jpg,7,,171772
2f7573dfe0664866.jpg,1,,62798
50159802af91b823.jpg,8,,176528
4961095fe00172fc.jpg,0,,20409
359f664c6b88e481.jpg,5,,138982
3821732fcfb743a3.jpg,2,,83144
0a4440e59ac0a1d3.jpg,3,,84689
0fb2a10261fd1b2b.jpg,10,,192931
4622bd65b6492110.jpg,8,,176528
214f1b7b25c79099.jpg,9,,177870
0f210ed4a68ab462.jpg,1,,62798
028d030eb609f087.jpg,1,,62798
2a153d79ccde5477.jpg,9,,177870
174aaad13f48c44d.jpg,1,,62798
296030e92bd44d29.jpg,6,,151942
4f05bd9af8cff7ac.jpg,8,,176528
100cb30cc12815eb.jpg,3,,84689
24246c7d295c3951.jpg,8,,176528
4855dca2ce72dde1.jpg,4,,126637
251316bb01309ed8.jpg,5,,138982
23e899ed8ba52c98.jpg,8,,176528
057e20efbea2d516.jpg,5,,138982
214896528c17f1c6.jpg,10,,192931
51982c29ec91de47.jpg,1,,62798
4392de2bcd6e9b16.jpg,9,,177870
144c1c62a89147bf.jpg,3,,84689
051204219c422edb.jpg,9,,177870
2c389e409e7b247c.jpg,0,,20409
337e2a3454ae9a2c.jpg,4,,126637
0ca35cd0e0d7a56c.jpg,9,,177870
245403d04e45b24b.jpg,0,,20409
4c9781b3077ded1e.jpg,4,,126637
309e5a844b265e81.jpg,3,,84689
53c6ec717fd5724c.jpg,1,,62798
4cbe75e21c2c77b0.jpg,2,,83144
4a1ea144c0e7f2a2.jpg,5,,138982
2bc35f36090331ba.jpg,4,,126637
499337bea65c2308.jpg,6,,151942
03e52f71053ec6e5.jpg,7,,171772
55a4e4897ae328af.jpg,5,,138982
2fae04353df59b24.jpg,8,,176528
46f2f5e3194c4124.jpg,9,,177870
2e152820c63bd2bf.jpg,0,,20409
2827d59054a6c921.jpg,8,,176528
26b8c6bc9a222b70.jpg,10,,192931
5663f09e4ce62d78.jpg,10,,192931
295b656b738eaffc.jpg,1,,62798
5572d9c45a620967.jpg,2,,83144
07b7fbd971256552.jpg,3,,84689
4ee8225a802f1955.jpg,5,,138982
29480aadabeafdf4.jpg,4,,126637
0725707acf2b9a76.jpg,3,,84689
2f4182380a2dab00.jpg,1,,62798
0deef3fdaeaf9c1a.jpg,6,,151942
3aead9f2447c4f98.jpg,8,,176528
22ab571d0908a349.jpg,6,,151942
4aea1814ec25487e.jpg,2,,83144
2d2f1988a5bd4aec.jpg,6,,151942
2903a53ef44e3c24.jpg,4,,126637
306207d32b035d84.jpg,5,,138982
3c6db807adf68454.jpg,0,,20409
4c2415d0fcd9878b.jpg,10,,192931
2b0b4410080bde99.jpg,7,,171772
4a205733d3e5e9ec.jpg,0,,20409
073db9a86fe9c697.jpg,4,,126637
56266a64a74d6431.jpg,10,,192931
159429a725b85380.jpg,8,,176528
55287c9dee680b3b.jpg,3,,84689
0e39a8e3c4d4d688.jpg,4,,126637
491e63e99538715f.jpg,8,,176528
583ecc75e695e4d8.jpg,4,,126637
0572101ad84275e4.jpg,5,,138982
4f733996db2f7b8e.jpg,10,,192931
109e7e365e30ecb7.jpg,9,,177870
47edd6508e400952.jpg,2,,83144
5516b0a4d8c83ba0.jpg,5,,138982
1599f70d2049fe3a.jpg,7,,171772
32e3be055471cbd1.jpg,4,,126637
0b4d32ecadea8b0e.jpg,7,,171772
3c95d31f818ccec3.jpg,5,,138982
4fb4e5417c453a70.jpg,1,,62798
157dd6d46a4420f8.jpg,3,,84689
0d5dc48106f8e0d5.jpg,8,,176528
47e0b9285f03fc5b.jpg,2,,83144
0961b9e4b853bf47.jpg,0,,20409
01bcd9f71a8653f3.jpg,7,,171772
115ab1cbe4a8152e.jpg,8,,176528
08a9b6698519753b.jpg,8,,176528
2eb2e28bd999bdae.jpg,9,,177870
422187161d6565e8.jpg,0,,20409
5457286aa32ee8dd.jpg,8,,176528
55c60930cd2fb512.jpg,8,,176528
490dbf38d3026cff.jpg,7,,171772
0ed1406886d09afa.jpg,0,,20409
3ad717a10297117a.jpg,5,,138982
0c5477c49ffcdee4.jpg,4,,126637
3dd5336d7ffce1a0.jpg,3,,84689
048e84725ee965aa.jpg,9,,177870
231deaff212e5b63.jpg,4,,126637
37a1b40c4e6d0fde.jpg,3,,84689
102db9819ec2ba76.jpg,3,,84689
53e86aa90eca8708.jpg,0,,20409
23759454b48be409.jpg,4,,126637
50288c5a15f87c1a.jpg,5,,138982
309496490d0b721d.jpg,8,,176528
3de3ecdf604854d7.jpg,6,,151942
15f7b3ea76fcdbf6.jpg,1,,62798
4444d56bb80b03fa.jpg,4,,126637
156d077fde792dba.jpg,2,,83144
44b4490b1a700632.jpg,10,,192931
15ffd43ee424665b.jpg,1,,62798
16f17489d54a823b.jpg,7,,171772
103e89852a14b06d.jpg,0,,20409
13496bb73703e5c4.jpg,2,,83144
2ea6b6596500f60d.jpg,5,,138982
32580899604fe2d5.jpg,7,,171772
0a947bdf932c56c5.jpg,4,,126637
378ff64a999e0a03.jpg,0,,20409
05496f41db2228c8.jpg,0,,20409
0dad4f8187265b87.jpg,5,,138982
47b2723cf669525b.jpg,9,,177870
107ccee579e4de08.jpg,1,,62798
27b9c066fd06d632.jpg,9,,177870
48e3297a58d0a686.jpg,8,,176528
22bb85d97b8cb738.jpg,8,,176528
42c6349d916a05b3.jpg,4,,126637
09bbfd7fe8b768cb.jpg,0,,20409
5633ff0fd3a93beb.jpg,3,,84689
13993fa80f2d6f2c.jpg,1,,62798
366ebb51c78da57d.jpg,10,,192931
42ff9fa205894c82.jpg,5,,138982
3a341d35b1d612ef.jpg,5,,138982
16828adfd26743ba.jpg,5,,138982
45c927e54485f4e4.jpg,9,,177870
07b20738a2a4b1e6.jpg,4,,126637
16be6d6e2fa91819.jpg,1,,62798
1347e4865abc27fb.jpg,8,,176528
3e20abf3e7cc32e2.jpg,8,,176528
311bdc5342197893.jpg,3,,84689
51ef01e74e288790.jpg,2,,83144
0701cf992eeb37e6.jpg,10,,192931
11cfe1746afa079b.jpg,1,,62798
124b61ef03ec8be9.jpg,3,,84689
3e0c20db98c150c6.jpg,7,,171772
4ce81594158f5254.jpg,6,,151942
1151ac9284c76347.jpg,2,,83144
473eae5d69134c36.jpg,1,,62798
3b3ba9812aae1d9f.jpg,8,,176528
078774cb8b8be127.jpg,5,,138982
42096486236bc298.jpg,3,,84689
080ecffdee5174e6.jpg,10,,192931
4f16effb30b4aa9f.jpg,10,,192931
276a65a8a1057501.jpg,4,,126637
23f6932b432f8777.jpg,4,,126637
0c40edb2809f95a4.jpg,4,,126637
38f9ad1099724ce4.jpg,8,,176528
3b4a129060cbdf5c.jpg,9,,177870
0940c6b3734dc029.jpg,10,,192931
2638a99039596884.jpg,0,,20409
393c05bcf693c087.jpg,0,,20409
5317501d5f07e4d8.jpg,7,,171772
3499f2d4de6f29fa.jpg,2,,83144
4298e05b14f3c38c.jpg,7,,171772
26c8401691dc2654.jpg,0,,20409
2dfbbae7527a477e.jpg,4,,126637
51d58bb30faa0d69.jpg,0,,20409
37c13ce34b70df78.jpg,8,,176528
3a898e768afbdd18.jpg,8,,176528
3b3446e15d30a816.jpg,3,,84689
43c6a1e781dd64f7.jpg,10,,192931
2b67f4f1ae7cde99.jpg,10,,192931
41ed5970034c58a1.jpg,1,,62798
4162b57de7964361.jpg,4,,126637
35b6a7ddf2b0a3bf.jpg,5,,138982
3b4d5d47b304f729.jpg,4,,126637
0b6acb55a474ccac.jpg,3,,84689
15e7ca795bbb2b40.jpg,2,,83144
3cb4ba15919d5fcd.jpg,8,,176528
29b23be579709a25.jpg,6,,151942
05c299fb2b60ffdc.jpg,5,,138982
0390846fef40b5b3.jpg,10,,192931
55e3622cc3c3a9a9.jpg,4,,126637
2da6585b17f5182e.jpg,2,,83144
0ecfaf20340f397a.jpg,10,,192931
5524dda8b6680bdf.jpg,2,,83144
25da3d689a6300ee.jpg,2,,83144
1190229a6460589c.jpg,4,,126637
10d93789a229a210.jpg,0,,20409
3b2c854c18d8e978.jpg,5,,138982
29ff65aec7241bb0.jpg,5,,138982
03257c63531c038d.jpg,2,,83144
44c0a7346608e9ae.jpg,10,,192931
386f9a3a46d66678.jpg,9,,177870
367ac99b893a1d42.jpg,10,,192931
2a20d9f649ddf68a.jpg,8,,176528
28202efb0e27790b.jpg,7,,171772
52f5632bcd808265.jpg,2,,83144
05eee7c9a775832a.jpg,9,,177870
2a5e82ec517b666a.jpg,4,,126637
15a71d6609459e0f.jpg,10,,192931
5066a845b0d264c4.jpg,3,,84689
3331c8a02aca3c51.jpg,1,,62798
14ab536a84b565d8.jpg,4,,126637
55767f9773d0f20a.jpg,9,,177870
4a16a247e8f086a0.jpg,3,,84689
3a4b012d769eed3b.jpg,0,,20409
53c4eedf0b42fa80.jpg,1,,62798
3329d59c27dfa9cb.jpg,4,,126637
3bb7de2b8cf7b578.jpg,0,,20409
47abf484f4eaff09.jpg,9,,177870
0b6e909dd738662e.jpg,6,,151942
2373f9f097d74bee.jpg,2,,83144
2a99809858d40ba9.jpg,4,,126637
4504ba52d91eff81.jpg,5,,138982
52e47fc923dd3b5e.jpg,8,,176528
39c7a1e15413e20b.jpg,8,,176528
2d31d555a3095d40.jpg,10,,192931
2c797af3fa5aef90.jpg,8,,176528
5096dac31724eab5.jpg,5,,138982
3682b7395b2e773b.jpg,5,,138982
02bcae9e468b4fd3.jpg,3,,84689
4fba076f39ab20d6.jpg,2,,83144
10ca363c560fbc15.jpg,8,,176528
3717d1ecb4aa4b8b.jpg,1,,62798
46600bdb5109bf95.jpg,6,,151942
0c88a18a14fe23a9.jpg,8,,176528
03f0dba6c7c65017.jpg,9,,177870
50572cbe950afcd7.jpg,4,,126637
0d95c2050a3bc90f.jpg,0,,20409
0fa8c2d887d89c02.jpg,8,,176528
0fd1b2f7f25415e8.jpg,10,,192931
00da3bcc0568c75f.jpg,2,,83144
216fd91e3b3b3935.jpg,8,,176528
0f47d0db9e091f97.jpg,2,,83144
423b85fa66f61390.jpg,9,,177870
582c28ff2f413a83.jpg,2,,83144
01a3d490cbef341d.jpg,8,,176528
08b8d75ff9211f5d.jpg,1,,62798
338b403f0d2c34bb.jpg,9,,177870
25ccdeda71dabb4d.jpg,1,,62798
052312159a1bec4a.jpg,8,,176528
0944e702073710e4.jpg,9,,177870
374fa2a92e01b905.jpg,9,,177870
519afc2f9f29f79c.jpg,9,,177870
22cb50fed8cd37fc.jpg,7,,171772
374391e71ad025b7.jpg,8,,176528
4478e968f355e401.jpg,10,,192931
50800c26d99dc6d8.jpg,5,,138982
54d713f3945f0c98.jpg,2,,83144
01f4332c28fdfe75.jpg,2,,83144
3931169d839a4174.jpg,9,,177870
0d60ef9bfb7b56bf.jpg,1,,62798
58890a748ee339b8.jpg,5,,138982
4f5533222cc1a06a.jpg,8,,176528
3275142e786e7700.jpg,3,,84689
26b89d3ce9eb2177.jpg,3,,84689
4e36a23f8dc1c5db.jpg,0,,20409
03595879c1206b52.jpg,5,,138982
019a1e736ca83e52.jpg,9,,177870
4c1ec2cd1923594d.jpg,3,,84689
4c1e3f8c231c8c56.jpg,9,,177870
0f4caa809f044214.jpg,2,,83144
49455afbb5f14a6e.jpg,1,,62798
53f4bb4ccd81547b.jpg,6,,151942
5584d20cc902ac74.jpg,6,,151942
3235ded5fabbd0b7.jpg,6,,151942
09cd4474a1d70350.jpg,6,,151942
04e6dd0918cce893.jpg,6,,151942
06f819502d7f0eab.jpg,3,,84689
4372471583b4499c.jpg,4,,126637
04848bb69946f226.jpg,1,,62798
55c36055bb24f869.jpg,5,,138982
3994d5399ffb799c.jpg,0,,20409
495fe28cb02d7819.jpg,4,,126637
0ff4c58f40df6f6a.jpg,5,,138982
0723f706e608cc0f.jpg,3,,84689
2bd096c2dfd2698d.jpg,5,,138982
2823f571fb77ec39.jpg,7,,171772
41fb4b8588df713f.jpg,10,,192931
05b33f44353851f2.jpg,4,,126637
398d47c1ee5de957.jpg,0,,20409
46b44529055fa5fe.jpg,9,,177870
141e5e94000fe8d4.jpg,8,,176528
3dd687fee112e00c.jpg,10,,192931
4f6210d15675e75b.jpg,0,,20409
552809ab1b1e3225.jpg,9,,177870
3e3addf517a54705.jpg,1,,62798
2f666fa7ad27d842.jpg,9,,177870
1127210acd9e653c.jpg,2,,83144
0db1dd5e60371e1e.jpg,5,,138982
4ec509abba27f5c6.jpg,8,,176528
2f80e11a12be1b5b.jpg,8,,176528
39d512dc33640aff.jpg,3,,84689
50e099fc2828878e.jpg,2,,83144
02f927db203802f6.jpg,6,,151942
4887fd19b86ced4a.jpg,5,,138982
33baaa0ecc2f8536.jpg,6,,151942
363227870afe020f.jpg,4,,126637
3ac316aee72d3b79.jpg,2,,83144
4b88a024a62da4c2.jpg,0,,20409
13a91c44a80ca6ae.jpg,10,,192931
3c7e613502d21ccb.jpg,4,,126637
346e9ee84150993e.jpg,1,,62798
480b298e52b984e0.jpg,7,,171772
3296775d5cc19188.jpg,5,,138982
4fc3c812644f3a58.jpg,2,,83144
4c0f0d45c56c6051.jpg,8,,176528
00b380404c67ef05.jpg,7,,171772
1122a227b610cd6a.jpg,5,,138982
229710bce9bd8172.jpg,6,,151942
438d84e45e2310e0.jpg,5,,138982
33f002f27487a2d2.jpg,9,,177870
239cc29fa840533a.jpg,3,,84689
0e1de26ea724a79f.jpg,2,,83144
5073096b4a26d372.jpg,1,,62798
0f6b13ecb83bef13.jpg,5,,138982
3b5a924bfc4b2355.jpg,7,,171772
325bfbc603dc51d9.jpg,6,,151942
25ce2cc145d266d3.jpg,8,,176528
4ba0bbf3ba1636c0.jpg,5,,138982
04b381bf1f116869.jpg,1,,62798
257f7bc79d4df24a.jpg,4,,126637
32f79711e4d5439f.jpg,0,,20409
4576b305aa1ac1a0.jpg,5,,138982
0f2ef65bb57fbda3.jpg,2,,83144
0a6392d0716c94bd.jpg,5,,138982
4cdeb2348c948eb8.jpg,10,,192931
4f39e7c46d323fd8.jpg,3,,84689
3cd654635f7ce44c.jpg,2,,83144
2923b962785dbd9d.jpg,2,,83144
47454be9fe9767d9.jpg,4,,126637
2c837fa1ab047b04.jpg,3,,84689
07f755ae9af8cd5b.jpg,1,,62798
51845496b43c4855.jpg,6,,151942
3db075c1b222e426.jpg,2,,83144
11660bec754083a6.jpg,8,,176528
00235d74440829ce.jpg,1,,62798
0ebde9fbf50a511c.jpg,5,,138982
145bb5dba1435b4c.jpg,9,,177870
0e079b552fdddaf1.jpg,9,,177870
11e060cdbca7cfd5.jpg,10,,192931
4df03b21c834cf7d.jpg,9,,177870
51f1e297ffeb3e82.jpg,0,,20409
097f8c1c02426f14.jpg,0,,20409
170b5827255adcd3.jpg,3,,84689
3506e1e1c07607bb.jpg,5,,138982
30cdfd5493c77dd6.jpg,1,,62798
068e808341a52842.jpg,4,,126637
2d4cb3798eff4b19.jpg,8,,176528
2cd6adb46c53e07b.jpg,5,,138982
0e9fb14eda102e68.jpg,2,,83144
1599ce3ad849e66e.jpg,3,,84689
1312c2f68e4962d8.jpg,6,,151942
00a21dbdb71a94b4.jpg,8,,176528
4490cb554e587f6b.jpg,10,,192931
4f33695d6de62fe9.jpg,0,,20409
54348ff2924a97ed.jpg,9,,177870
25820707838d37d5.jpg,6,,151942
06426d5bf93980b2.jpg,8,,176528
3b26b01c434f9788.jpg,7,,171772
46d1fb12f194e4d7.jpg,3,,84689
0d63d2b6e7686ee6.jpg,9,,177870
26193d3dd7b29a22.jpg,5,,138982
08da38a376fbf6c9.jpg,3,,84689
39546e8e8e444f97.jpg,0,,20409
4f3a0657e93afcc3.jpg,0,,20409
4d481c577b2e681b.jpg,9,,177870
4a2c7420cb4c2fca.jpg,0,,20409
3305ff1685ddcaf0.jpg,8,,176528
29e7e666dbcd5510.jpg,9,,177870
4d61fec3fda89928.jpg,10,,192931
25f6b00d091a6339.jpg,6,,151942
42b77103d8849e5d.jpg,5,,138982
2c99d3c8ee1c2377.jpg,0,,20409
2420fe3486c2484b.jpg,0,,20409
471f0be84da16164.jpg,6,,151942
2ea2c0211e151a34.jpg,8,,176528
0998de5511b48994.jpg,7,,171772
0db1f337f12618f3.jpg,7,,171772
0b240838f817639f.jpg,8,,176528
0f0c3046a33892db.jpg,4,,126637
153fc599e6f3eec2.jpg,10,,192931
0ec9623e77bfa3b4.jpg,6,,151942
4dee1aa8ddc5b241.jpg,0,,20409
15302b15fefb9d24.jpg,8,,176528
1838846d29d8ab46.jpg,0,,20409
53f2b0def6c38ab7.jpg,9,,177870
4e5313e9ac4278eb.jpg,1,,62798
46b5033b7c1e6ad4.jpg,2,,83144
491655a63b2f9345.jpg,2,,83144
543ea1c2d05fc966.jpg,9,,177870
259154d6a8c72edb.jpg,8,,176528
24e130135b0fc03c.jpg,9,,177870
2ca7e24826bf6fa1.jpg,1,,62798
167f326d99ec022d.jpg,10,,192931
517f74d568522fc6.jpg,10,,192931
0ff32f712ce3fe33.jpg,7,,171772
16a323eb8a1c8e36.jpg,9,,177870
073048dbb5ad557d.jpg,1,,62798
379278c25688dba5.jpg,0,,20409
43b9d008a9668eca.jpg,7,,171772
23178d9c7e03fa33.jpg,5,,138982
537b4d0becaf72e6.jpg,8,,176528
381990f7d2c36a7a.jpg,8,,176528
3246919d9b01cec5.jpg,1,,62798
3b7d026206258fde.jpg,1,,62798
01e75f8e3876d618.jpg,3,,84689
268666df8ec4f214.jpg,9,,177870
4dbfe4b063fd8556.jpg,8,,176528
34adc2f2e1199269.jpg,4,,126637
4466e1fdf8c9167d.jpg,7,,171772
1531399dfc914110.jpg,8,,176528
37a48cb91736cabe.jpg,9,,177870
2e7880a42f71e5d8.jpg,10,,192931
00e3fda72f6ab604.jpg,2,,83144
2685cd15aec28a2f.jpg,2,,83144
55d160308687f2e1.jpg,5,,138982
2c2ac87e0addf2fe.jpg,10,,192931
294d001f7c6cd184.jpg,5,,138982
4e5da73257399084.jpg,7,,171772
12333460e7497049.jpg,8,,176528
2643353b84686c2c.jpg,3,,84689
13c362b4419d9260.jpg,9,,177870
05a2b72328e67b81.jpg,5,,138982
0aafff6625aa995f.jpg,5,,138982
51ea6fbdf8fedbf9.jpg,4,,126637
2f21604434a9720b.jpg,4,,126637
419db9226745d044.jpg,2,,83144
4bc12edad92cd89c.jpg,3,,84689
296b0b48391b9091.jpg,8,,176528
41d3c1a3802e2792.jpg,7,,171772
4d9e7035e92b1558.jpg,3,,84689
529d3782f0c51013.jpg,1,,62798
2fcfc2d446ee3ec6.jpg,8,,176528
217854178c9e5cb8.jpg,5,,138982
04781099e7d529e6.jpg,1,,62798
316eee426fd063fc.jpg,4,,126637
371c0402b1a08e01.jpg,7,,171772
3a7b4ac00e6704a6.jpg,10,,192931
330679d64326537d.jpg,3,,84689
3978d2d98e59e353.jpg,0,,20409
268ab119efd246ae.jpg,6,,151942
368198c8718a6c20.jpg,3,,84689
41f8d789ba30a28f.jpg,2,,83144
1581f88bbb45407d.jpg,6,,151942
3284d32737b876d8.jpg,0,,20409
52a5be3bf63b6e3d.jpg,9,,177870
083c90747795bae7.jpg,4,,126637
1114e4126ab259f6.jpg,2,,83144
0d05b12fe2190572.jpg,8,,176528
0d3c0943816b6857.jpg,3,,84689
4c05d2403294776b.jpg,4,,126637
03cfbdc8eb7399ab.jpg,1,,62798
05fbe037f2364a39.jpg,5,,138982
544d60befa1ad2b6.jpg,2,,83144
30afc07d0e3a7164.jpg,5,,138982
51e94a56da026fb6.jpg,9,,177870
2ba85138defabf25.jpg,6,,151942
302db7376afa8a11.jpg,7,,171772
419d3ef6bb44ea8f.jpg,9,,177870
399d66c5bc066668.jpg,0,,20409
481a66f9d73170b6.jpg,9,,177870
0f9e6c949eb98bef.jpg,1,,62798
31138cf5d0eb8aac.jpg,0,,20409
2a2ea11ef6627cb5.jpg,2,,83144
3a86ac18716911eb.jpg,3,,84689
0800844943f6672b.jpg,3,,84689
4fc7ff1c945ee21a.jpg,5,,138982
0682f2d5ac0ba4a2.jpg,6,,151942
4e0ab4060f7aa6fd.jpg,8,,176528
0808a1b69535590f.jpg,4,,126637
25d4efa229b2dcc1.jpg,1,,62798
3147b63d4aa7284f.jpg,6,,151942
11c8a49c7630f26c.jpg,5,,138982
49c8a7a287ea7ead.jpg,9,,177870
005983a242b6ab80.jpg,3,,84689
299ec260948b1727.jpg,0,,20409
0f84a8902a7bb57e.jpg,8,,176528
12a4ecbd42ddc18e.jpg,0,,20409
4701f9038e1d97ce.jpg,9,,177870
2f687c1eb2d33bb9.jpg,7,,171772
05cce7e6ea6ce3cf.jpg,7,,171772
4a087968d1d227b6.jpg,9,,177870
384afbcc39f77a49.jpg,3,,84689
4fa68ff7e6f21242.jpg,10,,192931
109a4fd642313519.jpg,6,,151942
30f89a94e98cd78f.jpg,7,,171772
333970ee83a082e3.jpg,4,,126637
3b33557c091af213.jpg,4,,126637
16e45d41f39bfefa.jpg,10,,192931
0a7a17fa6330e2e7.jpg,8,,176528
01e5d29ae93a19ef.jpg,7,,171772
102d689f91b6365c.jpg,4,,126637
2549ebd8fe00d77d.jpg,1,,62798
120784b10f84b4fd.jpg,1,,62798
4a29246c36fbd3ed.jpg,7,,171772
36d5fc822f51d86c.jpg,0,,20409
3105b306b40383ab.jpg,7,,171772
44a34f1367ab32c3.jpg,1,,62798
01f8d654004dc140.jpg,3,,84689
05fe3d80a8f76ae1.jpg,8,,176528
272a14c9f4ae92e5.jpg,2,,83144
39787496fe5d20eb.jpg,7,,171772
2af0bf8af320c3da.jpg,3,,84689
3565455690fec49d.jpg,8,,176528
37fd6e520e58ecba.jpg,5,,138982
4799bc785b9a8220.jpg,5,,138982
1516c8f6942bb8ee.jpg,10,,192931
55e808f9b7bf7fed.jpg,5,,138982
16d527aafb03ba53.jpg,4,,126637
10c795756ea5fb9f.jpg,10,,192931
513b92e4455425ed.jpg,9,,177870
2a29968ba0df9f0d.jpg,3,,84689
28268b3b33837cc4.jpg,10,,192931
16188891c1b66c92.jpg,10,,192931
4f73d180fe3ec79d.jpg,9,,177870
3d976054cb82b4a8.jpg,5,,138982
35ed2775b577cfc0.jpg,0,,20409
065c533e37470139.jpg,6,,151942
2e16a9fc5d262640.jpg,6,,151942
54902210f2e08c42.jpg,10,,192931
4cd2be8bbd74a1b4.jpg,10,,192931
2d8dc3c275487417.jpg,4,,126637
3aa1c633f08f2655.jpg,9,,177870
45f8eb405a4952bb.jpg,4,,126637
186a1be2922abc1f.jpg,8,,176528
51bb3b33583cd818.jpg,7,,171772
2dcc1d2557f99d51.jpg,9,,177870
0e3aa496fcca710b.jpg,3,,84689
481e9d45089cb2ed.jpg,10,,192931
172f80e06b6fe4dc.jpg,7,,171772
1675e92b9d7a5a3a.jpg,10,,192931
27f91a178f474d49.jpg,3,,84689
0a05495d288a8a0b.jpg,4,,126637
169af6d68be817e8.jpg,10,,192931
135aa80edb834e13.jpg,2,,83144
0b4fed366cf3ac5d.jpg,5,,138982
3d74554df4c63394.jpg,7,,171772
3cef5ae999146e1d.jpg,2,,83144
4c6b6b4b52a914bf.jpg,7,,171772
4f465e6564b9d214.jpg,5,,138982
0e5f6d132370b229.jpg,6,,151942
4560fbdbc17b08d8.jpg,10,,192931
0b7864763e8b676a.jpg,5,,138982
0980a97b4f1f8911.jpg,8,,176528
4cd8830fdb27b556.jpg,3,,84689
08c7f5c884261b5a.jpg,2,,83144
09b4449e5ba59783.jpg,0,,20409
47cd5570723be5b6.jpg,4,,126637
344d01369f5018f6.jpg,3,,84689
5020dc9d84a13119.jpg,8,,176528
03a931620018f54b.jpg,3,,84689
071bf381314df902.jpg,0,,20409
5332d7119a0c76c6.jpg,6,,151942
4f0737551e624740.jpg,6,,151942
333e6d0e408714fa.jpg,1,,62798
0ac26a34245593f5.jpg,2,,83144
11e4d0c8d643e5ca.jpg,1,,62798
16d3985ae42d87ec.jpg,2,,83144
2e6f8bf3f5b17662.jpg,5,,138982
52fd7b5aa81f7cd9.jpg,7,,171772
35b9533deeec526e.jpg,7,,171772
10d37479da88a0d8.jpg,8,,176528
13c6402d624c63a6.jpg,7,,171772
0a73fa2f5bb1ae73.jpg,10,,192931
4d1445a2d46be119.jpg,7,,171772
30b774e11b5c6005.jpg,0,,20409
450a492ae49c70f7.jpg,5,,138982
477d2631e0778a42.jpg,1,,62798
2df9eacb64941902.jpg,3,,84689
5605430839473ef1.jpg,4,,126637
2a898aa7fd1ee61b.jpg,10,,192931
146d1e126a66a452.jpg,6,,151942
3a6dc23a46e42b5c.jpg,10,,192931
23540e1f53c2fbb3.jpg,10,,192931
249a674d0f91f49d.jpg,2,,83144
2475e51f2f8ad2d2.jpg,8,,176528
04d8967156e0cbff.jpg,8,,176528
1337f1da90d82260.jpg,1,,62798
47872dcd1e8f5b37.jpg,5,,138982
3e61dae3ee33903d.jpg,9,,177870
0ac76ee19dffe210.jpg,4,,126637
2c88f717e703f1c0.jpg,0,,20409
2afb36dddd82e2a9.jpg,3,,84689
4b97921cfd3a0c72.jpg,7,,171772
4733e94038214ad5.jpg,8,,176528
439cb9f6ad9890dd.jpg,2,,83144
469df0ad864af54e.jpg,7,,171772
0ca425ba6143b93d.jpg,7,,171772
4f90b671663ce2c4.jpg,2,,83144
2f861aed654b50e6.jpg,10,,192931
378e24c3871f5b21.jpg,4,,126637
54fa745a705a5b26.jpg,1,,62798
45ec0b24de51d80a.jpg,6,,151942
515097d40d45a9af.jpg,8,,176528
4aa88f03e65df886.jpg,7,,171772
0cb40fb46b0f20c5.jpg,10,,192931
3dc4b49695f56415.jpg,7,,171772
2c3abff29a0e202d.jpg,1,,62798
0b637d1631fe17db.jpg,4,,126637
54733051554314ef.jpg,9,,177870
3da06e0ba5d7fda7.jpg,7,,171772
0ed34b14a9920f12.jpg,5,,138982
2f318faaab634395.jpg,1,,62798
2f4da297473a616b.jpg,10,,192931
423f18efb38c0ff7.jpg,9,,177870
2568cfd0836e9885.jpg,9,,177870
4ddc4bda9e9612b8.jpg,10,,192931
34abeaa1c9bd3cf0.jpg,4,,126637
30322cb727f827da.jpg,2,,83144
3d2436684e472ea4.jpg,8,,176528
216582599b054e2f.jpg,9,,177870
3504725c1bfaab91.jpg,9,,177870
02dfcbdd15543028.jpg,7,,171772
3597dd6c69c10cc0.jpg,10,,192931
02d8a9bef0bcb317.jpg,1,,62798
4a060ba2071bbcde.jpg,1,,62798
514ea5c7293439cf.jpg,7,,171772
28d4ec5d3bfec53f.jpg,2,,83144
0ecd4148b171cb61.jpg,0,,20409
10a734fa0f74c5a9.jpg,1,,62798
088c94a320154f08.jpg,10,,192931
3284761eecdb115a.jpg,7,,171772
42f13af3575b8e7b.jpg,6,,151942
243af6b3b21a8216.jpg,8,,176528
295d2d1e5f08995a.jpg,6,,151942
109207c782cb7bfb.jpg,9,,177870
27f7c0ac7b920c69.jpg,5,,138982
4b3219c83376b2b2.jpg,3,,84689
0b6ec7a72d013c50.jpg,10,,192931
433b35492db6cdbb.jpg,4,,126637
0a487e4e01ab3db8.jpg,7,,171772
4cfe9988c9611b72.jpg,9,,177870
15d8c174d7898fc6.jpg,6,,151942
24124420607c15db.jpg,6,,151942
4c0c047d62d9e890.jpg,3,,84689
28d39fc819e8cd16.jpg,7,,171772
5855363a17d28d0c.jpg,1,,62798
3b9ed0a1097058c8.jpg,4,,126637
32d9727b1af44596.jpg,8,,176528
4be389728d89fc9f.jpg,6,,151942
5323c2c07757661b.jpg,10,,192931
26e3586e86fbc593.jpg,10,,192931
0a3f09d695ec61e1.jpg,8,,176528
0045e1a98ca72ce8.jpg,8,,176528
2bb03af8f05da34e.jpg,0,,20409
48be4175d8c861b5.jpg,8,,176528
03340f02b624a3f7.jpg,6,,151942
27e82416c6e7dd3b.jpg,5,,138982
0026ac2a96735d2c.jpg,10,,192931
0998ee1ec4d055b0.jpg,2,,83144
14c01542fc46d839.jpg,8,,176528
0b5a83032f74641a.jpg,5,,138982
3c8e63f76df96d65.jpg,5,,138982
4c4952b513d2eced.jpg,2,,83144
2d2778fc517cb2a0.jpg,0,,20409
4202da7a919c4a89.jpg,5,,138982
2f1b6ead41ab101a.jpg,7,,171772
314a4d19c5c3b06b.jpg,1,,62798
442609d686ecbac5.jpg,9,,177870
4cdc3b27ca6c07a8.jpg,5,,138982
0163cae9ac7ca0ee.jpg,5,,138982
13d8f19b201e78dd.jpg,7,,171772
040bdd07682730b7.jpg,10,,192931
0bd4d207716727be.jpg,4,,126637
52ad5652747b832c.jpg,8,,176528
35e756de2b45b829.jpg,1,,62798
547ae4764849a133.jpg,7,,171772
14128e2d2628c8f8.jpg,9,,177870
2f3e962a89c89b74.jpg,4,,126637
3491ee78eb70ddc3.jpg,1,,62798
0c304a01b873c566.jpg,3,,84689
45707c8c4a052a26.jpg,10,,192931
0a6319d86d221825.jpg,4,,126637
534f146bb8748130.jpg,7,,171772
36117be399194794.jpg,6,,151942
06cdb67873ca54f6.jpg,9,,177870
1724eb67d216cc82.jpg,0,,20409
493a88548afaf7c2.jpg,0,,20409
281ea1d1fd6b7140.jpg,7,,171772
2e78ba8df51f2316.jpg,5,,138982
2585dcf5d9c1f0ea.jpg,5,,138982
026fecc5c214302d.jpg,10,,192931
4dc8786b75896b5a.jpg,5,,138982
093457b7cec0e46a.jpg,1,,62798
25ffe5465a52db0e.jpg,8,,176528
4197f4f51c874a0d.jpg,5,,138982
42e6f364ef8fabfd.jpg,9,,177870
3230f5824c0e6002.jpg,6,,151942
076260cf2fb8d354.jpg,1,,62798
41567c14e8dc8898.jpg,6,,151942
2f7f71077756cdc5.jpg,3,,84689
3e07a32abe1ab85e.jpg,0,,20409
4e91364ad2e30834.jpg,6,,151942
125b30cddc916f80.jpg,8,,176528
45643d0c2cad44b8.jpg,9,,177870
415b525f5804f3ab.jpg,10,,192931
414defa42f939588.jpg,10,,192931
06a419f5c9e495e4.jpg,10,,192931
155a598da4482959.jpg,1,,62798
100e3aca5f3d5903.jpg,7,,171772
2f69d09859468079.jpg,6,,151942
277b177f8e205580.jpg,4,,126637
33ef4b3afa4045b0.jpg,2,,83144
0e9cba8beaa0493e.jpg,10,,192931
236ea48284165e96.jpg,6,,151942
423d30cf26f50cc1.jpg,5,,138982
43728d83ea66fbb2.jpg,4,,126637
102de341a890b673.jpg,5,,138982
4e0b3114be277187.jpg,3,,84689
30188c69c5d043f6.jpg,0,,20409
01706f052df9aaf2.jpg,4,,126637
24f2a894831b3264.jpg,10,,192931
3a922dfc354416f9.jpg,4,,126637
097c50d5ae1979e3.jpg,6,,151942
478fe8e32da1fefb.jpg,3,,84689
0a8f6a041d0b5616.jpg,8,,176528
3207ad4c0a25f9fb.jpg,7,,171772
03af25ece18a4601.jpg,7,,171772
3d41eae7adb1bceb.jpg,1,,62798
41d1f4da6b7cd5ca.jpg,5,,138982
35a376c414e2a384.jpg,8,,176528
4b91ec6be04108d1.jpg,0,,20409
4930af21c3cda5c8.jpg,5,,138982
4925400fb0d6651a.jpg,8,,176528
25c37940b476f1b5.jpg,5,,138982
058feeff70e72d4a.jpg,10,,192931
349e90673122da85.jpg,8,,176528
2e3bbc489b3b24ad.jpg,8,,176528
2b8d7f5bd3739ef7.jpg,1,,62798
23db5d373de26ac8.jpg,2,,83144
010adb2133d36e47.jpg,4,,126637
0f215411b51edbbf.jpg,0,,20409
37cf6d7af9d0dbab.jpg,4,,126637
53b81f11d64d2247.jpg,8,,176528
53a1cfaa63043256.jpg,0,,20409
36e73e386cc6c23e.jpg,7,,171772
50845f2b1ff78cca.jpg,7,,171772
4ad4385d70d387d6.jpg,0,,20409
37396094074be7c1.jpg,10,,192931
0dc6f735760a2089.jpg,9,,177870
335d4371402ffa2a.jpg,0,,20409
02ecd3aec3ab2c1e.jpg,7,,171772
4f2f0778835de77d.jpg,5,,138982
48b4e44625d3b47a.jpg,2,,83144
582dfaebf8ddb296.jpg,0,,20409
256f372b0b064292.jpg,0,,20409
033a20401a73d5f5.jpg,2,,83144
0c90f06966955bbb.jpg,3,,84689
1716659438eaba19.jpg,10,,192931
2eb621370fe89eb9.jpg,10,,192931
068f7ab4e810af5b.jpg,7,,171772
529349fc50c02678.jpg,8,,176528
07d4db6bc6e0e911.jpg,3,,84689
419abc8de68688d6.jpg,2,,83144
47a185d1817b8c34.jpg,5,,138982
1794420f4d6ed9cd.jpg,9,,177870
4d80f1e251026389.jpg,8,,176528
10d98048c8ecb8dc.jpg,2,,83144
124e139fa9f542fa.jpg,4,,126637
345eafd6f57b7e61.jpg,8,,176528
11814e8d44fe35a6.jpg,4,,126637
561cfeaf42fd8738.jpg,1,,62798
149f2a2ea0c218eb.jpg,4,,126637
25cb7d2570d4240d.jpg,3,,84689
4b9e732dd2df202c.jpg,4,,126637
11dfc0d1d0eb99b6.jpg,8,,176528
15a3c3458ef77fad.jpg,5,,138982
3ddb9cf12b4be581.jpg,9,,177870
041f8b8a80463a66.jpg,2,,83144
2d0599a7aaad9591.jpg,0,,20409
234873808179d35c.jpg,5,,138982
2785a82bc4e63060.jpg,7,,171772
283317256272df5b.jpg,7,,171772
177356686a69ffb8.jpg,10,,192931
480791f172c00229.jpg,6,,151942
030aeff831f46a15.jpg,2,,83144
3504582805d4dcc1.jpg,4,,126637
16b940a23798b0aa.jpg,2,,83144
53afdebacba17661.jpg,4,,126637
3577138a8300b566.jpg,7,,171772
09a0e10688280bfc.jpg,10,,192931
3b8dcac6107c11f2.jpg,2,,83144
31c084d4a3c5f6ac.jpg,8,,176528
33804d9ef93a273b.jpg,9,,177870
02f7e9fa39f51e9d.jpg,5,,138982
521fa72ba51a95f7.jpg,8,,176528
10ae5fc03ba8eaf5.jpg,2,,83144
275bb7cfdef73eeb.jpg,4,,126637
308b59ca04b7edb1.jpg,4,,126637
42902d4f046325d2.jpg,9,,177870
4742271e03c237c6.jpg,9,,177870
2198c418a32ed82c.jpg,7,,171772
06954e6a417dae1a.jpg,10,,192931
230d7d4955085ce2.jpg,9,,177870
4ae6fbedf7f821e5.jpg,2,,83144
02bf64d9a81f4de1.jpg,6,,151942
302584a394042cb4.jpg,9,,177870
3a6ebd52e9b7c7c0.jpg,5,,138982
4401fb773cba8fa2.jpg,9,,177870
54d197505e958cfd.jpg,5,,138982
0c147ea7250b24d8.jpg,3,,84689
07076f98c89eed7f.jpg,1,,62798
0eb4765f58ea76d4.jpg,1,,62798
5101f613c3b94e57.jpg,9,,177870
148f5eca21612e45.jpg,9,,177870
0144ab987c9ec56b.jpg,2,,83144
1278483f06d8458d.jpg,10,,192931
25bf6071930baa46.jpg,6,,151942
0ef90e1897a14e60.jpg,1,,62798
06f7e224f5a1315a.jpg,1,,62798
2ac832bc1b02c72c.jpg,8,,176528
118695f112c92c11.jpg,7,,171772
2972bbe5dda28e77.jpg,4,,126637
33b71dd6168bb418.jpg,4,,126637
05a07cc4d7e09348.jpg,10,,192931
55441016ddb1afd0.jpg,5,,138982
284530a25df1fd1f.jpg,10,,192931
52e0ff2589fb56bc.jpg,10,,192931
105fc53ac6083e99.jpg,0,,20409
11687677a4f53e9f.jpg,9,,177870
527b5d9c21862711.jpg,10,,192931
2beb4c1ea292be8c.jpg,4,,126637
4658ca4d90cd04ca.jpg,2,,83144
11e0376e2baf2707.jpg,4,,126637
53a948ac3fbae8f3.jpg,0,,20409
12db19a98edf4482.jpg,6,,151942
075fc94d9ca82510.jpg,9,,177870
5152cf92e27b20ae.jpg,1,,62798
0df94500a2e4a8bc.jpg,8,,176528
2c7546cfba95cef7.jpg,0,,20409
083307f6e4393edd.jpg,8,,176528
482ff97984e02908.jpg,9,,177870
11045b1a9a87f0ef.jpg,3,,84689
477929a2216ea753.jpg,0,,20409
0608796a128e870a.jpg,7,,171772
2b62f237440ec145.jpg,7,,171772
3266cda9d472582f.jpg,6,,151942
2cb2bc3a6acd934d.jpg,2,,83144
4d055ada801893db.jpg,3,,84689
17ad47576c41075b.jpg,5,,138982
092656e36631b139.jpg,9,,177870
0391dc4f5bb16e70.jpg,5,,138982
2cb0d501bd8b7f0a.jpg,10,,192931
3dca2c702abae817.jpg,8,,176528
33f6869f314040e3.jpg,3,,84689
2e266cb83423d4d5.jpg,4,,126637
3873b469f82bbcc5.jpg,2,,83144
3634f90dadd1335b.jpg,1,,62798
17b555749c65c824.jpg,6,,151942
527f3bfd8f1b8e46.jpg,1,,62798
12fc211b1b80d43a.jpg,8,,176528
2bd7f6238ac4e84e.jpg,9,,177870
4f10d18b2cc58403.jpg,9,,177870
55b094bf35c8d4dd.jpg,6,,151942
08fa8220006fa068.jpg,6,,151942
00accecf859a530a.jpg,1,,62798
2d6d4c29a4e632ef.jpg,3,,84689
534598696d40d72a.jpg,5,,138982
2f9753bd4d1e1f64.jpg,3,,84689
4b5ab203b88688ac.jpg,10,,192931
36ad554e436ff239.jpg,3,,84689
3dd1a6a37d57384f.jpg,4,,126637
248b8bb206aead83.jpg,5,,138982
456394d2e3d10929.jpg,8,,176528
3a78f9c1e2221a95.jpg,4,,126637
52fc54f950ad5f12.jpg,5,,138982
07561d4526b1938c.jpg,5,,138982
267d84bf22260c0f.jpg,4,,126637
26eb00247dda5015.jpg,7,,171772
00f72b8b66b80165.jpg,2,,83144
375d8f3824c32179.jpg,0,,20409
39b7b7799d3c8e83.jpg,10,,192931
0789ef6344c1a324.jpg,10,,192931
318f600f9ceb286a.jpg,6,,151942
05338c1c63eb2ae4.jpg,10,,192931
55e7e3b6f550db91.jpg,0,,20409
018a65f43a7d9a82.jpg,1,,62798
472c9fc6eaacc83f.jpg,6,,151942
11fe5ce280be003f.jpg,7,,171772
27bdc2e84731bc4f.jpg,1,,62798
4225baec52112811.jpg,2,,83144
31030f507b7ec984.jpg,4,,126637
499fdf6f47e3a3b6.jpg,1,,62798
4db0016c2229a254.jpg,3,,84689
553ca7840f8184e7.jpg,9,,177870
10e926923143fe56.jpg,3,,84689
0f3aec97a2490ce6.jpg,6,,151942
35a45491467ff0c0.jpg,7,,171772
41a3c00704911713.jpg,8,,176528
300a159bb06718d9.jpg,9,,177870
0fa95883ee4ad0f6.jpg,6,,151942
514f50af2d51d38f.jpg,2,,83144
16b5747013d2d630.jpg,4,,126637
33fd2826cfa91698.jpg,3,,84689
2caa4200e83788bf.jpg,9,,177870
2b930e6ac8eb570b.jpg,1,,62798
07b1ef4cb759334b.jpg,9,,177870
2d004a1da548dc6f.jpg,4,,126637
3a4f7220d5c28ddf.jpg,4,,126637
27fb5f82cae01739.jpg,8,,176528
0b54628fa1f0f10b.jpg,8,,176528
554324a53c6c770d.jpg,2,,83144
0a001ec762863a0b.jpg,8,,176528
4436a968bdf2ffa1.jpg,10,,192931
337231fd774beb9a.jpg,0,,20409
327ad13ea438a616.jpg,9,,177870
16f759157f5a95fd.jpg,10,,192931
4fd1942032b647d0.jpg,0,,20409
5205ca4189191da1.jpg,9,,177870
121d97126f62f93f.jpg,10,,192931
449fb6c8a28228dd.jpg,3,,84689
4b172a443b4f5d57.jpg,1,,62798
264dbe9b6feb49a4.jpg,3,,84689
10377eedaf6f67d9.jpg,6,,151942
35b19fec0553ac63.jpg,1,,62798
48814ced5e8055ad.jpg,9,,177870
3d0cfd5172caae53.jpg,0,,20409
3e07b473a57ebc35.jpg,10,,192931
0071b1af96383e65.jpg,8,,176528
2e0097c3312947d8.jpg,2,,83144
0a7c7d7c0ce4e3a6.jpg,4,,126637
550c6b83c969e63c.jpg,0,,20409
01f730f20937756e.jpg,2,,83144
43471db2e373fb6a.jpg,9,,177870
46dde0e9b0597d02.jpg,2,,83144
425cb377e61ee1da.jpg,5,,138982
23038b3fc9c7c72e.jpg,4,,126637
5032f6234cfcad48.jpg,4,,126637
2405575e268c3a39.jpg,4,,126637
3bf8b69e1a5e933f.jpg,9,,177870
2654c1a5d8ed94d9.jpg,6,,151942
2fb030fbd07eca22.jpg,7,,171772
2407fa60c0370d9d.jpg,9,,177870
4143f3c5a2ede76b.jpg,7,,171772
4782ef6c1c3f9446.jpg,6,,151942
0c119fa251b2c29b.jpg,8,,176528
4973b512ae611639.jpg,6,,151942
41987e86ec1b2831.jpg,10,,192931
52dabb0dda0f4707.jpg,1,,62798
0e75b35fe47d7ff8.jpg,6,,151942
31f2d10cef466f5a.jpg,2,,83144
501130820ad79471.jpg,10,,192931
22f50a4296cb7f22.jpg,6,,151942
53d2038924a9d166.jpg,2,,83144
3bf94ed2a8ec8382.jpg,4,,126637
0ae62f74826c373e.jpg,4,,126637
44cf9f94e15413d3.jpg,6,,151942
122203252423bd3d.jpg,8,,176528
01a231c8fc5c7e29.jpg,1,,62798
4b4afecbab454a6e.jpg,4,,126637
351ed88f49115fb9.jpg,6,,151942
05be1c1fa0ca9e41.jpg,1,,62798
0ea25463acb311a8.jpg,0,,20409
330544e82390f0d8.jpg,6,,151942
2cc9d27a34512dfd.jpg,7,,171772
4ce12805c1dcc58b.jpg,7,,171772
53c0e4edd6922cec.jpg,5,,138982
479937cb0eaa7e3e.jpg,4,,126637
4fc7e1161495f579.jpg,2,,83144
09c46d1895f9a798.jpg,2,,83144
2b19532b24070b09.jpg,9,,177870
1387fc12ffd3244c.jpg,5,,138982
286dd5c4705148eb.jpg,4,,126637
2c762d47c518c7ec.jpg,0,,20409
0ed5d7d87259a870.jpg,5,,138982
05001dcd2646f992.jpg,0,,20409
50e3fa25b50336bc.jpg,7,,171772
304de3890d8c56ae.jpg,5,,138982
52a05710f4122c4d.jpg,9,,177870
341bd8d14adfcd49.jpg,5,,138982
042054414e27c2ac.jpg,2,,83144
49d4d847915a2234.jpg,8,,176528
551e51692c590ba6.jpg,2,,83144
017974ac4ef6a4bc.jpg,3,,84689
458bc2b4fcb42a61.jpg,4,,126637
0955aaf0890a672b.jpg,7,,171772
468d7534d85daa1c.jpg,7,,171772
421bf6b94fc82621.jpg,9,,177870
3b21cfa5d603435b.jpg,10,,192931
014ed634f72ecf78.jpg,3,,84689
3dad55e8d0c97c36.jpg,0,,20409
43a2f0269283a45d.jpg,4,,126637
2eef010bbdf6d200.jpg,1,,62798
3b78573a70f51166.jpg,2,,83144
234900ffe3cc4288.jpg,3,,84689
0a7d7e1495d8b299.jpg,4,,126637
07572113072efd93.jpg,0,,20409
47db40e0cf9fb9c9.jpg,9,,177870
336df68b5dc17f23.jpg,0,,20409
0f0234fe06df6645.jpg,5,,138982
45670c4e5be77aea.jpg,8,,176528
46c00b6133b28da4.jpg,6,,151942
023f7ecf1ebc5fbb.jpg,8,,176528
504da3348109029c.jpg,9,,177870
44f728f85207cd29.jpg,10,,192931
4288631c1b975cc4.jpg,9,,177870
248683f3fe63423f.jpg,10,,192931
145a77a55e7e04c2.jpg,5,,138982
16b24651ca63ae6a.jpg,8,,176528
267e6ff110e9efa9.jpg,2,,83144
00440f1714cc3b8c.jpg,9,,177870
3144bee98f52e4b1.jpg,5,,138982
0346beb9a2136988.jpg,0,,20409
091dacc8a50fddd4.jpg,6,,151942
11eb4023e996ccce.jpg,7,,171772
4c8c676ec9fd329c.jpg,4,,126637
3b0c57ce12ef228e.jpg,0,,20409
2dba9931364d92cb.jpg,5,,138982
3b7737ab8b37f6c3.jpg,0,,20409
3a4f5901e881c32b.jpg,10,,192931
3a225caddeecb6e8.jpg,8,,176528
48907b004f27baff.jpg,0,,20409
13fb653a2c0153de.jpg,1,,62798
2ad49da36a950864.jpg,8,,176528
4240a082491505d6.jpg,3,,84689
3a3d1a45ee1c0bff.jpg,9,,177870
3a1872e1901acc21.jpg,2,,83144
4d00bff0534325ad.jpg,10,,192931
381aa07bb78b229d.jpg,1,,62798
4f325ef46333b04c.jpg,6,,151942
3a7140d60172ad62.jpg,10,,192931
07ba74dda2c2cdca.jpg,7,,171772
2d3f5efe56c871c1.jpg,5,,138982
004cf6a4880f4d12.jpg,2,,83144
2a981ff4627b55c9.jpg,8,,176528
33d0a67a8001f02b.jpg,10,,192931
03c2e0417201b19a.jpg,10,,192931
0a4b157a7ddfb045.jpg,3,,84689
48759f5cb4d56c0c.jpg,1,,62798
49dc3be052b80e04.jpg,9,,177870
0d6654f4f8f08334.jpg,5,,138982
25ca789e9749f22d.jpg,10,,192931
4f6cf01f688f2772.jpg,10,,192931
4905e24bf7ac912e.jpg,6,,151942
3c6a2c9ed69a77e0.jpg,6,,151942
173d6e3aaa09ce7f.jpg,10,,192931
2b7b655abaed32ff.jpg,7,,171772
3c157cf935581a70.jpg,3,,84689
44b785b45be3f4c7.jpg,5,,138982
37c02c77253f197c.jpg,2,,83144
14fedd150353fac2.jpg,0,,20409
494a789a2571b828.jpg,10,,192931
4624f315c3ca2a4b.jpg,0,,20409
469a968aac55a426.jpg,4,,126637
019ea579f32faecd.jpg,9,,177870
252af3d848589183.jpg,9,,177870
448a05405bbb928d.jpg,3,,84689
3a50f315b1abb240.jpg,10,,192931
423447b059c1b5c1.jpg,6,,151942
3b29535d137cf82a.jpg,5,,138982
5052245527253c2d.jpg,0,,20409
3e6cbd5385173edd.jpg,1,,62798
0fa5c2868a9b316b.jpg,2,,83144
4e670cb3a14c727e.jpg,9,,177870
2b7038215fbb201d.jpg,2,,83144
2c3860045c2e9cea.jpg,5,,138982
5522a2e199ba9d51.jpg,10,,192931
14d7f907604c8511.jpg,3,,84689
3e060366f3707490.jpg,2,,83144
155247c84a72d259.jpg,5,,138982
3794345ffb237b78.jpg,0,,20409
4e9726317c8e7714.jpg,0,,20409
00353a6000f2bdcb.jpg,2,,83144
01d67884f9034c67.jpg,2,,83144
0cf5db64729601a6.jpg,10,,192931
0ccb01aba8f7621d.jpg,5,,138982
050b6aad8502d8db.jpg,7,,171772
4bbd127970637263.jpg,4,,126637
2ee3031e25480b65.jpg,2,,83144
1040145275e7b8a4.jpg,2,,83144
479ddb42cc685028.jpg,6,,151942
0dbe25c5114b2480.jpg,3,,84689
11a3ccda32eba453.jpg,10,,192931
4b18a6665abe13bb.jpg,1,,62798
3c67575e05f2e780.jpg,6,,151942
4e0432ee77a7bd2a.jpg,1,,62798
32a12362697aa40e.jpg,2,,83144
3da319f07f3dfb21.jpg,8,,176528
51b6c2a1a6c79e87.jpg,10,,192931
48d82bd08b41a17e.jpg,9,,177870
39ce583e3483be96.jpg,8,,176528
29bf7eef3b5edeaf.jpg,9,,177870
0e619f77f3895b10.jpg,10,,192931
1422fbc032727ec5.jpg,8,,176528
042e572e02827d13.jpg,5,,138982
3ad8108de0ebe52c.jpg,6,,151942
35d5550cd9f89c96.jpg,3,,84689
29c01c360f0c1b12.jpg,0,,20409
47ec587658d4c030.jpg,9,,177870
48fabe2f5c35a616.jpg,9,,177870
2427a52db308e048.jpg,4,,126637
4596ccc4281d70d1.jpg,4,,126637
0335cfea45795421.jpg,0,,20409
415be6325ba76fa0.jpg,2,,83144
26cdd8afde425cd4.jpg,1,,62798
4cae5422e33920c3.jpg,4,,126637
2ca0852b3dcab2b6.jpg,5,,138982
37ff8d5248f7e4a3.jpg,8,,176528
08a04198cf2485ea.jpg,1,,62798
2351ff4cc5c7f773.jpg,8,,176528
075fcc484d96018b.jpg,10,,192931
2774b48991d93422.jpg,8,,176528
4f98c5e6a34ac3ab.jpg,4,,126637
4b4f737a2363e2f8.jpg,9,,177870
34b4cc4d00bbd587.jpg,7,,171772
34201cc11ea700b1.jpg,2,,83144
3bd55d2a784f087c.jpg,2,,83144
231142fe78f7702c.jpg,9,,177870
05d847ff17ce833b.jpg,9,,177870
30a0ed4e6896507b.jpg,1,,62798
13e80ada0facfd54.jpg,7,,171772
0295fd3130313792.jpg,8,,176528
4fedb80729d42710.jpg,6,,151942
009e3813fdd06384.jpg,8,,176528
0280dfebc01ee4a5.jpg,1,,62798
0d03dcfaadee9ecd.jpg,8,,176528
163199f78a91c06b.jpg,10,,192931
34df83850b4c2f2e.jpg,5,,138982
2cd93644ca4ba0f0.jpg,7,,171772
2960b723a9d7ffe5.jpg,3,,84689
0fb76319fc08f99b.jpg,3,,84689
1674c0322c4dbd3d.jpg,9,,177870
040a3963ba739cbb.jpg,1,,62798
0f22ad8f8a867468.jpg,8,,176528
43f36df422a7d7ca.jpg,7,,171772
50fda87428662a27.jpg,10,,192931
36d5eb0c43df8cda.jpg,3,,84689
069af0df58d324b0.jpg,5,,138982
0d5b69646a9bec29.jpg,2,,83144
36d1fb4a72475bb7.jpg,4,,126637
43d79cd689cd6e2b.jpg,7,,171772
4e2ea6b9063c7fa8.jpg,0,,20409
01be612124f5ea28.jpg,0,,20409
0c34b39fe97186c9.jpg,0,,20409
12c09a08c7afe196.jpg,8,,176528
2a26e004e9c19edd.jpg,0,,20409
05bd7397b37869a0.jpg,1,,62798
3d13a9dcfb1b1b04.jpg,10,,192931
54d6a3cff4e6838e.jpg,1,,62798
16623518e250b8a5.jpg,2,,83144
367c657e0fb32dfd.jpg,2,,83144
2a62be8d14738047.jpg,7,,171772
4914306eb8f8ced0.jpg,8,,176528
34bceefd3184721f.jpg,2,,83144
3b601595132a809d.jpg,5,,138982
1045775c0bfd6aef.jpg,4,,126637
48b17b23406c3494.jpg,1,,62798
4a93f9bfbd9cbd74.jpg,6,,151942
435205b61bfbc063.jpg,10,,192931
072745152d8ade23.jpg,4,,126637
2a01938d6b1266c1.jpg,8,,176528
0b12220774ebb8a7.jpg,7,,171772
44bd3b0b9944856d.jpg,8,,176528
174c3d566e513220.jpg,1,,62798
52758b6aa67d2aa5.jpg,7,,171772
1773246c20507931.jpg,2,,83144
2c0b4aafc8462d4a.jpg,7,,171772
0f6287a8df2ccc67.jpg,9,,177870
4a25ab0e4b894bc8.jpg,2,,83144
4264e45564985aef.jpg,8,,176528
4c868e2e9bb5f717.jpg,2,,83144
0b7c6afec6a646ce.jpg,8,,176528
3d576373f519c8c7.jpg,5,,138982
1020d53d90e64871.jpg,4,,126637
025046c91498d0b0.jpg,7,,171772
533c375afca68745.jpg,7,,171772
3625adaf961a86a3.jpg,0,,20409
0ed8de8134ce9ae1.jpg,6,,151942
179f9d7fc5f58b9d.jpg,5,,138982
4b00174398d6f9f3.jpg,9,,177870
0f5074f471a32837.jpg,6,,151942
255ba4b47b35fdf3.jpg,1,,62798
29078e259fbd6a96.jpg,5,,138982
3928c7f97637d4fc.jpg,5,,138982
2e13d207244a1e29.jpg,7,,171772
3b860ec969c908bb.jpg,10,,192931
0868ed6351e270fe.jpg,7,,171772
021c614ecbbc1d36.jpg,10,,192931
3831367670ed1bce.jpg,10,,192931
309fbff2a52e7450.jpg,6,,151942
29685d6ef29fc3a7.jpg,1,,62798
04225bda4b3ae023.jpg,9,,177870
315df6028f28ffa0.jpg,10,,192931
51cc33888f7b72c1.jpg,1,,62798
0ff07d35b379033c.jpg,10,,192931
424a6ced438cedc8.jpg,10,,192931
3823ae14e60a0eff.jpg,0,,20409
3db313dde63b9c6c.jpg,5,,138982
1195e247ce243f32.jpg,6,,151942
22cc13b60068feaa.jpg,2,,83144
532a0b510a7e14d3.jpg,7,,171772
24c0e40e9a0031ef.jpg,2,,83144
4ee7fc805ac08986.jpg,5,,138982
02576ac90ce99c0a.jpg,4,,126637
153cf2a9480dfc94.jpg,9,,177870
4538de9ec04cfc48.jpg,1,,62798
0436cc10b9aad3a4.jpg,10,,192931
22e6b5eaac8771fb.jpg,1,,62798
4f04351ec99ac7bc.jpg,8,,176528
1555d18bfb78da90.jpg,4,,126637
4461c72afe906c52.jpg,8,,176528
4f88d8b703779f9c.jpg,8,,176528
46bcc6e3c1024c7c.jpg,0,,20409
075f8953165e9f08.jpg,8,,176528
2ea800b1cddbb6bb.jpg,10,,192931
53ef34669bb176c3.jpg,6,,151942
37bc9c44fb2e83b8.jpg,0,,20409
4239c685ed6b8b46.jpg,5,,138982
0aa6278aefffce51.jpg,8,,176528
45ffdc2e4dcd3eb2.jpg,4,,126637
002a6535cec242e7.jpg,7,,171772
3e15563f3a49d43f.jpg,8,,176528
4e684dcd3b9a0b15.jpg,10,,192931
2ef0e93064152e8a.jpg,0,,20409
4fcc34b20658b033.jpg,1,,62798
37960b7454128b8f.jpg,5,,138982
2516c41777708474.jpg,9,,177870
51dc7f5c7a8c0eed.jpg,2,,83144
4938a27cf78a5afd.jpg,7,,171772
2262059f207a2905.jpg,4,,126637
527ec81f2ce376c0.jpg,3,,84689
4ddaa0b1b17b8412.jpg,10,,192931
041192312d37c01b.jpg,8,,176528
13520976b4763be1.jpg,5,,138982
4e47d905f4539d4e.jpg,9,,177870
1538c23f0f4406aa.jpg,10,,192931
0fbfe5c0f6c44b51.jpg,9,,177870
51faf683001b72b6.jpg,3,,84689
0f5cee5dd3c1cbf9.jpg,10,,192931
41fc746684fbc1d6.jpg,4,,126637
38dc184557779c02.jpg,10,,192931
331de502114f155f.jpg,2,,83144
159f3af5ec11e73e.jpg,8,,176528
07b18fb13bd818ff.jpg,1,,62798
5508e3be66cd52d2.jpg,9,,177870
44df363e6410999b.jpg,3,,84689
07101c93f240e513.jpg,9,,177870
4fe9d37e997ec1f5.jpg,3,,84689
04cdadb9411afcc9.jpg,4,,126637
23aeb97ff7c4d934.jpg,5,,138982
55e6f8ebae4b0336.jpg,8,,176528
27553d21fd4afd2b.jpg,3,,84689
55e87edfe2f48944.jpg,7,,171772
4b5922e2bee404f7.jpg,8,,176528
370e2886ce06a956.jpg,0,,20409
0a3d80a27e824c7f.jpg,4,,126637
3c1450259e80b398.jpg,6,,151942
13e635f9f604d091.jpg,1,,62798
306389122fc5f8ae.jpg,8,,176528
03762f1f4360584b.jpg,10,,192931
36c955c1d476e725.jpg,2,,83144
0ab4e054336aa939.jpg,0,,20409
36ddeb20493bb7e1.jpg,2,,83144
3766ec94b0b85ea7.jpg,1,,62798
2aaa948d59f0ef4e.jpg,10,,192931
556604cbd8659a3d.jpg,4,,126637
2960cb95cab0753e.jpg,3,,84689
42cc366315305281.jpg,0,,20409
471e4edc06600c89.jpg,2,,83144
4dd8a59347af42e9.jpg,4,,126637
0f799d82bcf0e8da.jpg,9,,177870
4e3ca368ccca62c0.jpg,8,,176528
0d8c172ffe1d3f22.jpg,5,,138982
45a3cb0881f09ccf.jpg,1,,62798
4525d5640a04f2bb.jpg,5,,138982
071e61788b079d8e.jpg,2,,83144
34ed30b2261612a5.jpg,7,,171772
26adb2626fa2b980.jpg,4,,126637
4c6192a639e60941.jpg,1,,62798
0b0fc70eacd85500.jpg,8,,176528
4eb5d7ddef6da692.jpg,6,,151942
3574ee65edfcf4fa.jpg,9,,177870
54411ca6d544f387.jpg,10,,192931
4631a8f5bb6c09d8.jpg,6,,151942
4f02d2bf394af24d.jpg,0,,20409
25b00fa6bf00aa33.jpg,5,,138982
397d606df7219db2.jpg,2,,83144
3581842d219a9c4f.jpg,9,,177870
2aa83494126d7a89.jpg,9,,177870
01ef84855a61773f.jpg,0,,20409
42357d6916501bcf.jpg,4,,126637
48b5df906e07cda6.jpg,7,,171772
10964f0a2d70a472.jpg,3,,84689
51e5dc4d36ec0058.jpg,5,,138982
1238b2203e692dc2.jpg,6,,151942
51ebe6a0277ef89c.jpg,6,,151942
124eee0dc67a6871.jpg,7,,171772
3b2de0c1e24ac74e.jpg,3,,84689
3b1cbafafe60b28d.jpg,1,,62798
26340542d3500d0f.jpg,7,,171772
5007790d94398b7f.jpg,8,,176528
0badc964aadc60d9.jpg,2,,83144
48a9670c5782692e.jpg,6,,151942
4ff06e1977debb65.jpg,8,,176528
23af771c880070f9.jpg,10,,192931
094f109cafcaf3fa.jpg,5,,138982
003bc39be6236138.jpg,5,,138982
2f0d4b4e5659ccd1.jpg,9,,177870
37bea38961b7be30.jpg,2,,83144
286bdf45560c4a8a.jpg,8,,176528
55b78721c0bf82be.jpg,1,,62798
42cd5072687ddf3f.jpg,5,,138982
537c125964f2ab4b.jpg,4,,126637
0f297ddafb2c1ae8.jpg,2,,83144
4a2b3c81ebd9279b.jpg,3,,84689
4b65d37655bda45f.jpg,1,,62798
1363b11a1a98fd3a.jpg,6,,151942
5149de65ea97d7d8.jpg,5,,138982
0e72759713a9ad96.jpg,8,,176528
15958887ed162852.jpg,8,,176528
584ff5bf8e25dade.jpg,7,,171772
482c3b53acdc4491.jpg,8,,176528
10d52206eec2d1ef.jpg,1,,62798
3333a35dc9356544.jpg,8,,176528
25024a54de7c5854.jpg,4,,126637
2fb5d28ec7cb7895.jpg,1,,62798
02166269ccd9c9a1.jpg,2,,83144
3bb131a2ac85f8c0.jpg,7,,171772
0e0ba3a994f005e2.jpg,8,,176528
2301b859827c0f01.jpg,10,,192931
5470196bdab12023.jpg,0,,20409
05c68c271530fb6a.jpg,3,,84689
3d251decc04c5c54.jpg,5,,138982
547d10265b5a7aad.jpg,4,,126637
12e10c378e6e0fdc.jpg,5,,138982
04f3ea617cf5a178.jpg,7,,171772
4de1f7c35084360d.jpg,3,,84689
395e9b0120482a0d.jpg,0,,20409
343d56fff78e349b.jpg,3,,84689
2de3f630d3bc5ea0.jpg,7,,171772
548d4725c930b0cc.jpg,9,,177870
13c16e188c2b4fb8.jpg,4,,126637
516bd103420b22ee.jpg,10,,192931
4f8c9bdb787f01f2.jpg,0,,20409
48be97906ca0e518.jpg,10,,192931
4b90041b6dea99d7.jpg,10,,192931
045e2cbd816907c4.jpg,4,,126637
3252129002c9191b.jpg,7,,171772
44a09e678c1e42fa.jpg,9,,177870
5010227547529790.jpg,8,,176528
0b6140379871e599.jpg,9,,177870
2b977492d7ef7d6f.jpg,1,,62798
3d44698625e7b395.jpg,0,,20409
1155672428455aff.jpg,4,,126637
48e935721bb9ec30.jpg,2,,83144
32b5038f32e3d74d.jpg,9,,177870
47331ed0fa9b5e31.jpg,2,,83144
12e30ba9367096df.jpg,4,,126637
507e363821cea5c1.jpg,8,,176528
2b13d8c46bf44607.jpg,7,,171772
4a316f3ac7d571ac.jpg,8,,176528
0dbbeb05e920c808.jpg,2,,83144
34fce311d68ca0be.jpg,8,,176528
08d426d81ee3a0bd.jpg,7,,171772
005bdbcf50d5a44b.jpg,2,,83144
227720a4e6afa938.jpg,10,,192931
41c1448035095b32.jpg,8,,176528
11604b5b9bd04acf.jpg,10,,192931
02205f9c16b7744b.jpg,0,,20409
3983a21fc30678a4.jpg,8,,176528
0140a6e674d42192.jpg,6,,151942
118133b8d064ee24.jpg,1,,62798
5191c5be70a5c0c2.jpg,1,,62798
36f54eb33c1ce1bc.jpg,9,,177870
0d61f9e2e62c38c4.jpg,8,,176528
41f65255e6b3b20e.jpg,4,,126637
0185ddaf2bd48c0a.jpg,9,,177870
41dd9092ffb297e9.jpg,5,,138982
22f3bae2d654ec77.jpg,6,,151942
3b0e065b47221aa7.jpg,0,,20409
52c7b7fd19e4cd3b.jpg,8,,176528
22967441489ffaa8.jpg,8,,176528
10fa64eb7147274f.jpg,0,,20409
54bafee21cc7fe2c.jpg,2,,83144
2a2ef211aa41370d.jpg,7,,171772
282d9227f2891a41.jpg,8,,176528
2fc71c7f8438a4d7.jpg,4,,126637
417d6b002c2ebafb.jpg,7,,171772
485bdb5ddbb3b6e6.jpg,3,,84689
24b7074d8696c161.jpg,4,,126637
4e4e05c09dad7b6d.jpg,6,,151942
36ad9a18e48e4471.jpg,3,,84689
4c66c5202a8db895.jpg,9,,177870
4b8310aaa45276be.jpg,3,,84689
21bd4fd617182d2c.jpg,0,,20409
4d7595c8aef687aa.jpg,4,,126637
514c31afbb3a9437.jpg,8,,176528
3154bf3fb85ed4f0.jpg,7,,171772
44738e16e35a38fc.jpg,4,,126637
3896cfe01e76d860.jpg,1,,62798
3197a925156d60c6.jpg,4,,126637
54dd7efb40cb995a.jpg,10,,192931
130a28243060caf9.jpg,3,,84689
44949eb71d6ec3a0.jpg,8,,176528
48d3ef53ae467d3a.jpg,9,,177870
2eeb2f0283ed7efe.jpg,8,,176528
07c9db73f9e43db2.jpg,5,,138982
2fe2a46b390e5bf8.jpg,9,,177870
3c469480c0c8c71c.jpg,10,,192931
52d332d3c1d1265b.jpg,9,,177870
4262a2390e7ee908.jpg,5,,138982
0873febc9ac56549.jpg,2,,83144
0b472d433fa9e4e8.jpg,7,,171772
35efb6be78f9fc1c.jpg,9,,177870
071edb8e658d05fe.jpg,9,,177870
28d25a84dd5bc498.jpg,8,,176528
512491fc8a7b7989.jpg,0,,20409
149c35e5bb18e0e0.jpg,0,,20409
34add6dc65b9f9f0.jpg,1,,62798
2ffdfbeec79c127a.jpg,3,,84689
552765339fd568bc.jpg,5,,138982
27e20378ea6ea579.jpg,9,,177870
34fe68282c39f326.jpg,8,,176528
0508df5eca66b50f.jpg,1,,62798
0b77dffd3260d145.jpg,6,,151942
0a4d03fad6634b13.jpg,6,,151942
25b7cd7eb569a5f7.jpg,4,,126637
2cc3419d46eb357d.jpg,7,,171772
0e6269bc3462f20c.jpg,9,,177870
38a6e5e34161b53e.jpg,8,,176528
46cc05145fb71653.jpg,0,,20409
315c333db0b06679.jpg,1,,62798
2968ef1d3f0fecce.jpg,7,,171772
0aa694d25371bcde.jpg,5,,138982
2fb977be71edd851.jpg,5,,138982
46d80b1109759918.jpg,4,,126637
297966f3f52b7712.jpg,2,,83144
4ce1879db581b2b5.jpg,0,,20409
13e5f5fea03e96af.jpg,6,,151942
55a7eca935ebcbe9.jpg,5,,138982
15242eae924a2833.jpg,8,,176528
0a2568df63a2b1c4.jpg,2,,83144
4ececeb019e0e547.jpg,1,,62798
53a9b36fbde88344.jpg,5,,138982
50c1de2fb06f732d.jpg,0,,20409
0dfb1a3c15bc31d2.jpg,7,,171772
35812ec3a596cdc4.jpg,9,,177870
45972d4fe9440b27.jpg,0,,20409
3d741af9b5d98bc3.jpg,5,,138982
2d2c047417bfac70.jpg,7,,171772
0478596242d8ff49.jpg,8,,176528
12311192bdd5c2f8.jpg,0,,20409
509de20e3447e86a.jpg,1,,62798
42b01ec9a05bb789.jpg,9,,177870
4260311732045c76.jpg,9,,177870
312456a2331dca31.jpg,7,,171772
023489b87edcd1b0.jpg,4,,126637
297d34e9ef6f67e9.jpg,6,,151942
0f8be388189b4c18.jpg,3,,84689
138a7500d8857b80.jpg,8,,176528
3d40971148fa96ac.jpg,4,,126637
0cc256efd0b234f6.jpg,5,,138982
064c3695ccd6211f.jpg,9,,177870
1046b24f7339c958.jpg,1,,62798
3de1f0d8fc9cc112.jpg,7,,171772
39219bebca0e6b34.jpg,1,,62798
128c191206e4544c.jpg,1,,62798
2e084821627e3fe1.jpg,9,,177870
3884d5b8bf17c0d6.jpg,9,,177870
395635a5aae69b40.jpg,7,,171772
0e1917aafbd4a5ee.jpg,2,,83144
2f9124c605450bb9.jpg,8,,176528
0ac95c078dc86307.jpg,7,,171772
320b616c64e71c72.jpg,10,,192931
17a39bc15d53e42b.jpg,4,,126637
17cbae19deede311.jpg,2,,83144
3110130aa96cd129.jpg,0,,20409
275ba1d7e33b7035.jpg,5,,138982
3a12c840dd42a173.jpg,1,,62798
443c73a5374f5551.jpg,0,,20409
54658364a28c3785.jpg,1,,62798
07356d77bf939a1c.jpg,3,,84689
25dcfb77c185d999.jpg,9,,177870
4c4daa26d1f08f51.jpg,9,,177870
1023f4c842156cf2.jpg,6,,151942
37356347c2b7de46.jpg,10,,192931
112382e70d82c4b2.jpg,10,,192931
079d5730944fe8d2.jpg,9,,177870
25c1220d909cd3bb.jpg,1,,62798
2b867595b29a536d.jpg,5,,138982
552ee4eabb1b3189.jpg,1,,62798
38c8be5e5b10018c.jpg,9,,177870
4cbf153561fe29c1.jpg,4,,126637
26af93f4c78dcef3.jpg,8,,176528
4a1912f2a902f7f1.jpg,1,,62798
147df04efa3a500e.jpg,7,,171772
2cd9b5c496dd98a9.jpg,2,,83144
2c17c3e114a1f7cc.jpg,0,,20409
0c7548deaa3b4049.jpg,1,,62798
1311f9c3b2149c0c.jpg,6,,151942
2449e4d3becad617.jpg,6,,151942
440c7a4f56bbe53c.jpg,2,,83144
30fd6d20a0d8d8f7.jpg,10,,192931
015a53c9993ce2e8.jpg,3,,84689
108ba57233ebfbeb.jpg,10,,192931
01b765f622b07858.jpg,8,,176528
3b1586757a45bf24.jpg,10,,192931
23cde943736737d3.jpg,9,,177870
49a444841133f2ae.jpg,4,,126637
2671c7a74c54d150.jpg,4,,126637
49d5fdcaefb867e9.jpg,10,,192931
46787b333891a528.jpg,4,,126637
246470ca855e38b8.jpg,0,,20409
23a87cb31b68080e.jpg,5,,138982
3e43ae27cc8d3948.jpg,10,,192931
330541e07eda1829.jpg,9,,177870
09e46032e6e026d7.jpg,7,,171772
26eabb76797d797e.jpg,7,,171772
3bb5bc6983d79e56.jpg,8,,176528
44fc9c123753b696.jpg,5,,138982
02e7ec39ded57c39.jpg,3,,84689
3e5339c6f62632e7.jpg,4,,126637
36bea7ca73432df4.jpg,6,,151942
14098bc70bb7dd3f.jpg,7,,171772
5128f4da8e94735b.jpg,3,,84689
35f5018d35f7b135.jpg,4,,126637
5552e9cae61ed3dd.jpg,10,,192931
4d7e59be67226ebc.jpg,7,,171772
442b68cafee66179.jpg,7,,171772
26ebce23f1425e64.jpg,4,,126637
55adc82e2acfb73a.jpg,4,,126637
530a333e6730d821.jpg,3,,84689
08e6ac035939d38b.jpg,5,,138982
1887a46f60a003a6.jpg,1,,62798
37c9b68d2609ac2c.jpg,6,,151942
3003cf4af3e49c32.jpg,1,,62798
0e090c0e4c533bb0.jpg,6,,151942
2e9fac09ba86bcf9.jpg,1,,62798
096908a4b3112284.jpg,5,,138982
0153ff2805329856.jpg,6,,151942
374c2bb20d9a4caf.jpg,2,,83144
53cb508f73c6f780.jpg,9,,177870
3204a34aaa36467c.jpg,3,,84689
1599696e7d26afbe.jpg,1,,62798
2b4ba7e57f038a7a.jpg,10,,192931
42a260a0bd56a1c5.jpg,8,,176528
540795b96949f392.jpg,1,,62798
43535a650fa370ef.jpg,1,,62798
50c55dafdce7735f.jpg,10,,192931
3516c4df7cd3d168.jpg,6,,151942
0e74e81b0064ef6d.jpg,2,,83144
010f2e2ef0aa6915.jpg,10,,192931
46af8f7f1874c9b3.jpg,10,,192931
30b7265b2350871b.jpg,6,,151942
2cbbadc6ec753c64.jpg,9,,177870
4be2c271da6af334.jpg,2,,83144
2f4a9ee7801ced8f.jpg,0,,20409
007e306768c0ed57.jpg,10,,192931
252d9737f34fb564.jpg,1,,62798
16c4254519ad1513.jpg,8,,176528
5851a647d53dc59c.jpg,2,,83144
3243a705bdf00d30.jpg,5,,138982
47cdc9f4201fab19.jpg,2,,83144
07ee08a637151255.jpg,4,,126637
0aed6e120664eb69.jpg,8,,176528
23fe6de4551a14fe.jpg,2,,83144
249d21b6735e3699.jpg,3,,84689
3a24d213ba61502b.jpg,6,,151942
1092bf21bc7e3873.jpg,4,,126637
2b92920d47f2bd2b.jpg,5,,138982
2c58cc47b1c54553.jpg,5,,138982
2493c403ad48774f.jpg,0,,20409
5475d54f29c323ef.jpg,7,,171772
45226d1262f2d45e.jpg,9,,177870
11e8590074a0dcea.jpg,9,,177870
35ccff62ecf67d54.jpg,3,,84689
3cd3f312f2aad9eb.jpg,2,,83144
4132a39ec08f5ade.jpg,7,,171772
3b2fa9635a494b10.jpg,9,,177870
3aeeeb193ea99279.jpg,4,,126637
39687258f550c2ec.jpg,6,,151942
4b3fa368ffa82f5c.jpg,1,,62798
3d5caca2401e06e7.jpg,7,,171772
069e4da9b5417363.jpg,9,,177870
4fd9d3a7116d94b0.jpg,0,,20409
0ef53bf74188dd58.jpg,3,,84689
2f95437d41c981e5.jpg,4,,126637
45e8544a953de2a4.jpg,7,,171772
23c8e7cd2859a952.jpg,2,,83144
2f20b6f9f6a4d37e.jpg,9,,177870
148f2e8fa2b0d67e.jpg,4,,126637
2fe4d534f32f2a8e.jpg,5,,138982
06fbb9b030e16fb9.jpg,10,,192931
55809f91dd47bea0.jpg,9,,177870
23c5407f9a1c279d.jpg,7,,171772
237a004df15d6cd3.jpg,5,,138982
5823e1eaf80884f1.jpg,0,,20409
12a80f0d425a1ffe.jpg,7,,171772
3cc3ae5749c0a7fb.jpg,2,,83144
0af520d6a4bacdf3.jpg,0,,20409
0904a939c1fad382.jpg,10,,192931
0012ae7cae66b6bc.jpg,0,,20409
4720ee899119fe0d.jpg,1,,62798
2ec29b35415f133f.jpg,5,,138982
2a33024890119e53.jpg,10,,192931
540a64b2fd37c561.jpg,3,,84689
1861a9516c8e8aa7.jpg,4,,126637
4fe652442921424b.jpg,8,,176528
2a7bd08783e0dd52.jpg,6,,151942
39a728e1465fc09a.jpg,3,,84689
500a2e49f6949505.jpg,4,,126637
153ef4dc80769af7.jpg,1,,62798
275840fea872dcad.jpg,4,,126637
166cbca25a176ce4.jpg,3,,84689
14ea240b035d9217.jpg,5,,138982
0126bd9613e6925a.jpg,3,,84689
335ba6770189e043.jpg,9,,177870
11e5485779e39333.jpg,0,,20409
4ff02a07ae0dd3df.jpg,4,,126637
396c13bc4197a712.jpg,5,,138982
1023cc8e25ce6802.jpg,1,,62798
4b9e248ff5411c98.jpg,0,,20409
52e9d5a246186a72.jpg,5,,138982
2ee5a5d2579a088b.jpg,1,,62798
539b2a7ecba72029.jpg,8,,176528
4b8528326e6b3f69.jpg,3,,84689
3c6d52789a6d5099.jpg,0,,20409
24655c6a8e3d4662.jpg,9,,177870
3484d4655c714261.jpg,6,,151942
11dded70175ccd8b.jpg,3,,84689
4da0e5d4aa9f8ece.jpg,10,,192931
158c20ee374d754b.jpg,0,,20409
3068276d06905e95.jpg,5,,138982
52f44b36b0dfea8c.jpg,9,,177870
31e8b1bc1803073c.jpg,7,,171772
27f699daae7e203f.jpg,0,,20409
423cece12eab1f3c.jpg,1,,62798
0a498c6f7643936d.jpg,10,,192931
3c525d2e06780511.jpg,3,,84689
37a3814ffd149978.jpg,3,,84689
41f63047e84242bc.jpg,8,,176528
55ee729ec0872c0e.jpg,10,,192931
0f174f43dabb2600.jpg,0,,20409
0b93d519c6a308c1.jpg,4,,126637
16aefb2f14f54c13.jpg,8,,176528
2e21a78d401a4158.jpg,4,,126637
2d9c604e3bc8f9f0.jpg,4,,126637
39497a0013205331.jpg,8,,176528
4ca525dd871a7893.jpg,4,,126637
0dd6ea41ff9afecb.jpg,1,,62798
4f7b0f82308ad111.jpg,10,,192931
2a5d01530748e410.jpg,7,,171772
0e84f1283a34fda5.jpg,7,,171772
4432a0f101c129fa.jpg,4,,126637
4fd491148419bb2a.jpg,5,,138982
48d5669bd0286d46.jpg,4,,126637
4fe479bfd33f3bfe.jpg,7,,171772
54ada863d3fc8662.jpg,7,,171772
06061912a0eaf498.jpg,10,,192931
1387f243b39902bf.jpg,10,,192931
5100f369796389cb.jpg,7,,171772
3209190b75fd0091.jpg,6,,151942
43d17e347f81fe35.jpg,4,,126637
18301147557c2e29.jpg,7,,171772
2a6c94a22ec8f2d3.jpg,0,,20409
2151e038b202e576.jpg,4,,126637
55059cecadb2413c.jpg,9,,177870
4bff05e877760a04.jpg,8,,176528
52b6f0e94db66ba8.jpg,4,,126637
24f692ff4b51face.jpg,9,,177870
08efbac52d71cb2c.jpg,3,,84689
41833f31fa669145.jpg,7,,171772
48b919bc81ec0ee1.jpg,1,,62798
2b101f2d307e372f.jpg,10,,192931
3670e045dd352bd5.jpg,9,,177870
01ffb032f6149c5a.jpg,10,,192931
0d6059f21b7970aa.jpg,2,,83144
233db208db8bfe8c.jpg,2,,83144
0da16ef25aa54dfd.jpg,3,,84689
1652e02cc9bb1b84.jpg,6,,151942
36cc144fd9f4a6ff.jpg,10,,192931
290ba87e7a9522dc.jpg,9,,177870
148ec7d4b93af968.jpg,2,,83144
152b36680d88ccbd.jpg,9,,177870
15ccc4a70ae3db13.jpg,0,,20409
1481fc1011f65dff.jpg,7,,171772
11775b1376fa7335.jpg,3,,84689
17734f8780e589c4.jpg,2,,83144
563e63321df4777b.jpg,4,,126637
370a69294f8f7b33.jpg,7,,171772
4da8425a9f6d3545.jpg,7,,171772
290ea103ddd521de.jpg,8,,176528
2af13dad2f021395.jpg,4,,126637
2871a2dd0d87cd68.jpg,2,,83144
2171a0de71fe5000.jpg,10,,192931
05edbc044dc1601d.jpg,10,,192931
4ca06a4dc3ad7883.jpg,10,,192931
4756d1c0be4e866f.jpg,9,,177870
2e42fa32d5e8ea9d.jpg,10,,192931
38a01576d7b5a6a9.jpg,5,,138982
03e35c6947544ab8.jpg,3,,84689
2f068afc29cc8188.jpg,5,,138982
4ee7f9f6432ad4a3.jpg,5,,138982
4ec8d0aca3f39385.jpg,4,,126637
49a193e710ea7418.jpg,1,,62798
2bf49a982b466fef.jpg,10,,192931
32dbeca421c0119d.jpg,3,,84689
43e89938e0d46e3c.jpg,4,,126637
4455d8acb70f5b8f.jpg,10,,192931
4e2ee308e5a298bb.jpg,7,,171772
2d211ac92d210680.jpg,10,,192931
2c54b6040e7278fd.jpg,3,,84689
0bf4f38c6087c05e.jpg,7,,171772
2eba5447abfabfd2.jpg,4,,126637
4b71fa37b35badb5.jpg,5,,138982
010208c2e8a0a1ea.jpg,9,,177870
0996c3499e860a95.jpg,2,,83144
29fd65e686f6e469.jpg,10,,192931
58466517b67a3417.jpg,7,,171772
005a8824f4f42823.jpg,7,,171772
50e8655b3ec8eff1.jpg,4,,126637
0094b67cddc69f58.jpg,2,,83144
453343279136f402.jpg,2,,83144
4fc8d338aed6ec59.jpg,7,,171772
0d842d7a9c73cf4f.jpg,2,,83144
119841c7b3bd2bea.jpg,6,,151942
3c5c764f259c0a6a.jpg,2,,83144
30ba737f35a7ecb4.jpg,6,,151942
17d1d6dcf865a39a.jpg,7,,171772
3813efdeba78a7ca.jpg,1,,62798
52277de6ba845d28.jpg,7,,171772
3bed835ca6b20694.jpg,7,,171772
3138a3dc67bbca2c.jpg,0,,20409
13f701cceb0f2a35.jpg,9,,177870
4907458f7e7a6d91.jpg,2,,83144
3b7d8cc712aea33c.jpg,6,,151942
560442d031f4bffa.jpg,4,,126637
48c379997082e5ab.jpg,10,,192931
25156abe2b62fab1.jpg,2,,83144
290d8b9b58ad3428.jpg,1,,62798
37a6134408325e9b.jpg,2,,83144
43174e22a5d379c9.jpg,1,,62798
4f8c91ba0eee8417.jpg,9,,177870
1381d401cedc67e4.jpg,2,,83144
12c642f1718d9931.jpg,6,,151942
4a992d279f99f3b6.jpg,10,,192931
144459539c00fce2.jpg,2,,83144
040562122e7efe3e.jpg,9,,177870
2fb9f1807e0dfd52.jpg,8,,176528
07530a75e5048167.jpg,1,,62798
3378d2609a98d1ae.jpg,5,,138982
277a5e9939c1286f.jpg,3,,84689
50cc63cf02439a8c.jpg,3,,84689
09264e697ba3c7e6.jpg,2,,83144
3252025c8d2c583b.jpg,3,,84689
544be72ea7eabf87.jpg,2,,83144
39e618e09e3bffdf.jpg,5,,138982
14a34d73af53ede9.jpg,8,,176528
2a5cfcf5ab09a107.jpg,5,,138982
22d02cc9b80e35d4.jpg,1,,62798
3e61415261a6ec55.jpg,0,,20409
061e69356d14aae4.jpg,2,,83144
13d68314a48158d9.jpg,9,,177870
49801aaf6598dee1.jpg,2,,83144
5375bb9f30ab8475.jpg,6,,151942
3e6bd55454d7588d.jpg,5,,138982
527b9f8735563ea7.jpg,0,,20409
38f4cb4abb495814.jpg,10,,192931
0b256b32b5a2c1a5.jpg,4,,126637
0da9fe99fbcc42b8.jpg,3,,84689
0cda478f08af4a94.jpg,0,,20409
561d38c5025f032d.jpg,6,,151942
0bd5f4211b35b829.jpg,8,,176528
47241c75a0d9c02d.jpg,6,,151942
433f2ccb23c65ee4.jpg,10,,192931
47b7381a54a9491f.jpg,7,,171772
4da3f633c5528ffd.jpg,0,,20409
271af6b476c51017.jpg,5,,138982
04ff1dad241bea38.jpg,3,,84689
149ebca4700a1590.jpg,10,,192931
15c15ac5f80468fd.jpg,8,,176528
3b8d1951f3c5383d.jpg,10,,192931
0c8fdb1f1e2365f2.jpg,6,,151942
3cd57f7764e1a59b.jpg,7,,171772
4fa875524a0cb45e.jpg,5,,138982
528af4123c72ecd9.jpg,7,,171772
2aa771bf1f3da8d9.jpg,7,,171772
48df781441710b32.jpg,1,,62798
48cfe85ff46392ba.jpg,10,,192931
01f757692eef900d.jpg,3,,84689
14838e1fd9efee69.jpg,2,,83144
01294d171c6a5a99.jpg,0,,20409
025030e51ddedddc.jpg,0,,20409
3c90269428b21a07.jpg,10,,192931
2f0ee7a07d915e9b.jpg,10,,192931
3b328d9feb8bb4f5.jpg,9,,177870
45164c15feb8a436.jpg,5,,138982
35fefbc3e3619d4c.jpg,4,,126637
560210144b1ceaf4.jpg,10,,192931
42b0f44185bd5cdc.jpg,0,,20409
4debe19ea4598f3b.jpg,4,,126637
2bc894f75d18a491.jpg,0,,20409
35e0ce35afc03cc0.jpg,2,,83144
313ccfb1f99e47ee.jpg,0,,20409
2f6b05f832ebdcf3.jpg,4,,126637
09ddfe4667663688.jpg,9,,177870
239d0830ef4ba9c3.jpg,9,,177870
3dd64641816f548a.jpg,9,,177870
2ffa4eb609176422.jpg,0,,20409
10e6b6bd1a91cdc7.jpg,4,,126637
2f48adfd4d8f5294.jpg,4,,126637
126b2fb57e6125ac.jpg,9,,177870
13f13fd6273ba1dc.jpg,5,,138982
3e41b75b72609ecf.jpg,4,,126637
05874c594fbbc581.jpg,6,,151942
4451fa9501c824e2.jpg,5,,138982
04ccb29ea0685248.jpg,0,,20409
09f2c723412e03f9.jpg,4,,126637
30a7d5125a119960.jpg,9,,177870
02cd865fdf06f715.jpg,10,,192931
4961a5ae6f095724.jpg,1,,62798
463b65a8dfa9bbfa.jpg,5,,138982
4687028be3c89837.jpg,10,,192931
070d9eec28769db7.jpg,10,,192931
42b5f7b92614549a.jpg,0,,20409
176f47a6eb50e74f.jpg,6,,151942
45f69d1142f5b966.jpg,4,,126637
4decef83f1094145.jpg,3,,84689
4a8e18ef314fd885.jpg,7,,171772
07b8a4bc56264091.jpg,2,,83144
375e1ac922718812.jpg,1,,62798
319e11165ccdfd84.jpg,2,,83144
16221f1ab5ea506b.jpg,5,,138982
44edd3ea67d27ce8.jpg,0,,20409
12a2e2dfbfa17ccb.jpg,7,,171772
0a5050825a4347cf.jpg,0,,20409
017cf3fb2a7195d4.jpg,7,,171772
16e2b6327d75dc4f.jpg,4,,126637
29c6a7ed695a7733.jpg,8,,176528
29eee8ec8841c323.jpg,2,,83144
0d18cba9ed1617a4.jpg,6,,151942
0d386d71873dda4a.jpg,8,,176528
35d2918e225eb071.jpg,7,,171772
040363d1955130b6.jpg,8,,176528
3cc002109b7fdf4f.jpg,4,,126637
27e336c860f2836c.jpg,2,,83144
480273b2a82d2f69.jpg,2,,83144
3971941ccaf8916f.jpg,9,,177870
09f263b05f502c0b.jpg,3,,84689
41bb3f882ed46920.jpg,0,,20409
585c38dc1627bc27.jpg,9,,177870
234484f42adc328d.jpg,1,,62798
3a6b554c469bda89.jpg,5,,138982
443440d642a83a6c.jpg,9,,177870
0a5ebe0c62a7000b.jpg,4,,126637
5359595fec0e8b3f.jpg,7,,171772
25ef8315e3b3d7e6.jpg,0,,20409
45dbfefe78c5b2ac.jpg,6,,151942
0d6433e3f05ab567.jpg,1,,62798
089a8f5617a17703.jpg,4,,126637
4ab578c1fca4cab5.jpg,6,,151942
099bbd3d11db5ad7.jpg,7,,171772
0ea4567227573eee.jpg,7,,171772
50cee7d9d4644685.jpg,4,,126637
3a7aea9eacad001e.jpg,4,,126637
23efc0f579e29a0a.jpg,3,,84689
2ea5cd3d3e72317c.jpg,0,,20409
30072d0b1a741c19.jpg,10,,192931
2d427b33602b32c7.jpg,0,,20409
1118f9d40a916a39.jpg,0,,20409
4b4861358e5d104a.jpg,7,,171772
4f7966e0ed2843b5.jpg,10,,192931
28fee1b131973be4.jpg,3,,84689
47df3fcabf0ab755.jpg,3,,84689
52b5af2f36b928bc.jpg,2,,83144
4af82c79aaa00e5e.jpg,7,,171772
3844e16c3f27f309.jpg,7,,171772
44a14db29a6dda58.jpg,10,,192931
16bbd08b44dde874.jpg,10,,192931
4ab0820b5f9fb44b.jpg,9,,177870
1429314673faba8f.jpg,9,,177870
15af05b1f166d8d6.jpg,2,,83144
17b320e0a548b7d8.jpg,1,,62798
10ea835f1f7ea4e2.jpg,9,,177870
417cbd9319d6f199.jpg,1,,62798
3c8e3b26a76e2d00.jpg,2,,83144
264d39cfbccc755c.jpg,0,,20409
35064d6edefc0202.jpg,3,,84689
5599f3f83bc39e29.jpg,3,,84689
46eb5f21352c56e6.jpg,1,,62798
48fee2a6e26fe371.jpg,10,,192931
29b82768a1bbaf1b.jpg,1,,62798
4c1ba6f746069092.jpg,2,,83144
4432f67063cffce7.jpg,6,,151942
0397b3a061082670.jpg,0,,20409
4c839e03ee900dc1.jpg,5,,138982
2deb2fd6e55ee52a.jpg,1,,62798
42934426da8635b0.jpg,3,,84689
42acb49b0d349074.jpg,0,,20409
4a047fc043d5ed98.jpg,7,,171772
3d3fceeaf5242cf6.jpg,0,,20409
0ccec1a0935fded4.jpg,9,,177870
3bb21746834988c0.jpg,3,,84689
2da570dae113e059.jpg,10,,192931
3230143b6117f947.jpg,6,,151942
07461c6264d7eff1.jpg,6,,151942
428d26e1aa5268ac.jpg,9,,177870
3286f1f4211e0307.jpg,9,,177870
16f3ee0b8c03394b.jpg,9,,177870
06138e179f321f71.jpg,3,,84689
44e66f91ef12a60b.jpg,5,,138982
2c3194004d5ed8dd.jpg,0,,20409
2c0bf456a5f8af1c.jpg,8,,176528
3218707778f09d6c.jpg,1,,62798
2baf46fc13a8c299.jpg,1,,62798
41949879b0d9cd1d.jpg,2,,83144
0d4ae67a741d725d.jpg,8,,176528
3399c1b9fb3d8eb0.jpg,4,,126637
05dc8aae539c7612.jpg,9,,177870
367f052e129b4a4f.jpg,0,,20409
3ddb4b717d92b04c.jpg,1,,62798
4147d2f283a684ad.jpg,6,,151942
0683a7f2dd053904.jpg,6,,151942
51c20dc770ce8b90.jpg,10,,192931
50f4960bd895098d.jpg,5,,138982
06872aef7fbf8cae.jpg,5,,138982
4c741b0727ad1639.jpg,5,,138982
501b4d892aee0cb6.jpg,7,,171772
10809a9343d0725f.jpg,7,,171772
0d17f090a17e0558.jpg,6,,151942
13e31a75edfc9915.jpg,1,,62798
17a1080efa3f72a0.jpg,8,,176528
29a6c1d77f049f32.jpg,1,,62798
359dc7b46eafdb26.jpg,5,,138982
181396f1b0d7a854.jpg,3,,84689
52485ba6b0a4280a.jpg,2,,83144
45ce3ea9268d494b.jpg,4,,126637
0cb40e2305dabcfd.jpg,3,,84689
00fbdf8d2f8580a7.jpg,8,,176528
0c22e1423c2ed680.jpg,2,,83144
3c2ba483fd8a6ce5.jpg,3,,84689
2ac353e5acd89684.jpg,5,,138982
3cf57f4fb51d88c2.jpg,9,,177870
4f4c5aa6d7fd6fd5.jpg,3,,84689
2f0ff34273c1716d.jpg,4,,126637
3cce8c16def51aff.jpg,7,,171772
26e1c40325ba2ce5.jpg,8,,176528
54e3f2f533535b2f.jpg,8,,176528
08d404b12e900782.jpg,6,,151942
30644c4076cfe889.jpg,4,,126637
15ac42e1a5d671de.jpg,6,,151942
0e6759726bdef3aa.jpg,3,,84689
51331c129fa2e3c1.jpg,10,,192931
2c39b21be96d8758.jpg,2,,83144
288195254f6c50aa.jpg,2,,83144
5064e953ce9a4f37.jpg,4,,126637
053959ca2f8c044c.jpg,6,,151942
28a8cddb03433d99.jpg,10,,192931
463847ef3418659b.jpg,5,,138982
1885f6fc71ae8887.jpg,6,,151942
01307fa6e3008d4f.jpg,6,,151942
4bdd859e7b04adb0.jpg,0,,20409
4cf47e5db0b2f773.jpg,4,,126637
234f753136f8fa1e.jpg,0,,20409
159b2c959e961cad.jpg,6,,151942
427a9b9b2730f78c.jpg,4,,126637
03b74a284f8de0ee.jpg,0,,20409
3daf1dc670f38b31.jpg,8,,176528
358ff963e535d282.jpg,5,,138982
4767271eecd7672b.jpg,2,,83144
3bf21a419d5e3b0f.jpg,4,,126637
3dbcb44d902140ea.jpg,2,,83144
11360dd67215524d.jpg,4,,126637
372a3b59bc850fc1.jpg,5,,138982
3194e488dd79edac.jpg,7,,171772
4220a8d0917e469c.jpg,4,,126637
54f2e7b31cba22c6.jpg,4,,126637
2179710b6d316597.jpg,10,,192931
1276c6ed1acd1b40.jpg,2,,83144
0d1d8cefea56bd88.jpg,9,,177870
0f59466299f30a96.jpg,3,,84689
43537c17c83678d6.jpg,6,,151942
368271a9e6b9c086.jpg,10,,192931
4b8901a096afeddb.jpg,5,,138982
173bb50d2ad82bbb.jpg,10,,192931
3d05da8b11ccc2e7.jpg,8,,176528
258556fdb84a11f0.jpg,4,,126637
4790d436f56e1c2d.jpg,6,,151942
4d5515458ebd2d98.jpg,5,,138982
3cf7084a14ba0cd8.jpg,10,,192931
3369c5b4e16f70f1.jpg,3,,84689
2bd960f15fbe7caa.jpg,4,,126637
0bb1a222c5a1a471.jpg,2,,83144
350c57da4e16e934.jpg,7,,171772
0f8c497a214327f1.jpg,2,,83144
55dfe5d70f4ab701.jpg,7,,171772
394bf3d2108c16ec.jpg,6,,151942
2baad857531e483d.jpg,0,,20409
02a09127a5638922.jpg,1,,62798
345fd7b19cfcab06.jpg,3,,84689
254a317b9ddd89db.jpg,8,,176528
312647518f51aa5b.jpg,6,,151942
2fc71a88be1c9dcd.jpg,9,,177870
2bb525b3ffea4399.jpg,1,,62798
3393c05e4aa71fb8.jpg,4,,126637
24bd5dc51906e147.jpg,6,,151942
224722bd8ab1d0c9.jpg,7,,171772
0b424c932f2000bd.jpg,5,,138982
0ab99a865c0e2186.jpg,4,,126637
22a890376fcd8c7e.jpg,0,,20409
16781d9efe093ea5.jpg,2,,83144
3aded95e604b8e43.jpg,7,,171772
44eeaa74a64bd0d8.jpg,5,,138982
4382b9acaf0b0c3d.jpg,7,,171772
2d35decc9abc419b.jpg,5,,138982
27902b73cbf36948.jpg,9,,177870
3420da3e0e9ef41e.jpg,1,,62798
4264c39eb0b42a3c.jpg,6,,151942
4cc0db99b36443b3.jpg,2,,83144
34dfb560806d0651.jpg,3,,84689
1724648db6321b55.jpg,2,,83144
38824c9c4a6db5f0.jpg,5,,138982
30cd878ee09e37e3.jpg,1,,62798
581aab8b594c1df6.jpg,7,,171772
089657dde36af420.jpg,8,,176528
371fc74da4533206.jpg,3,,84689
35f6b9e6901583e0.jpg,8,,176528
44efd12cae870b61.jpg,9,,177870
2fb03eacb251bb9f.jpg,3,,84689
01e05dba55bed4c9.jpg,9,,177870
39f7d5a8102f5e14.jpg,6,,151942
1083793bf2c8e09f.jpg,4,,126637
011239132ac76d23.jpg,8,,176528
47f457ac4d841442.jpg,2,,83144
09e123ae40b8ec63.jpg,1,,62798
11ae88a70a1d8ca5.jpg,7,,171772
53b738a87b317da6.jpg,10,,192931
45960e420bc71bde.jpg,2,,83144
50f21016275d1939.jpg,0,,20409
2f8d3e57bb2fb2ce.jpg,1,,62798
18248adc45097fe8.jpg,8,,176528
0720a027a37153f0.jpg,6,,151942
366b24d05ff01506.jpg,0,,20409
4dc264bdf05a63fd.jpg,8,,176528
478d021366293f2c.jpg,0,,20409
0319ac40680564d5.jpg,2,,83144
4219b2dc34af39dc.jpg,8,,176528
1055adbfb7d3d9d0.jpg,1,,62798
14b4797a2e6e06ef.jpg,7,,171772
173c66ff5ee01e17.jpg,9,,177870
02fe81706ba0ba89.jpg,5,,138982
09a2d515a3e3bc5f.jpg,5,,138982
516010ea7636fb8e.jpg,6,,151942
17259ed2d5156028.jpg,9,,177870
37857fa37c264674.jpg,6,,151942
34f46b3c0c8260ae.jpg,2,,83144
48f47b9c027fc193.jpg,4,,126637
55e430603e4bcc60.jpg,9,,177870
3be83fb3e7581ac0.jpg,3,,84689
2e42ff5f6292ff62.jpg,2,,83144
2d68940c2124f04b.jpg,7,,171772
4f545f458625661c.jpg,0,,20409
41baf7677afd3a78.jpg,3,,84689
48aa0f026d401900.jpg,3,,84689
2cc14445df14cce7.jpg,6,,151942
3c34a2faeb8f2a17.jpg,9,,177870
1309ac843ba4286b.jpg,2,,83144
01d8951e39d2e01a.jpg,0,,20409
52d7960fea08ebc8.jpg,1,,62798
2e3e0652601181e2.jpg,9,,177870
0376ad3fddadd7b7.jpg,6,,151942
32273133eadf8dba.jpg,8,,176528
299463351d353570.jpg,4,,126637
3d0c25d14bf6526e.jpg,0,,20409
2843095335aa89a6.jpg,4,,126637
2cff6875b857acc2.jpg,9,,177870
4e70cf1d75df0df6.jpg,3,,84689
4f5c3217211faea4.jpg,0,,20409
5582652cab71a86c.jpg,9,,177870
06fc4d0acfe5bcf2.jpg,7,,171772
0e1343d53ee525a7.jpg,8,,176528
2d02604d0e701ae7.jpg,0,,20409
048006864f1060cc.jpg,7,,171772
056b9223b0b7a83b.jpg,4,,126637
146d8ac71c64cec0.jpg,10,,192931
49649f6161a88e4b.jpg,5,,138982
4aae79dac4f23f47.jpg,9,,177870
37706b2493e45e3c.jpg,7,,171772
431c27b033684305.jpg,6,,151942
35040a9d7b34641b.jpg,9,,177870
1357c12915757e3a.jpg,1,,62798
2ec02239a2025da6.jpg,5,,138982
0cdc701af859a2eb.jpg,7,,171772
1605b1c162a74398.jpg,0,,20409
2a01b0ce55bc1ae1.jpg,8,,176528
00efd7d257d8bff0.jpg,7,,171772
231685456f14742e.jpg,5,,138982
29cb9678734d40b8.jpg,6,,151942
3a9e86ce68d6d89a.jpg,0,,20409
43de888e1bbb7800.jpg,1,,62798
38447bdb639d68dc.jpg,0,,20409
3b025cd4983ffe46.jpg,2,,83144
11f58ec9842b2ac4.jpg,4,,126637
2bbfa86c21a2d7a3.jpg,5,,138982
3c31bfeec82ec28f.jpg,2,,83144
13c94060a01f9839.jpg,2,,83144
0b7b74ef47cb8dce.jpg,6,,151942
5261c716015e661e.jpg,9,,177870
31d0ab9964aa0e5d.jpg,5,,138982
139988020c546f43.jpg,7,,171772
26fbc7c969b8aac5.jpg,7,,171772
4b3bdeec61fae7d3.jpg,7,,171772
36d380d08a58c4e8.jpg,9,,177870
3da7aeca93b977af.jpg,3,,84689
02ca1134a9b2fdde.jpg,10,,192931
39bed538c9997767.jpg,1,,62798
016d198dd0a82a5f.jpg,1,,62798
2c2fea70336c873c.jpg,9,,177870
3aa038375a0562d0.jpg,7,,171772
317310337b685efd.jpg,6,,151942
432e569365d6bf78.jpg,10,,192931
0bbd0dd41639b12a.jpg,6,,151942
2378cd1a311acf03.jpg,5,,138982
10099c3efb5b77ee.jpg,1,,62798
2630d0955a14ab52.jpg,5,,138982
016fd476920c5366.jpg,8,,176528
30851da3923f21d3.jpg,3,,84689
0a03999d7c12d9ff.jpg,5,,138982
12cd353d6188bd30.jpg,9,,177870
3c7a33549440b7bd.jpg,10,,192931
4b1ee2d56a037c6f.jpg,9,,177870
0e11255939f7febf.jpg,1,,62798
266ed160a1467c40.jpg,6,,151942
345b98cd4d1b53ef.jpg,7,,171772
29011af9ec964d23.jpg,5,,138982
369b34559c50ada9.jpg,2,,83144
13bf237381fe1d11.jpg,10,,192931
0666f488344b7029.jpg,6,,151942
4d8a26420cc9f36e.jpg,9,,177870
4b67f47619563c40.jpg,8,,176528
2869596f7c2ae30b.jpg,5,,138982
566304030ba088cd.jpg,5,,138982
41287bc3f60c5b10.jpg,10,,192931
4e895b4e17c55215.jpg,5,,138982
03469a8c0b154079.jpg,9,,177870
437e9bbccb1c247c.jpg,0,,20409
39022e9bb1deaabf.jpg,1,,62798
4c52a451025028dc.jpg,3,,84689
16d17354563c9904.jpg,8,,176528
46ccbf7e749b032c.jpg,10,,192931
14825c88a3d3fd43.jpg,0,,20409
112c8fb7be3f74a4.jpg,2,,83144
184c11358046d74b.jpg,10,,192931
34d651c0c67e722e.jpg,9,,177870
363c5364613bf3ba.jpg,2,,83144
43db5053dd0ecd6b.jpg,5,,138982
4c6258355ad17813.jpg,4,,126637
46c58c44b9f6d75a.jpg,0,,20409
30a7cee7362ce91c.jpg,9,,177870
26301f5e6de29753.jpg,3,,84689
07d945463e3f4af1.jpg,6,,151942
2fc0a4feb2b79922.jpg,9,,177870
4161f826c78cdb76.jpg,4,,126637
173d5baefbdc5eb1.jpg,3,,84689
250706d0a0956301.jpg,0,,20409
52da588b9e44e96d.jpg,10,,192931
49c28158beba83a1.jpg,9,,177870
36405c6a225967fe.jpg,9,,177870
43567b40ed602c05.jpg,7,,171772
387e42c1a243081b.jpg,8,,176528
396b1a07450571c0.jpg,10,,192931
0976c2577049f568.jpg,9,,177870
267191abd7cf2fdf.jpg,8,,176528
285b887d0fb24c05.jpg,0,,20409
37f2c5ae701f44a7.jpg,8,,176528
0e1a85fb80f9de0f.jpg,2,,83144
27317497b1faa9e5.jpg,5,,138982
46c2c0c3b75fadd2.jpg,4,,126637
129f8448175bcc35.jpg,3,,84689
32fa2017e8afde88.jpg,9,,177870
2feefc1aa14160c9.jpg,2,,83144
4de71b820e1d4bc4.jpg,4,,126637
051e5ae0f03980c0.jpg,9,,177870
4f7ea72f650642b0.jpg,9,,177870
3624982dffeb4303.jpg,1,,62798
36b2aff53563d391.jpg,5,,138982
473f3c000a316148.jpg,4,,126637
06710dd449f7bb79.jpg,8,,176528
3e6a93544dee8870.jpg,7,,171772
1044e97663e282eb.jpg,10,,192931
166df2e294901adf.jpg,0,,20409
3435388ed8b2fc19.jpg,4,,126637
31a2bacecd7ba614.jpg,10,,192931
4d121f9af671d13c.jpg,5,,138982
3a2f764da60dc437.jpg,3,,84689
3660fcf5af39506d.jpg,3,,84689
52c6afc3c0f43100.jpg,9,,177870
25d6adeff4dde79b.jpg,2,,83144
13b38019fdb9ac5b.jpg,5,,138982
35bda50f7e269072.jpg,10,,192931
000a9da4f4030ce0.jpg,5,,138982
17ce4b6e9c7b6934.jpg,8,,176528
1033602a64fe83cb.jpg,1,,62798
25e5265edbdffcef.jpg,3,,84689
51d6256cbe7f4a26.jpg,7,,171772
2ec6a67c7c8bc731.jpg,9,,177870
0728b2443914b0a0.jpg,7,,171772
4ad05728f544545f.jpg,9,,177870
16ae2baf65bf756c.jpg,1,,62798
3d5eb254fc8b6cdc.jpg,4,,126637
382a1c78ad8ae589.jpg,7,,171772
0a382f866a9e7324.jpg,10,,192931
15c770c9e644a803.jpg,0,,20409
230f491afb5383be.jpg,6,,151942
1224134e33f8259f.jpg,5,,138982
23fd0310dc7935a1.jpg,1,,62798
2dbf14a6de3d2a9e.jpg,4,,126637
0717215d6d7ef408.jpg,1,,62798
264fe04ce6eb40da.jpg,1,,62798
32fab00904e5ecc9.jpg,9,,177870
05f7ac8b0ee4a929.jpg,4,,126637
417cb384008b90b4.jpg,0,,20409
4a13b06e322fc268.jpg,10,,192931
25060c8f80917860.jpg,6,,151942
01b6c9452c92162a.jpg,6,,151942
500e2838d33a042e.jpg,10,,192931
4cb0c2846ba1b2a1.jpg,4,,126637
399b20841d8ec14c.jpg,0,,20409
2ef36d98569c6b4a.jpg,2,,83144
0137ce63d34da55f.jpg,9,,177870
0bf2f467754bc078.jpg,10,,192931
016adc270ab7d592.jpg,8,,176528
0e0cbcd20165333f.jpg,2,,83144
01c7f8d45d07624b.jpg,0,,20409
02dc3090f2884033.jpg,8,,176528
43f2c224fca7a1c1.jpg,6,,151942
4424200bf92f5be9.jpg,0,,20409
361b4cbf44c4be63.jpg,3,,84689
2c085b96b1840b6e.jpg,0,,20409
26e802388dd01ab7.jpg,2,,83144
3a511b15fe59440a.jpg,4,,126637
3adc099a19db2dde.jpg,1,,62798
4687b7a02a72a6f7.jpg,9,,177870
2cca543a892003e4.jpg,1,,62798
322c062937ab2ba0.jpg,8,,176528
4426b1720120e27e.jpg,1,,62798
090185b294406872.jpg,1,,62798
51d7ff879d98ba85.jpg,8,,176528
03a690283c67707e.jpg,4,,126637
34de110aa17bc3d0.jpg,7,,171772
4d7aabfd3c6ab89e.jpg,6,,151942
3a9183b71618e503.jpg,1,,62798
30275f57a9c9681b.jpg,4,,126637
49096ce2948d7a40.jpg,2,,83144
37ace6fb8c725fa7.jpg,7,,171772
455606c33018762c.jpg,0,,20409
481410dd37bf3ed4.jpg,8,,176528
2a37168785ec9952.jpg,10,,192931
271f3acf99be7189.jpg,8,,176528
48898f879ee3fd4d.jpg,9,,177870
21970a769b8c209a.jpg,9,,177870
34bba60655c788ca.jpg,9,,177870
50b00778f57ce09b.jpg,6,,151942
2b8d506a7e425d0b.jpg,1,,62798
113f427d79511187.jpg,2,,83144
0092ffb7a0ce8138.jpg,1,,62798
25b5393b0afea4c5.jpg,8,,176528
17faf21b399d24cc.jpg,8,,176528
38d04aee5e6ccb49.jpg,9,,177870
52cab38a47351d14.jpg,8,,176528
335ced6035b4669b.jpg,1,,62798
4dec8c3a857933e8.jpg,0,,20409
3838ccd8a6a0bd4a.jpg,5,,138982
311b181876ddc308.jpg,10,,192931
09ae52e5daa563a8.jpg,10,,192931
245ffa1e57cddea4.jpg,7,,171772
14a24fe8aca50b75.jpg,2,,83144
42a796c0bbcaa543.jpg,8,,176528
2f0f2ff0150e565f.jpg,7,,171772
0eab4dee8df76959.jpg,5,,138982
28a520454160e4bb.jpg,8,,176528
52430dc6571253bf.jpg,1,,62798
3b7705453b9e85ff.jpg,8,,176528
446581d616b97776.jpg,5,,138982
44848e746135d10d.jpg,2,,83144
42643edcc4584bc1.jpg,2,,83144
231d79fa04a8bb61.jpg,8,,176528
3024f36923014383.jpg,4,,126637
5387904a789ed1fb.jpg,10,,192931
4e69c14fe78d7782.jpg,1,,62798
115b3c2e99b2128d.jpg,3,,84689
315874c82418af1d.jpg,9,,177870
1403588675ef65d0.jpg,7,,171772
081823d989dc9fc4.jpg,6,,151942
4c0f172bd85591f4.jpg,2,,83144
3481802d16c042a9.jpg,1,,62798
3a878186f477f7e7.jpg,10,,192931
4c343bfbd60fa188.jpg,10,,192931
339bfbe770092492.jpg,0,,20409
49a3ea93bc1ca942.jpg,8,,176528
2d288b46f12680ba.jpg,7,,171772
06d203129a1923b6.jpg,7,,171772
1242dcfed510429c.jpg,2,,83144
38ce885c465b3fae.jpg,6,,151942
24b6557fedc7fe79.jpg,3,,84689
16e39dfe14295496.jpg,3,,84689
159291c91283d1f1.jpg,4,,126637
2156411ebbe32c22.jpg,2,,83144
2ce3a57af181f839.jpg,3,,84689
326346a5f2160814.jpg,0,,20409
0cfa27113eebcbed.jpg,9,,177870
54eb094d53658933.jpg,9,,177870
0e7c0206935ebac2.jpg,2,,83144
37211509ab55f20f.jpg,8,,176528
074dc183ef898f09.jpg,3,,84689
33e98b5e10aa4cc6.jpg,9,,177870
511e9c16949d2600.jpg,2,,83144
12c809e0647d7aed.jpg,7,,171772
13782820ebc3aa10.jpg,2,,83144
431277667dd7c920.jpg,0,,20409
38ab5cc56d3e4847.jpg,10,,192931
093a5aa785762737.jpg,7,,171772
31dd86276eed9d31.jpg,6,,151942
582970ad90cea552.jpg,1,,62798
28501726f870f7f7.jpg,9,,177870
363b9d950cd8ae1e.jpg,2,,83144
42e9bb7f52177851.jpg,3,,84689
15c322f8fc39ce30.jpg,5,,138982
3b9d2f5ff99cd001.jpg,0,,20409
32fdb21db016f671.jpg,1,,62798
3e3f09b9482ab665.jpg,0,,20409
54eaf3fe495c9fd6.jpg,9,,177870
50616c1dde1dc565.jpg,1,,62798
2a3f52ce4f5a2171.jpg,10,,192931
37c107975194dbab.jpg,3,,84689
35c28c41d4b18bcc.jpg,7,,171772
14ee15b23a433e6d.jpg,3,,84689
0f9ec5605514576f.jpg,1,,62798
2e24450d7baff510.jpg,6,,151942
27e8768b158eb98a.jpg,1,,62798
33f842789999ab49.jpg,2,,83144
43209a3a3e51fec6.jpg,0,,20409
0479374018341227.jpg,0,,20409
143368b483031659.jpg,1,,62798
09222ee05514f8c6.jpg,1,,62798
14f98c2dee9ba547.jpg,3,,84689
4fe2f0aaeaaaf749.jpg,10,,192931
05d3a1734b3aa5a3.jpg,4,,126637
3c57328da011fbe0.jpg,5,,138982
22c823959d57a86b.jpg,7,,171772
0123d41152074b82.jpg,7,,171772
2b0a4b40b15cf87d.jpg,9,,177870
4a4bf412986af054.jpg,0,,20409
370a0f0106c5faad.jpg,7,,171772
22d2b90ae2c678e1.jpg,4,,126637
2b7dc6242135dfd5.jpg,0,,20409
0a4c590ce85c7bf9.jpg,1,,62798
0132798c4fdc6b95.jpg,10,,192931
4fc01d9dec536d2a.jpg,9,,177870
3dec75c2513c08c4.jpg,7,,171772
06105a142e85b122.jpg,4,,126637
0fa0f540c8e3e687.jpg,1,,62798
107ae4860d168a73.jpg,10,,192931
0ec251eb1d5ff3d9.jpg,1,,62798
469142992e20d219.jpg,0,,20409
4b32dadfe8d21c50.jpg,5,,138982
329cd9993ed3d51c.jpg,8,,176528
46792bd7eccdafa4.jpg,10,,192931
2a7f36ff1b7cb048.jpg,1,,62798
2ac5d5250f3ffba2.jpg,2,,83144
00ef87e9fdccb488.jpg,5,,138982
55a58f546161c58b.jpg,0,,20409
31b0683d3ecd57a5.jpg,10,,192931
52e9caf95ed78777.jpg,10,,192931
0a60e2b0d218fc74.jpg,3,,84689
3c883d79dbe2826d.jpg,1,,62798
339b7c1d393c6c06.jpg,4,,126637
3a7f67c02964f595.jpg,9,,177870
34c7b07c089a2c5f.jpg,7,,171772
2405c1846aa3e9a9.jpg,10,,192931
29385115435cfe4a.jpg,10,,192931
37e653cf0305f2c9.jpg,9,,177870
0b5d30be785b5355.jpg,9,,177870
2b8e66f6464708ad.jpg,1,,62798
0b6cc8d8bc8af36a.jpg,0,,20409
1146f7815ec6f356.jpg,5,,138982
224690c67bf0a88d.jpg,8,,176528
0962f9e184de5a5c.jpg,4,,126637
0ab789fda8c08c65.jpg,8,,176528
25b0dc575b63a698.jpg,6,,151942
22ba77ef82ac9390.jpg,7,,171772
1180ccf00e6b86b3.jpg,9,,177870
095ffc299a29d5be.jpg,0,,20409
52aa386784067964.jpg,3,,84689
02b49357612af498.jpg,1,,62798
2bcdc68cac48a59e.jpg,8,,176528
38888ef2f7df1887.jpg,5,,138982
2f4bc33da8f52c9d.jpg,7,,171772
4525010ffb602285.jpg,0,,20409
0b6263af3d969d4c.jpg,0,,20409
318f6f0a3256f91b.jpg,0,,20409
04086e16d9d715cd.jpg,10,,192931
38907eaaefb6316a.jpg,2,,83144
13fb7dfa39995144.jpg,2,,83144
430218f71cac5ad4.jpg,6,,151942
3bdd0571997e6cdb.jpg,0,,20409
10713dfcd115327d.jpg,9,,177870
39e45c6b7107bfb9.jpg,4,,126637
3a3c713177d55dd3.jpg,5,,138982
0cb011232f2384f4.jpg,5,,138982
29220a1191d73078.jpg,6,,151942
523feb67624178f9.jpg,7,,171772
32a729a7aa8cfdad.jpg,2,,83144
271832ba1404e8e7.jpg,0,,20409
3910264d29338836.jpg,0,,20409
113bdd622d143517.jpg,0,,20409
256b8d4c830bde4e.jpg,6,,151942
09d2dca3a6128c44.jpg,8,,176528
0de5d6bd73485d1d.jpg,0,,20409
30353e0af2b64048.jpg,8,,176528
216cbc527aba4d89.jpg,4,,126637
02140c1dd38ee98e.jpg,0,,20409
4b379785dcff2115.jpg,1,,62798
54112bcf2ee55824.jpg,3,,84689
3b1e21a15a2e5fc7.jpg,8,,176528
10b3860ef492b598.jpg,10,,192931
170022bf66e0257b.jpg,1,,62798
0d17a4630e49cd0e.jpg,1,,62798
1871382662741ef3.jpg,10,,192931
0431972228d2499a.jpg,2,,83144
037845f3f28614c3.jpg,9,,177870
5405de6074d709d5.jpg,7,,171772
4dbca919b41fdf75.jpg,9,,177870
3c370f0e5ad9bfc7.jpg,4,,126637
2d58b2efb3bb10f6.jpg,9,,177870
543b2b702570297a.jpg,1,,62798
0aacecb1b1a6c705.jpg,2,,83144
2f285dbddeee18a4.jpg,0,,20409
0135d008e588bfa3.jpg,3,,84689
08ed480bdec13c51.jpg,5,,138982
0671424b8c7ed531.jpg,0,,20409
2912e96f3c57c353.jpg,3,,84689
515ab41b85d15a6f.jpg,3,,84689
2c81a9fc4e9a4405.jpg,0,,20409
480dad21f0dba40b.jpg,9,,177870
034766090cb832e3.jpg,8,,176528
074188a463223804.jpg,1,,62798
3e6ef4e582795f0a.jpg,9,,177870
146df7cc08ef53c3.jpg,0,,20409
3ad10db62881c5b0.jpg,10,,192931
04b06f08b69757e8.jpg,10,,192931
35be41af5ae000f9.jpg,3,,84689
2c9f4f0a60f94da2.jpg,7,,171772
25bbb29c9c6b7e47.jpg,5,,138982
1547a65bc4b356ca.jpg,10,,192931
22b99ac8805ba5f3.jpg,10,,192931
268a14f9d41b343a.jpg,7,,171772
4ca3a48abb45ac61.jpg,7,,171772
43e0c76d29f47188.jpg,1,,62798
03eb2de398a1b170.jpg,7,,171772
47e15162e6d6c046.jpg,9,,177870
0d40204434e99723.jpg,6,,151942
046f4d48ec74e75a.jpg,8,,176528
16c6e9c3419de8a0.jpg,4,,126637
2f4b9cd0bbc391d5.jpg,6,,151942
0f83bb07bc357a37.jpg,10,,192931
5119ab0d9f4a3ef9.jpg,9,,177870
27bff72fdf8f2c24.jpg,4,,126637
310c25b62a40ebec.jpg,0,,20409
344f87b9b68b6e47.jpg,10,,192931
2dbc264a6dfc5f7c.jpg,1,,62798
3ddc86e5deaf7e94.jpg,0,,20409
3e6f5a3ebc4a6329.jpg,7,,171772
36e3e9bd1ecbdea2.jpg,1,,62798
0bc67e82cfa0d2d0.jpg,2,,83144
43316ad7b90bc947.jpg,9,,177870
34f2e972010b912c.jpg,8,,176528
2d62b1b213cec814.jpg,5,,138982
3d123337596d89be.jpg,10,,192931
03f08ff3d3354da5.jpg,6,,151942
0b5a652539ca9361.jpg,0,,20409
3968610e91f4d935.jpg,9,,177870
33d873e69be9ae97.jpg,1,,62798
26d304094b9bb3fe.jpg,1,,62798
171f5acb68ea8bba.jpg,9,,177870
49d3b36882bb6930.jpg,5,,138982
21b127f330e6595e.jpg,5,,138982
116352f9ee55cea5.jpg,10,,192931
4fed4b78be61d760.jpg,8,,176528
4293f50489d64515.jpg,8,,176528
3761e194b4a8460d.jpg,9,,177870
07b156ff10bd415f.jpg,7,,171772
502eebdc9bed8028.jpg,7,,171772
21872d6b1b1ba0ff.jpg,3,,84689
11f32d187e9caf5a.jpg,4,,126637
38d0fe80378a686a.jpg,7,,171772
4f142ece6def3dfe.jpg,7,,171772
04b26641ecf6bf3a.jpg,5,,138982
0d398325ef5e8e0a.jpg,3,,84689
553690bbd3f7e395.jpg,2,,83144
069ffd63d3434d61.jpg,9,,177870
0906bfacdc1cd2df.jpg,5,,138982
496d7d4dc1c1b2f8.jpg,2,,83144
22e843b66bdcc3a2.jpg,10,,192931
057d60382718e068.jpg,3,,84689
2a3e711947de3c41.jpg,9,,177870
24370f6c04b7c414.jpg,2,,83144
12e72a1ac3382240.jpg,8,,176528
3c030cc70f7edf9b.jpg,6,,151942
364b5f7c5d6edb40.jpg,6,,151942
3030975c5c7e2dff.jpg,3,,84689
116fdb474657feff.jpg,8,,176528
094b4fa97b65cff3.jpg,10,,192931
13a95a1bc923965b.jpg,9,,177870
3b68b69631a0e789.jpg,9,,177870
5401537be341b7b2.jpg,3,,84689
03541c91a29683a7.jpg,2,,83144
52be9d680a8bcad4.jpg,10,,192931
02f38b45bcaadaa9.jpg,10,,192931
0844ec309c8e3b22.jpg,9,,177870
3b467ae48b5e908f.jpg,4,,126637
0b27263e48f71a0e.jpg,2,,83144
04726b9d94d35933.jpg,1,,62798
2eadfd14b3bbfd36.jpg,9,,177870
1628f310bc8b64cb.jpg,8,,176528
43cc847cc788e2f8.jpg,8,,176528
09db26ff209f419d.jpg,3,,84689
487512790478c373.jpg,5,,138982
554960b00c8e3dda.jpg,2,,83144
13cda451f8153c7d.jpg,10,,192931
2fc280f494d6c3da.jpg,4,,126637
2f69a11db5fde3ca.jpg,1,,62798
55320e4ba54b02c9.jpg,10,,192931
494ca5179c7fb3a2.jpg,2,,83144
2da7790397abea05.jpg,4,,126637
462b6ad0d6779307.jpg,5,,138982
06da9dd9bad6303f.jpg,10,,192931
4df21803502466f2.jpg,1,,62798
3a3a9a6a0b393100.jpg,3,,84689
2b58a9b35ff66620.jpg,5,,138982
35e3efe5a6e1aad4.jpg,1,,62798
566a54edff486fbb.jpg,6,,151942
2c567452cf2e4ede.jpg,10,,192931
0c47dd428836bccd.jpg,8,,176528
41fbad39febfd884.jpg,7,,171772
1583be2521bf8157.jpg,10,,192931
44a4f9e3458ecf3a.jpg,4,,126637
2f5f3fe5e7f748de.jpg,1,,62798
011ea5205b419360.jpg,4,,126637
2488051e944dc238.jpg,5,,138982
3c9f713c597bed76.jpg,5,,138982
3dac56178999f6e0.jpg,3,,84689
3bfaaf810b55a5a8.jpg,8,,176528
3cd487df1865eb40.jpg,1,,62798
39dc3f2122533676.jpg,8,,176528
480eba78292b5e3f.jpg,5,,138982
3648ea035d9344b9.jpg,9,,177870
0a6347049f2d13b5.jpg,3,,84689
09e730320f083c42.jpg,5,,138982
3e0b6d926c70bbbf.jpg,1,,62798
367d7b67602e8b8d.jpg,10,,192931
2fc273015521d1bb.jpg,2,,83144
35c6f024563e2a5b.jpg,1,,62798
11b2ead32dbb8549.jpg,3,,84689
30635d24f977d9e4.jpg,4,,126637
3d4c2ce46dbbadf2.jpg,8,,176528
48be593136ec1321.jpg,7,,171772
2d77ff668a2345a5.jpg,1,,62798
3a46b7a049ad0c69.jpg,1,,62798
4948a169602b7c0d.jpg,3,,84689
2b25d806b5678094.jpg,4,,126637
2443b918b1552f6e.jpg,4,,126637
0b95d220c14ed3c6.jpg,7,,171772
14723bc18c303ca1.jpg,8,,176528
0efc123e5d489ea7.jpg,5,,138982
564dad832d283f5f.jpg,7,,171772
3d0533f00cadd45e.jpg,4,,126637
54de56fe04be55f4.jpg,9,,177870
0899fe3ac9ed4e18.jpg,0,,20409
4759db6031572eb2.jpg,10,,192931
12740ddec45f70c3.jpg,4,,126637
158b1aebf6999e77.jpg,5,,138982
2c34bc08d72817f6.jpg,2,,83144
53399fa8d39f4bdb.jpg,10,,192931
35654f8c00b9641d.jpg,8,,176528
2317e47a95a45d2f.jpg,4,,126637
303afaed7056bdf0.jpg,0,,20409
286e59ada33e28e4.jpg,5,,138982
099aeda67f8e222e.jpg,4,,126637
0fe248f27f1da6d3.jpg,5,,138982
30f63cdb92dcac2d.jpg,1,,62798
24fd212cf87ed775.jpg,1,,62798
14c5d9e79f46821d.jpg,2,,83144
02951c40b3fe861b.jpg,1,,62798
33319200e77ef21f.jpg,2,,83144
34807ec784e8145e.jpg,4,,126637
45604fe0d15281de.jpg,4,,126637
3e0ca8db773b0df5.jpg,10,,192931
3d4d685e95f06f76.jpg,2,,83144
3033500ba83ca565.jpg,1,,62798
01fc5e7babdbe469.jpg,4,,126637
09000c835173c9a7.jpg,9,,177870
077f65c76925a460.jpg,10,,192931
4c5acf898fdbe46c.jpg,3,,84689
48df7d122bc74ea1.jpg,8,,176528
07931229c36e51bb.jpg,8,,176528
38caa1664ce3d65f.jpg,5,,138982
0688197a988ca048.jpg,9,,177870
2c5184e123b2b22b.jpg,7,,171772
553cb3520cd6f529.jpg,3,,84689
044f000a2b8de43c.jpg,1,,62798
3bd2e7daf93bdf77.jpg,7,,171772
3dfd899d83bef7d8.jpg,2,,83144
28cccec654ecef57.jpg,0,,20409
09b0f84939fd48fc.jpg,2,,83144
3040987eb5d73fde.jpg,3,,84689
4a455b7b62489eb1.jpg,8,,176528
0ea61bf39fb2b2d3.jpg,0,,20409
4a9131d9591743c1.jpg,7,,171772
2ac87bcd262ed183.jpg,0,,20409
115db204c0bc3998.jpg,3,,84689
0d05ec5574cc4870.jpg,10,,192931
480e2b9f94081e06.jpg,2,,83144
3bb668274ced7ac9.jpg,7,,171772
4401146ea7d56215.jpg,6,,151942
055d912d33a36fbc.jpg,5,,138982
142f9b890924fe80.jpg,9,,177870
4c0de42a7f6801a0.jpg,10,,192931
2e7c226c4cc83192.jpg,8,,176528
1282246e4db471b9.jpg,2,,83144
02a956c0a14fbb53.jpg,1,,62798
24e4d76de0e7ac94.jpg,1,,62798
4bf179320633417a.jpg,0,,20409
09be161ab6e0ffbe.jpg,2,,83144
16df6a87d9a05b4e.jpg,8,,176528
34f8b07bab34cbaa.jpg,1,,62798
2eeec6b1a3732650.jpg,3,,84689
25e74c63c2923e30.jpg,0,,20409
0d692b739b81ea0c.jpg,1,,62798
3ac37e8b0f95fc6a.jpg,6,,151942
4223ea73add90c24.jpg,4,,126637
28891263173c6ab9.jpg,7,,171772
41f001230ec767d3.jpg,9,,177870
233f91592d295952.jpg,4,,126637
0d1dfaef0b6fd032.jpg,3,,84689
4add67e9adff0079.jpg,10,,192931
3b838b3f1a8bca92.jpg,10,,192931
34b7a6ae0447714f.jpg,2,,83144
2cd7d703b233c65c.jpg,2,,83144
2696961ea94f689c.jpg,5,,138982
0f78b1e33bf1d708.jpg,10,,192931
0954dab1726df79d.jpg,6,,151942
2b6c8743fb8db581.jpg,7,,171772
079f07627c5f593b.jpg,9,,177870
47097103e7223723.jpg,10,,192931
1519452b2f526f00.jpg,5,,138982
32f1b5be60a39f4a.jpg,0,,20409
03b854ad4e566786.jpg,0,,20409
4cf675f13bb0a0e7.jpg,3,,84689
52f9a8844a7a5f87.jpg,3,,84689
443d3e749be99f40.jpg,8,,176528
32945a76d5d47834.jpg,2,,83144
46fb47d76f93329e.jpg,10,,192931
489194d29e27aa47.jpg,10,,192931
28a4ae76e959cb8b.jpg,10,,192931
51fc85a1058a634b.jpg,2,,83144
0b15b90ba66b15fc.jpg,8,,176528
01fdb5fe89d93b88.jpg,5,,138982
2ac08dc041f1a971.jpg,1,,62798
55ba1f8813e6d886.jpg,4,,126637
045d0b7cc47ac42c.jpg,5,,138982
38d7f4d5b0bdc518.jpg,10,,192931
00b3a8bc0485f3ba.jpg,3,,84689
14523a30cbcf3a24.jpg,1,,62798
56446468cc2afdd3.jpg,9,,177870
2debf63e2ee6ff7d.jpg,7,,171772
0cf820af36fe2106.jpg,3,,84689
15ef88ba3472e73d.jpg,2,,83144
42901347bb496e63.jpg,5,,138982
547b5e95b9768997.jpg,9,,177870
182637d3ab5c208a.jpg,8,,176528
172753ab4b9ea591.jpg,7,,171772
0eb20b40b7b78943.jpg,1,,62798
58429df441979031.jpg,5,,138982
4162107c5e4635c2.jpg,10,,192931
254674b418f16241.jpg,6,,151942
11b93c47a03de91f.jpg,5,,138982
1072b4ec02a9fcb1.jpg,1,,62798
005dfd16356a65bb.jpg,5,,138982
552231453ba81eab.jpg,8,,176528
0edd487c8bb9cc4b.jpg,0,,20409
058ca65572023b54.jpg,7,,171772
3d30fff68ca1e82b.jpg,5,,138982
44e7b5bfea62594e.jpg,0,,20409
08f98369032724c0.jpg,6,,151942
561ae6575b0d19c2.jpg,6,,151942
37b89ba34baa7de6.jpg,2,,83144
2d4cd95aa3f0742b.jpg,5,,138982
24a55973a027b8d3.jpg,7,,171772
019978b96149a38b.jpg,3,,84689
44e80b03b230de5a.jpg,6,,151942
0be6edbe75b6895a.jpg,9,,177870
29f5a508ca488a8d.jpg,0,,20409
4e7aa51626d0639a.jpg,3,,84689
2be64dfa70bfd431.jpg,4,,126637
4843e62f558e8b20.jpg,1,,62798
17c459fcffbc5744.jpg,3,,84689
25c149eaa4dc10db.jpg,3,,84689
0e0ec6eb19c12893.jpg,4,,126637
27af33211d6d9390.jpg,10,,192931
25d287c344064351.jpg,8,,176528
147c7e78922a7f8a.jpg,1,,62798
1295480da94205b5.jpg,0,,20409
0261a7db102e7f08.jpg,10,,192931
1384861705663a4b.jpg,0,,20409
17f241c04d2ba383.jpg,6,,151942
35e3925d231692b6.jpg,3,,84689
029c620303c5311e.jpg,5,,138982
157ddcbfef702780.jpg,3,,84689
51bff0a35ee52875.jpg,4,,126637
33e50a8ae5ae3667.jpg,3,,84689
2879700a7a15fa14.jpg,10,,192931
0940ea4eeeadb74c.jpg,10,,192931
0f3ee1072b88bd63.jpg,1,,62798
007d762c2d4a93b2.jpg,1,,62798
4c878249cf70884a.jpg,7,,171772
03d65eb303d745ba.jpg,7,,171772
0c696f143a40e6a2.jpg,6,,151942
1770d23f19648fad.jpg,1,,62798
160d4de3ab40c347.jpg,1,,62798
24975751f11ff9b9.jpg,1,,62798
52dcf8cfd1a817d8.jpg,9,,177870
13f2f0ead2fdbb10.jpg,10,,192931
39c0c46a0a0dfa56.jpg,8,,176528
135fa6376d1d2c99.jpg,9,,177870
018c8d3ab336c05b.jpg,0,,20409
42ff483e8cb218c6.jpg,2,,83144
044eed19121299ce.jpg,7,,171772
35539daf27efc1ca.jpg,8,,176528
53ddd9410953653b.jpg,4,,126637
417e3deaed95429d.jpg,6,,151942
4f06aaaa6dacf390.jpg,10,,192931
099b4379593a75a2.jpg,2,,83144
42e272c9d7513046.jpg,4,,126637
360cc16e25ba5ec5.jpg,9,,177870
32d17633c508edfb.jpg,8,,176528
16c0bc442f591eb0.jpg,1,,62798
335850cdd82cbf59.jpg,10,,192931
4b17f9549af268a3.jpg,10,,192931
52945d59e3d3e348.jpg,4,,126637
2bb2ee8b08757fee.jpg,8,,176528
3c9361a995a9788a.jpg,4,,126637
3c1b3647660c0ae5.jpg,2,,83144
349977fa35cded8f.jpg,1,,62798
0553b310f8582975.jpg,8,,176528
339a2e31d0e2a1f7.jpg,2,,83144
363517070ac20bb6.jpg,3,,84689
0251ccca8a88be48.jpg,4,,126637
43346694cdc79568.jpg,9,,177870
45f1d3d348012b06.jpg,1,,62798
09b83286005abeca.jpg,8,,176528
17978eefab232ac0.jpg,2,,83144
484155084c59a880.jpg,0,,20409
0d59e5630e51a3b6.jpg,3,,84689
534abe653e68734b.jpg,4,,126637
2eca02b9ed20505d.jpg,10,,192931
43829f9848422f7d.jpg,1,,62798
091b7d5e6a668178.jpg,9,,177870
0049b1ca2bd122e2.jpg,1,,62798
171b7c873cb52fc9.jpg,9,,177870
4a42216f0c7e793c.jpg,8,,176528
362a126ca7eb226c.jpg,1,,62798
13677b2151c42ed7.jpg,7,,171772
33d4394759b743d4.jpg,10,,192931
22b698a487a4b559.jpg,10,,192931
44aa61aa31e075f2.jpg,3,,84689
54b9bd3a28193f23.jpg,5,,138982
3c84fb93e45db430.jpg,8,,176528
0ca641376e883f40.jpg,2,,83144
0931ae40fe3fa559.jpg,0,,20409
01ae0ccbe72e5a40.jpg,10,,192931
1025ab5b6e76399d.jpg,1,,62798
3570a3ee1f186184.jpg,5,,138982
15e55a8a14992403.jpg,3,,84689
15e7a81692bc0244.jpg,10,,192931
17f1d1817c31fea1.jpg,4,,126637
46a928906d428346.jpg,7,,171772
35d1c099028839d5.jpg,6,,151942
10ff04aad87afdbb.jpg,5,,138982
54d9b3f0b3745e78.jpg,3,,84689
3e635880dd10e566.jpg,4,,126637
561c39cd07af81e8.jpg,5,,138982
066f5ca5d257f30c.jpg,2,,83144
52897bb211c93f39.jpg,5,,138982
2dde20bf7c552882.jpg,0,,20409
3decdc43d191428b.jpg,5,,138982
4f70bb56e8dfdd9b.jpg,5,,138982
332e161a04378296.jpg,7,,171772
0b9b5f973b9663b7.jpg,0,,20409
4957eb2b8b8383dc.jpg,0,,20409
4e979d746d23fb6d.jpg,7,,171772
3d06b7dc315b46da.jpg,4,,126637
114ae8f1b4a2db6b.jpg,7,,171772
0029757045eb2ec5.jpg,1,,62798
439b217ecccd2ed1.jpg,9,,177870
0ff47242a2acf4e0.jpg,2,,83144
308beee8ca29f926.jpg,1,,62798
452f65497b1e0870.jpg,5,,138982
29db0d786fc6a50a.jpg,1,,62798
528566e7f7d4e8ff.jpg,1,,62798
104d97e8d4e3b07b.jpg,9,,177870
41946f8dc97b90a4.jpg,4,,126637
0072642c641cc229.jpg,3,,84689
4f404699614c9b1a.jpg,8,,176528
45a7b07c4188dee7.jpg,2,,83144
41096665b83a2cdf.jpg,9,,177870
2fd604e9c5edcc2a.jpg,4,,126637
350ea5f24e7c3967.jpg,0,,20409
444709acc9b7313b.jpg,2,,83144
3a8731e18558074f.jpg,7,,171772
43ee2452d0cc955c.jpg,7,,171772
45d59fc8b011e2f2.jpg,0,,20409
4bf12d2aaa140268.jpg,10,,192931
4b25c8218d2a4232.jpg,6,,151942
45e227619a7c6cab.jpg,1,,62798
538c9722e0e65369.jpg,3,,84689
517214789d1f946c.jpg,0,,20409
4b17b35e5625dad4.jpg,4,,126637
2df2e88a82c8347c.jpg,0,,20409
326f7b5b05dfc385.jpg,4,,126637
2f14141b9c0cf7d5.jpg,0,,20409
4242958a8f27e6f5.jpg,5,,138982
12c90b25c4b0cd77.jpg,0,,20409
13faab6e07044ce1.jpg,5,,138982
2362538f5d38ccdf.jpg,0,,20409
50ebef2d11bce255.jpg,9,,177870
49dbb3a347ae2f60.jpg,10,,192931
31e30b4101043c24.jpg,2,,83144
2765ad728473bf1c.jpg,10,,192931
12c5baba8c7e6228.jpg,10,,192931
5208751818b9240e.jpg,9,,177870
0fffa073bae8870e.jpg,10,,192931
12f119d83ce269b8.jpg,6,,151942
2c98f88ce6bd5aa3.jpg,1,,62798
156c64af7c066e56.jpg,5,,138982
24d5b13aef7dc0bc.jpg,5,,138982
4d319177913a6b5d.jpg,3,,84689
48f66a941956c349.jpg,7,,171772
18482d2ecc3b5aeb.jpg,3,,84689
2c702620b29f387c.jpg,2,,83144
16190500f72fe333.jpg,1,,62798
300c82db87fcaba7.jpg,10,,192931
2f5e7d5a2b33d0b7.jpg,8,,176528
386c1bf39f82e78a.jpg,6,,151942
52618b7dd906d69b.jpg,9,,177870
343289dd16c26feb.jpg,0,,20409
4f5a0f9ac42c8b14.jpg,0,,20409
095c166f2be698da.jpg,6,,151942
12dfeec2ccace97b.jpg,6,,151942
46525fa81f79d494.jpg,5,,138982
0886ec1c612d5e82.jpg,2,,83144
008803025db8b0fb.jpg,8,,176528
56594d2a166229af.jpg,7,,171772
24513edf5dfea968.jpg,3,,84689
42715958d5c7b442.jpg,3,,84689
303e96c6240969e1.jpg,2,,83144
0f6fe38a6f789831.jpg,7,,171772
4a8ec32b3ee40486.jpg,10,,192931
48b5ea927bb18c77.jpg,4,,126637
43e6f34bb2bc188a.jpg,10,,192931
4607f1cafb29b212.jpg,0,,20409
0bdcbcd6d4cf87a9.jpg,1,,62798
4a0ba863d5c0475f.jpg,2,,83144
0da210cc9cb286dc.jpg,2,,83144
2e2a92975bfe001c.jpg,3,,84689
3a49b03e9fa3413a.jpg,9,,177870
38059edf7d12ad08.jpg,1,,62798
091f6ee1b518039d.jpg,1,,62798
07dc8b10688ac72a.jpg,4,,126637
281ed4ff5929a9d0.jpg,7,,171772
2341b7ae64d23409.jpg,4,,126637
2cc828118d994a61.jpg,9,,177870
4fc839164bed7c5e.jpg,0,,20409
08b5f94e49842cac.jpg,3,,84689
317bff1386dc54cf.jpg,10,,192931
4869d9d6d17a6114.jpg,9,,177870
38374186f493466c.jpg,5,,138982
52ee663ce4946c93.jpg,3,,84689
297bcc57b01ba611.jpg,7,,171772
00a965b51951cb60.jpg,3,,84689
35ec6b83624ec589.jpg,7,,171772
2f4377e2e3c414cd.jpg,6,,151942
0e1de81e9d0d86b0.jpg,9,,177870
2f638c4cb20cf041.jpg,2,,83144
185f7f63491fc975.jpg,8,,176528
2189e72305f5c6f8.jpg,0,,20409
129560decc52c0c3.jpg,10,,192931
32bd8a78ef3079da.jpg,8,,176528
2284909046442631.jpg,9,,177870
101b557686bcccd3.jpg,7,,171772
29751c925d6c18bb.jpg,1,,62798
32a5eb2e9d83b65d.jpg,1,,62798
0a0b2eb43867650f.jpg,2,,83144
065216bea4361119.jpg,4,,126637
2e7cd7bb8a7c67c2.jpg,10,,192931
11e473a1b911386e.jpg,5,,138982
4e767a85b49f5b61.jpg,5,,138982
0ad5aed876bea848.jpg,4,,126637
0ecae56df2134d99.jpg,7,,171772
2586ee5625ecf07c.jpg,1,,62798
51e5eda847c60168.jpg,8,,176528
2ecd91f00356faf1.jpg,8,,176528
562514248d5e1dfc.jpg,2,,83144
3b19b022df832b8a.jpg,10,,192931
3930178baace50d0.jpg,8,,176528
172eaa2570fe7f5e.jpg,2,,83144
52284e5817278f2a.jpg,5,,138982
4583017b8d3cce75.jpg,0,,20409
49b601b939615e24.jpg,0,,20409
5074fb1475cb7a47.jpg,2,,83144
279d67a86fcff26f.jpg,0,,20409
39773b018ae223f1.jpg,5,,138982
16d2fbc118a14c37.jpg,6,,151942
31b6184baba40a98.jpg,9,,177870
4bed876a380f8cad.jpg,7,,171772
49ff4b108eaf2307.jpg,9,,177870
508b7c9545db6d04.jpg,3,,84689
315600ef7c5706af.jpg,10,,192931
2c6bf1280b027088.jpg,9,,177870
49c5abe000152466.jpg,5,,138982
01aa321820c8a1ff.jpg,5,,138982
4ef3cbd9aaa6d134.jpg,8,,176528
4299df3d95cb6ce2.jpg,7,,171772
4f76b6e9143d7810.jpg,9,,177870
0be65d702c295210.jpg,1,,62798
0ec32ef82899063c.jpg,1,,62798
2971a1b68f4d2537.jpg,6,,151942
0c0e0139cec90df1.jpg,7,,171772
25b5accf7eeb0011.jpg,4,,126637
34e929bd705eec78.jpg,2,,83144
2cd3e4a7342df661.jpg,0,,20409
24bdecd1165e685f.jpg,2,,83144
0fe50ffd18ecae57.jpg,3,,84689
04df6ddd084f7d45.jpg,1,,62798
15cf76b027d9520c.jpg,7,,171772
2dcf89bf582cb1bc.jpg,10,,192931
24e0a722a025dd75.jpg,7,,171772
2b21dee571b9dc33.jpg,5,,138982
485f75dc8e106a6d.jpg,8,,176528
23e33824db5e7ac2.jpg,0,,20409
418e4eca0828acf7.jpg,3,,84689
114c2828445a71a6.jpg,9,,177870
5659563f605b1e63.jpg,4,,126637
151b8a1b4e60a406.jpg,7,,171772
13a2fc3efed4be19.jpg,5,,138982
46ed6860357c1045.jpg,5,,138982
49ea73466a6f6bf7.jpg,2,,83144
27f00d739e8d02eb.jpg,5,,138982
4f7d4a187cbaa585.jpg,4,,126637
01d539b7f9576363.jpg,7,,171772
4a996bb97bb11e34.jpg,1,,62798
41b8f66887cc90c5.jpg,9,,177870
17e17438244efbb8.jpg,0,,20409
353cd11ec8437c18.jpg,2,,83144
28af2cb8be1ea944.jpg,3,,84689
217538aad9bb068f.jpg,0,,20409
088235fd2b81da7d.jpg,6,,151942
0ab15055a8f763de.jpg,3,,84689
0a127532a521b7b1.jpg,8,,176528
2b2cc79db8960120.jpg,2,,83144
178167ae4ec7498c.jpg,10,,192931
3de23f4f91f790a6.jpg,0,,20409
542a71f45f3c0685.jpg,10,,192931
0997725fd9cb339e.jpg,1,,62798
52f46be0bb26f4db.jpg,3,,84689
293bec80b1a53e3a.jpg,1,,62798
2419745ea1467ef5.jpg,4,,126637
39bfbe7b3b9f3cc7.jpg,1,,62798
42f741fd31acd9cf.jpg,3,,84689
1393712c82788348.jpg,0,,20409
1071bd43c35730ee.jpg,7,,171772
0d718b6a9aaedcad.jpg,10,,192931
013ed5faa5586a89.jpg,3,,84689
4312fc17806e1e6a.jpg,0,,20409
0cebf682af34693a.jpg,2,,83144
07b5919058751411.jpg,7,,171772
4f3339b49564348a.jpg,2,,83144
53505aab0ab821de.jpg,7,,171772
2a1a5373e51cf401.jpg,1,,62798
497a3d37895a4fe5.jpg,10,,192931
50608e717d0d3eac.jpg,8,,176528
290f11b5842cace0.jpg,6,,151942
0ce97926ab0af4db.jpg,2,,83144
340b385feb7341e4.jpg,10,,192931
5266236048073a62.jpg,4,,126637
4e613be7e76531c3.jpg,9,,177870
51e0232b5a54d7e2.jpg,7,,171772
53e78e6704e31fc8.jpg,1,,62798
0d6291d233132373.jpg,0,,20409
53708e07cf4f0018.jpg,3,,84689
389d4030668e52a4.jpg,5,,138982
41f7e947e0b00f21.jpg,8,,176528
27e7acfd9148df83.jpg,9,,177870
47bc7cb199025f39.jpg,2,,83144
250e30cff2728fe9.jpg,4,,126637
3b3dce6e2ce82e89.jpg,5,,138982
0d9b096656f1a0f4.jpg,10,,192931
0e6ef354b62a8417.jpg,10,,192931
327c34ca55ceff57.jpg,7,,171772
535a708a45b32797.jpg,2,,83144
497e6d44dc7f5642.jpg,2,,83144
1730399894b5cfe1.jpg,10,,192931
327dba0175198952.jpg,4,,126637
0e369e24bac61962.jpg,0,,20409
4c44c51332a766a2.jpg,4,,126637
15dd13580c040816.jpg,6,,151942
4a057b0d980591c9.jpg,10,,192931
16a6bd6acc2b8afe.jpg,5,,138982
130277961d1a113e.jpg,2,,83144
441d37010a5f443c.jpg,1,,62798
12297850e8836708.jpg,7,,171772
339521868db147a0.jpg,5,,138982
4c3cd085f6492b21.jpg,9,,177870
3ac84855d6c02568.jpg,2,,83144
1580d584bfe9cde8.jpg,5,,138982
109618422b31d133.jpg,2,,83144
44ef0df35cab49b5.jpg,5,,138982
4a583a500724dd8a.jpg,0,,20409
393cd50bce6cdf44.jpg,0,,20409
09958068f63d9205.jpg,7,,171772
5578b1708de94c76.jpg,10,,192931
4a73ebfc68343985.jpg,7,,171772
07fef0654473ff9c.jpg,4,,126637
4b0b38f341bbb625.jpg,5,,138982
147069205ab9cd23.jpg,4,,126637
4116ea1da4a00be8.jpg,7,,171772
3dbf0f68b0dcc2ca.jpg,0,,20409
030e5942a4064ea7.jpg,7,,171772
25dec43eb421d4e4.jpg,1,,62798
2ede1aa47e152de4.jpg,5,,138982
2d8caf272915d876.jpg,5,,138982
30693cabe64a7a34.jpg,8,,176528
55f98cae1f2e3985.jpg,9,,177870
4f0e54c9d0fd8d12.jpg,4,,126637
3c3dd735e71b54f6.jpg,5,,138982
2cfd6c9843dfffd0.jpg,8,,176528
151d0065301a4e7f.jpg,4,,126637
0ae1a722396f021c.jpg,8,,176528
33c2282e0c2b8a61.jpg,4,,126637
171667e9c352717d.jpg,1,,62798
4db29825294c6b5e.jpg,9,,177870
432afe43a6d5266c.jpg,5,,138982
54f5c23df924e7eb.jpg,2,,83144
0b8c50cd91e878da.jpg,1,,62798
419da4eae43a7f96.jpg,4,,126637
3684e5f33085797d.jpg,10,,192931
2b5f9b1ea4fd0bda.jpg,7,,171772
31787aebd2403491.jpg,5,,138982
27dad1232c621391.jpg,6,,151942
0e7837013d454f1c.jpg,4,,126637
346bae5127f109e2.jpg,2,,83144
013020b5fd71f04e.jpg,9,,177870
3b7803bae5e38f39.jpg,10,,192931
17b3456c7c46d367.jpg,1,,62798
322968910b4140ab.jpg,2,,83144
5085a5fad16583b6.jpg,1,,62798
544013e942590e2e.jpg,3,,84689
30da381eab0db29d.jpg,2,,83144
2870bd37ecbefa63.jpg,0,,20409
262d6e9d2199bb32.jpg,0,,20409
4d47c10d8ac8eb7c.jpg,10,,192931
1660f6651dd2390e.jpg,5,,138982
3007e4c66547d27e.jpg,0,,20409
229954c68bb7c52e.jpg,8,,176528
11742b0060d99e7e.jpg,1,,62798
4b26790c127b84e1.jpg,3,,84689
38692f2e0dab5454.jpg,1,,62798
2cd932fd7f5ffc60.jpg,6,,151942
2d99ad4d2b6ac4aa.jpg,1,,62798
0a998ee8580717e9.jpg,2,,83144
09780a640f3fb1ac.jpg,1,,62798
341a7e158e4dac4f.jpg,1,,62798
03dce2e87411770e.jpg,8,,176528
3ce5b0462254d2ad.jpg,4,,126637
2b8cc5004fa3c32a.jpg,4,,126637
4ea98abd22a0b4ac.jpg,5,,138982
09b92e0b9b15d87b.jpg,10,,192931
0e4974ba2493437a.jpg,6,,151942
0db55c0ef8b8970e.jpg,6,,151942
1023aa1e2ddf22d1.jpg,4,,126637
0d7a01c443cd5020.jpg,10,,192931
46f441d63d375f18.jpg,2,,83144
30fe8485fbc1b546.jpg,1,,62798
140215a0b5e5594a.jpg,9,,177870
144e4bbc15836540.jpg,7,,171772
2e4b87ca2504a67b.jpg,4,,126637
4ff40eb0015e4e18.jpg,0,,20409
43d6486397584953.jpg,8,,176528
0771764a31b113ef.jpg,7,,171772
42477e6d01211c70.jpg,9,,177870
55e904f3ae97e8cb.jpg,3,,84689
332e5d1d5903e9ad.jpg,8,,176528
492623758ba4ae2b.jpg,0,,20409
0ce11c7639734f5c.jpg,10,,192931
126f00442fd1f7fd.jpg,7,,171772
36e7941bf414acc5.jpg,2,,83144
2e225972961a6854.jpg,7,,171772
3d0dc4bc7f8c2e98.jpg,7,,171772
37e7a77aae8785a6.jpg,4,,126637
06507c885d15feca.jpg,6,,151942
13db17e38f12ee99.jpg,3,,84689
24bb89ea573914ff.jpg,6,,151942
2b6bca56990f4849.jpg,2,,83144
333c37847c2da623.jpg,2,,83144
22a61b29934d095f.jpg,2,,83144
104a931572ba3b99.jpg,1,,62798
47e1532760ac827e.jpg,5,,138982
527853e5298ddbe5.jpg,2,,83144
0923500cf624172b.jpg,10,,192931
15b7912ff493262b.jpg,2,,83144
2caf85319bae27d3.jpg,6,,151942
12fe7a488994b328.jpg,3,,84689
062830a88c2639cf.jpg,9,,177870
33ecf8e2257ddd3d.jpg,2,,83144
236722aee63e78d3.jpg,6,,151942
11f9ed9e3940ae7c.jpg,1,,62798
55585b96b41a1ee8.jpg,10,,192931
47fdf3a3d6fcfa9e.jpg,6,,151942
24be563f8db3ebe7.jpg,2,,83144
5197242d89ff2c89.jpg,8,,176528
0f18b858e7ff8fce.jpg,0,,20409
27ff3db63c430910.jpg,9,,177870
009ca094bba71714.jpg,2,,83144
2bf87897e7ad3c1d.jpg,4,,126637
4f0a611a3cab6120.jpg,10,,192931
4c7d855803526279.jpg,0,,20409
373d9f17f79ef5b9.jpg,5,,138982
4fb5cdc4a2f8aead.jpg,6,,151942
339e3e911dafecd0.jpg,7,,171772
566b28218e56202b.jpg,5,,138982
3a61da4b4c6b1b61.jpg,1,,62798
4abc99bcf4b28f2e.jpg,4,,126637
0cf70fc016b1350c.jpg,5,,138982
225705937ee7161c.jpg,4,,126637
38976a327f5dd595.jpg,10,,192931
33c128c9a096719a.jpg,10,,192931
284fb682952d329e.jpg,10,,192931
2452c0b3000b7f33.jpg,4,,126637
4f6dfcc334f87d8f.jpg,10,,192931
0103cc6e050e792b.jpg,1,,62798
4315c4b0803f6b7e.jpg,0,,20409
550bedd1215c2170.jpg,0,,20409
29ac4f24c006905e.jpg,4,,126637
3d7191980a155800.jpg,7,,171772
0ce537aca7ad2d13.jpg,8,,176528
42642450bce3d5b7.jpg,2,,83144
4facddfec4232fb0.jpg,0,,20409
0804c5f78ac1d71f.jpg,7,,171772
415cbca036fb65da.jpg,4,,126637
096b1cf62053b66d.jpg,4,,126637
3682a8bf357281af.jpg,1,,62798
22abd54e48404e38.jpg,6,,151942
29d3b984c2e80b4a.jpg,6,,151942
42672ba8c4f8a72e.jpg,4,,126637
52f67d3ab2a4b419.jpg,8,,176528
2ee15de17fa8a371.jpg,9,,177870
48177d470dfa8133.jpg,5,,138982
0229f847744e18cb.jpg,4,,126637
2298b8b47c7a0467.jpg,8,,176528
4d401836f3c1201d.jpg,5,,138982
230457e0b2f95473.jpg,4,,126637
49fdc06a9a39b33a.jpg,6,,151942
0d3cb0075881c514.jpg,8,,176528
4d89c986bcd275a3.jpg,8,,176528
0e672f9bbc349f69.jpg,1,,62798
13a733548c109fc4.jpg,1,,62798
10a75b39ac4c1518.jpg,8,,176528
00026f17ba458f83.jpg,7,,171772
3d5e963073c29f04.jpg,5,,138982
2e0c55cfc8a996a4.jpg,9,,177870
3af0586ad764264a.jpg,3,,84689
04beaf6c12461245.jpg,5,,138982
0c63f161a33b192c.jpg,6,,151942
24a65f65b80d17dc.jpg,7,,171772
35b1fc9cfc0358c1.jpg,1,,62798
32f1c237c3e2ce70.jpg,8,,176528
022fb1f456bf876c.jpg,0,,20409
581d35f3e377b04c.jpg,6,,151942
4862c4da81d4dc53.jpg,7,,171772
029d0f54d51ba74d.jpg,3,,84689
41acf5fe3d802016.jpg,10,,192931
0bc29d147d8f096e.jpg,6,,151942
16534d65c629c9c9.jpg,7,,171772
36e55b3bbeddb8ed.jpg,10,,192931
3d0ebd8c70292203.jpg,1,,62798
5324ecd67dc8bbd4.jpg,6,,151942
38fba0247418520f.jpg,10,,192931
3b84ff3b0428b91d.jpg,8,,176528
310cc7aa411bb79d.jpg,9,,177870
099511a74df8545e.jpg,2,,83144
4b524e24c6c910ca.jpg,9,,177870
244294f7a377524e.jpg,6,,151942
375d77f702d9ea92.jpg,9,,177870
23b142f5e8f7e8ea.jpg,1,,62798
48af507971fdb7c1.jpg,6,,151942
28a1d74ee3f3fa64.jpg,5,,138982
4f7bfc1c7c465e23.jpg,10,,192931
2a7934c12ddb4386.jpg,8,,176528
4e809e6dc70a92d8.jpg,5,,138982
32d930295d02874c.jpg,8,,176528
41bebf0266955628.jpg,3,,84689
46dee1617133d99b.jpg,1,,62798
0a742749dbb454bf.jpg,0,,20409
12980e01637ed4af.jpg,8,,176528
0d352d6d53a8e5d5.jpg,0,,20409
37b794075edef03d.jpg,8,,176528
45445422b3486989.jpg,7,,171772
54925691e3800f59.jpg,7,,171772
069db97cade5873a.jpg,8,,176528
4405c54c85933767.jpg,9,,177870
026bab9d3baca88b.jpg,6,,151942
305303dda3f25be6.jpg,2,,83144
239d4213f32d3669.jpg,8,,176528
17e49067c28f87eb.jpg,4,,126637
4247d6ca5c4091ea.jpg,9,,177870
48fb3768b3ee4f37.jpg,3,,84689
37d3eb47232213ad.jpg,10,,192931
229e754dcc958527.jpg,7,,171772
27e8eede605d6d93.jpg,5,,138982
38529129586cbce8.jpg,3,,84689
521397c2d3f4fb0f.jpg,6,,151942
395a2da506bdba6d.jpg,3,,84689
0a7f92a02bf47965.jpg,3,,84689
46137dad29b96a5f.jpg,4,,126637
2332f6d4bd08d146.jpg,9,,177870
3167e7720d2fb72f.jpg,9,,177870
3a3679b37d2a287e.jpg,10,,192931
2e3cfc14e93dd815.jpg,9,,177870
04dc4cbc5c660a21.jpg,6,,151942
28a5be1be1fe403d.jpg,6,,151942
492446dc7219ca0b.jpg,8,,176528
24277df4b6db8513.jpg,9,,177870
11e554e775cfc956.jpg,3,,84689
34239d550b352a2a.jpg,9,,177870
05990c6eb76dd80c.jpg,4,,126637
4879b55e8aa1e0b8.jpg,6,,151942
2f2c01c069d17f79.jpg,2,,83144
10c8b9bac25aee5d.jpg,7,,171772
22605b86da6e59c0.jpg,9,,177870
4ff22f7fddc16263.jpg,1,,62798
4970b54ad712a3aa.jpg,8,,176528
0fb55e4ede1289f5.jpg,3,,84689
1605bc6d81bc35c2.jpg,7,,171772
01585c0bfcf43921.jpg,1,,62798
4f27ee485e376e1c.jpg,8,,176528
2ae3cfed2a7eb77f.jpg,9,,177870
35a0d7ccf2402cdd.jpg,1,,62798
3721fcc1b3787eb4.jpg,9,,177870
45984f3a70bd0272.jpg,4,,126637
2cb10ba2669502e1.jpg,2,,83144
312f0bc82e36eada.jpg,3,,84689
092719a39a4c56ad.jpg,4,,126637
53be8193a1234a00.jpg,7,,171772
107423ac3e380442.jpg,3,,84689
383b9eede415691d.jpg,7,,171772
11d789f4105cf925.jpg,6,,151942
11a9df659e62b918.jpg,5,,138982
0ab44ab1b2e9f157.jpg,2,,83144
56777e14e2e49696.jpg,6,,151942
13ab6228ab489d17.jpg,4,,126637
24b8dafcb68755d4.jpg,0,,20409
326c0417beb66f74.jpg,5,,138982
4d32f9c0c2f04779.jpg,5,,138982
348fae6c006ca27c.jpg,2,,83144
4ea07161c8d6e30b.jpg,4,,126637
4a48521947f4b2f9.jpg,4,,126637
473ff50a5101e630.jpg,2,,83144
4ed044f6bbdd9300.jpg,5,,138982
02f56c695ec9e9fe.jpg,2,,83144
320dd836bf6674a0.jpg,10,,192931
0c713f0f0e4f5094.jpg,9,,177870
0bf98a8213fd3d1d.jpg,7,,171772
3b4a803d99086462.jpg,1,,62798
3199f5be6b1c5f95.jpg,10,,192931
31c39a91b43a6fa3.jpg,5,,138982
079a1da3626377ec.jpg,7,,171772
14b76923b441fce7.jpg,2,,83144
0eefb0d92f56a181.jpg,5,,138982
123e0817780e6f59.jpg,3,,84689
279b61c986e85178.jpg,10,,192931
185cbbf79bbd475b.jpg,10,,192931
5174747098c919e2.jpg,6,,151942
0054e366eeff7c75.jpg,6,,151942
0bb5a984c6dc19ae.jpg,10,,192931
05035ee4e1079375.jpg,2,,83144
187f98052af62bdd.jpg,7,,171772
4df45a894277706f.jpg,9,,177870
3785d26a4ae28f13.jpg,9,,177870
02139bf477be60f7.jpg,4,,126637
3843aeaca1dd71ef.jpg,0,,20409
4330d10bb036b109.jpg,10,,192931
49ac5657bcb535d6.jpg,4,,126637
0c62fdb8fe352017.jpg,1,,62798
16ada5a2fd01095b.jpg,8,,176528
3e6a68646aa6eff6.jpg,3,,84689
391c7700a46c2283.jpg,0,,20409
386bec23b378923f.jpg,10,,192931
3ba9f3ee05678d4e.jpg,10,,192931
51b2b7328c9df69a.jpg,10,,192931
43f792d4798ace35.jpg,7,,171772
4e8579536d68dc80.jpg,1,,62798
0eeafd198e6ad12b.jpg,1,,62798
42e878f252436ce6.jpg,9,,177870
0684b7fe9be75e2f.jpg,7,,171772
122a024d19695d4c.jpg,5,,138982
4c82b5efd6a6c18d.jpg,1,,62798
23a6463b944717da.jpg,10,,192931
551153c0aa8b1a28.jpg,4,,126637
3ba3be24bef7e6ca.jpg,2,,83144
079d54149a2425e8.jpg,5,,138982
15686c2f0f76e906.jpg,10,,192931
109cb93679a69636.jpg,1,,62798
010977d1e949edfc.jpg,0,,20409
0dca18be35660eee.jpg,2,,83144
4c6ae466186fcff5.jpg,9,,177870
2f2e40e6a2bdd396.jpg,9,,177870
12ba43c4fec85758.jpg,8,,176528
0daafdfd855e06fc.jpg,10,,192931
4ef02ee11582928a.jpg,5,,138982
34557aea2c690469.jpg,1,,62798
4a068a7b813312bb.jpg,8,,176528
07a651a577420358.jpg,4,,126637
00740c87a82a2c1b.jpg,7,,171772
0594d65074612248.jpg,9,,177870
47db9479d02253e9.jpg,0,,20409
367860d773717aa8.jpg,4,,126637
2ec0bd8aefa15ac3.jpg,8,,176528
48a7c2bf48d7404c.jpg,0,,20409
48e45c4a0e240cd2.jpg,10,,192931
0761dc96672b2e9d.jpg,4,,126637
14ef65635c93b3e1.jpg,10,,192931
29a6db85c7eb3781.jpg,9,,177870
08b91ec7b6ad6680.jpg,10,,192931
26153f7f86104ed5.jpg,7,,171772
5041da9b34d48452.jpg,9,,177870
151814cce2a45508.jpg,9,,177870
4e5d8f592f77f4c0.jpg,5,,138982
02c58d86c789a6a5.jpg,0,,20409
3986a3f67cbe3c66.jpg,10,,192931
4fcad9b296fd90dd.jpg,6,,151942
163b19ef8c28fa66.jpg,4,,126637
37b522326eee4e52.jpg,8,,176528
369d2197b792337e.jpg,3,,84689
14504b932684aedb.jpg,8,,176528
48f86a245d1efedf.jpg,9,,177870
3040c6d73cc5403e.jpg,6,,151942
55e2e4cd8b4ddf12.jpg,6,,151942
1123193d866d3cf0.jpg,3,,84689
2dcf453e33456119.jpg,2,,83144
0675df6f07c65187.jpg,3,,84689
0ae877cff8d9d40d.jpg,1,,62798
550b6e1acd2af95f.jpg,2,,83144
4af982dca0c99575.jpg,7,,171772
0544b80085821008.jpg,5,,138982
2f0c5a2ac2f15124.jpg,2,,83144
3850bc156281013a.jpg,0,,20409
14fd881e2dd031be.jpg,3,,84689
31b66d387192bff2.jpg,7,,171772
0f4edad9d3c7c902.jpg,8,,176528
14bcf02e5c290d61.jpg,0,,20409
2a5ebb5c2b60535d.jpg,3,,84689
2b6c7916f250a1ea.jpg,0,,20409
3a44405040b9278a.jpg,9,,177870
17ff587a5c6694e2.jpg,2,,83144
2a38614ed2b29652.jpg,7,,171772
27d0368e52f8d92d.jpg,6,,151942
079099b88c50d566.jpg,3,,84689
0b258856309572ba.jpg,6,,151942
383a2117f13844d4.jpg,5,,138982
36041351f6c5797d.jpg,1,,62798
099e652f5dd012c2.jpg,0,,20409
27da5e70317e93de.jpg,2,,83144
285ae5203c7bc8fa.jpg,1,,62798
42e81fcef29493e5.jpg,7,,171772
288d2c7ca50e59e1.jpg,4,,126637
451cb76ce323c11f.jpg,5,,138982
03fe19c0ac86ead3.jpg,1,,62798
13b3f714d5b91222.jpg,5,,138982
386d58fd54eaa92b.jpg,3,,84689
2350aca3a1fc9818.jpg,8,,176528
5193df6795735534.jpg,5,,138982
2ceace5a255c50ed.jpg,5,,138982
1004c001fde01a27.jpg,3,,84689
473707f6a4c87c61.jpg,9,,177870
04c1281ee5fd79f7.jpg,7,,171772
24c0b4771a608e86.jpg,7,,171772
3ca49c930249b020.jpg,7,,171772
54e725869ec672c0.jpg,5,,138982
47054918506d9d4f.jpg,5,,138982
121f8b2699eaff4a.jpg,7,,171772
55b802b65cc248b9.jpg,8,,176528
4f161b20d1ee5ab5.jpg,9,,177870
2e7c39b27569669b.jpg,1,,62798
329b1be89952a6ea.jpg,8,,176528
04b9201655654fa3.jpg,8,,176528
3d5d90d9d9462a02.jpg,9,,177870
2f12b901248194d6.jpg,8,,176528
0bb84975fba82eb8.jpg,4,,126637
0ae9a76c1c5db929.jpg,3,,84689
075ffb5593750a24.jpg,4,,126637
2bd764093cc809d9.jpg,10,,192931
2f4076d26012f51a.jpg,5,,138982
038eb18722361a69.jpg,10,,192931
437f946eaea27ce2.jpg,2,,83144
00b6e3050572f46f.jpg,0,,20409
31283a192e3ff960.jpg,1,,62798
503dc792ec564f71.jpg,2,,83144
4a1c89e3056625e2.jpg,1,,62798
01384cd07195f5c5.jpg,0,,20409
1609ef009117ca58.jpg,10,,192931
0efd0b75e0a725ea.jpg,2,,83144
4f6b80f46a826109.jpg,1,,62798
3950efeb00dfc552.jpg,0,,20409
22b0ce7470534f3a.jpg,5,,138982
10896b68810cab75.jpg,7,,171772
0c99c26075795ea8.jpg,5,,138982
3b1f4537609f26ca.jpg,9,,177870
3e1f79f12130f30d.jpg,9,,177870
2978379dff22d6f1.jpg,5,,138982
3d7ddb1164261f4c.jpg,10,,192931
5505ade0f40a43a7.jpg,9,,177870
27e95de7cc8e41b2.jpg,3,,84689
39be920f8713508e.jpg,5,,138982
297b2ed1b97a81de.jpg,4,,126637
11435facb2ab5ec3.jpg,4,,126637
01f8c7433680ca68.jpg,4,,126637
4e483485a1f0d5f0.jpg,4,,126637
17ea0748de1383d5.jpg,7,,171772
1429de20b982ac9e.jpg,8,,176528
4a821dfc7c1dbf1f.jpg,7,,171772
0abe4c37e0b77df3.jpg,9,,177870
52ea526f15db0be7.jpg,10,,192931
16049e32a8383e8d.jpg,3,,84689
33b3bfb0e387de70.jpg,6,,151942
01280b5a7beb0356.jpg,8,,176528
4379088c6c020664.jpg,9,,177870
4d31642c5e4ec98b.jpg,8,,176528
53e67fa73472b630.jpg,1,,62798
5155f696ebec8b81.jpg,6,,151942
46ce028c7f03cec9.jpg,7,,171772
0f55490cf9ed6757.jpg,2,,83144
253e271b368dc8db.jpg,6,,151942
0029f7afb9a95af0.jpg,8,,176528
4808e7e55c4724fc.jpg,5,,138982
24f8ad55c85c7a94.jpg,0,,20409
5203e4f496dde3fd.jpg,4,,126637
3c4c8d93b5214325.jpg,5,,138982
4a4dcda66ff92f39.jpg,9,,177870
472402e7bc10e526.jpg,7,,171772
22ae7f0dc800a853.jpg,4,,126637
134336d33029865f.jpg,5,,138982
527828b29ad3f67c.jpg,9,,177870
0a60ddc7b1f5e2de.jpg,7,,171772
555e6891d84c81e1.jpg,10,,192931
4456d7152b5c8c9e.jpg,2,,83144
4f846df7a81837bf.jpg,7,,171772
2f0547101544746c.jpg,5,,138982
0f8ad26be752d674.jpg,0,,20409
2626ce81da8acf12.jpg,9,,177870
2cce9a0b4bf2f6b7.jpg,4,,126637
0127f08ca65d1a10.jpg,5,,138982
4355f8f539cf5c78.jpg,2,,83144
3b3b08d3620c2e43.jpg,6,,151942
46c86fd47504dd45.jpg,10,,192931
0826fffce0fae350.jpg,0,,20409
01a659a17da39773.jpg,5,,138982
5265c7684b6d1e45.jpg,9,,177870
166bab32a752d5d0.jpg,1,,62798
2ae853d6f7de8cbd.jpg,5,,138982
4d93cbe220580431.jpg,3,,84689
5356f528b9e2dc4c.jpg,6,,151942
4a34895fbd0947fa.jpg,4,,126637
01b56aecb2fb0c2d.jpg,10,,192931
453c1b230e341fb6.jpg,5,,138982
4132bd520d477c76.jpg,0,,20409
5125b050171869a5.jpg,3,,84689
022c0a2324281f88.jpg,5,,138982
0179c064f6aa4f30.jpg,1,,62798
3d5dbdae26c5ba38.jpg,5,,138982
364757ba1606c02b.jpg,4,,126637
55840d9c5bdc7069.jpg,8,,176528
2e90e3128e6066cc.jpg,10,,192931
23554bafee5edf08.jpg,8,,176528
50a7d32ec83e25d1.jpg,9,,177870
50a7eff107bc312c.jpg,8,,176528
3ce6280fd9cb9714.jpg,10,,192931
41adf383c918c596.jpg,3,,84689
5313c77947b27f11.jpg,4,,126637
42ab20fff8e49bdd.jpg,7,,171772
3aa6dc010766ef39.jpg,8,,176528
319cce51f295e9c2.jpg,1,,62798
459468cbe23c8d74.jpg,2,,83144
13fbb3cda4f0d147.jpg,9,,177870
5889b5d62f82779a.jpg,3,,84689
0ce3360215637832.jpg,10,,192931
07436c685dbb1d91.jpg,7,,171772
33cc966872addfdd.jpg,2,,83144
0e80863705e8b7e8.jpg,4,,126637
4d1dc9150e68fe27.jpg,9,,177870
3abe2db6cbf032ed.jpg,9,,177870
0dac72090ed58961.jpg,1,,62798
098fbb7da6faf6ad.jpg,1,,62798
489ab8ece067a528.jpg,3,,84689
47ca122d0d0fb1eb.jpg,6,,151942
14ec218e320b6706.jpg,2,,83144
271337ebe001ee40.jpg,9,,177870
3d7c38b463ccd171.jpg,3,,84689
55e33a075b153423.jpg,0,,20409
2ca1292b76be9226.jpg,6,,151942
315e69430efa4c52.jpg,0,,20409
538daece467fcb16.jpg,6,,151942
28009d428d7c9754.jpg,1,,62798
1628370deaac3b65.jpg,6,,151942
030b614d72da882a.jpg,2,,83144
296a0b90380a765c.jpg,7,,171772
548506b338a95e0d.jpg,8,,176528
156dccdded7dfa78.jpg,6,,151942
4356665bd6754f18.jpg,10,,192931
050f1104bee7733a.jpg,5,,138982
3896edc58ab8ab3a.jpg,2,,83144
2827380607351c65.jpg,8,,176528
0955bfac4eba6fb2.jpg,2,,83144
2d56e15990750e62.jpg,7,,171772
06630ad55030fccb.jpg,4,,126637
538a43776e8b30bf.jpg,3,,84689
011a08c547d37045.jpg,1,,62798
0ecd51d5965c582f.jpg,5,,138982
05b3fd061a8b3a04.jpg,9,,177870
5445e03f8b464677.jpg,5,,138982
34afc00f9f912252.jpg,4,,126637
025206f18efb51f0.jpg,0,,20409
13041fe1f7ca8892.jpg,7,,171772
480cb2a8591f0d24.jpg,0,,20409
51aea8bd603e6ac4.jpg,4,,126637
15c4f0cd04e12c68.jpg,6,,151942
1328ebe9d39d0855.jpg,9,,177870
24adebaa8b46a39b.jpg,6,,151942
06b9d41ab5c91fd7.jpg,6,,151942
289f33e3b0277b2d.jpg,2,,83144
12facad7b5c052bf.jpg,4,,126637
039c1e0d3f30020a.jpg,8,,176528
46a6166f02f6325a.jpg,10,,192931
425e09a59102e028.jpg,0,,20409
4f18bf788199cb27.jpg,5,,138982
27269b8bcee4f425.jpg,4,,126637
37d0524bc3a2f657.jpg,2,,83144
32ac971c2a3aa732.jpg,4,,126637
237872dbdf6fe519.jpg,1,,62798
0aab5105a08a6977.jpg,10,,192931
43f4a28107e2a13a.jpg,8,,176528
42a773cc4cf08d93.jpg,8,,176528
28ec8158fbf7a131.jpg,5,,138982
2ca43fb6de1b28ab.jpg,9,,177870
10d1725d7fcc7cd4.jpg,9,,177870
4b2de1de8c2511af.jpg,9,,177870
4665fe58bca73703.jpg,8,,176528
15ec71abcc8e6f3d.jpg,2,,83144
4f701d3d47b3b3cd.jpg,2,,83144
2e342debd82324b5.jpg,6,,151942
0d473ddbc87afe28.jpg,4,,126637
355ff326ef9c489e.jpg,2,,83144
171043e1ba2c74a6.jpg,5,,138982
141cdcc93ee4a7a9.jpg,9,,177870
39974899d1a56cf3.jpg,4,,126637
4913ac539d94929b.jpg,7,,171772
3137f6b109874e78.jpg,4,,126637
2c52750340f8d0ee.jpg,0,,20409
55456bb703a32538.jpg,7,,171772
30bd97140689c8e7.jpg,2,,83144
362113602b1e09fb.jpg,2,,83144
095c6e8492eefe86.jpg,9,,177870
33939a5cd0de5d37.jpg,5,,138982
291b3340e3e6f30a.jpg,5,,138982
398e57a38b48649e.jpg,1,,62798
343e3818bac1990e.jpg,5,,138982
4675a2a80a5cd670.jpg,6,,151942
0c0eb5f44a6e588b.jpg,0,,20409
380814abd372ca7a.jpg,6,,151942
28bd4c745f520409.jpg,7,,171772
45fa57a8d69ab58d.jpg,0,,20409
00fe1d9d173d0c90.jpg,7,,171772
109beae7c723c322.jpg,2,,83144
2cd634054823ddd5.jpg,7,,171772
1816dcacfa9e8e8f.jpg,10,,192931
3a1f4fc8ba59aacb.jpg,1,,62798
0c82b6190f6c5778.jpg,7,,171772
2b741234fbe45198.jpg,5,,138982
2cdd22e9479330f9.jpg,7,,171772
45bddb5771c0d1ef.jpg,1,,62798
16682af71e983244.jpg,10,,192931
2d94c3df0bea872f.jpg,4,,126637
1572e50780a97031.jpg,5,,138982
08e0a33ccbb5ca23.jpg,8,,176528
2f3a2c61f7808b5e.jpg,6,,151942
39c7fe08514b10cf.jpg,3,,84689
4c2bf5c6530b9dbc.jpg,8,,176528
2719dc3ada2aa5b9.jpg,5,,138982
02ef20abc3603198.jpg,7,,171772
44af696ac1933b3c.jpg,10,,192931
477bfa7140d41fe2.jpg,9,,177870
48392b480e76f44f.jpg,0,,20409
15005a11aabbd9ec.jpg,10,,192931
42d91a1cdca69ae9.jpg,5,,138982
4f3a052991c5384a.jpg,0,,20409
230dfae7d8df1155.jpg,7,,171772
3cf9f57671dd4c93.jpg,0,,20409
3ad0d45e77f77104.jpg,7,,171772
24bae5b0e972ba03.jpg,9,,177870
074362e9ddc450f9.jpg,3,,84689
4a7020607cbf3f05.jpg,9,,177870
10903fba03abfdfc.jpg,0,,20409
38485fc60bee2932.jpg,9,,177870
241271b0e016bdc9.jpg,7,,171772
230d17318ad574f3.jpg,8,,176528
485fa2cafd1fceee.jpg,1,,62798
45cd2cbc6a17f448.jpg,0,,20409
300538e34f8958a4.jpg,2,,83144
17bff6695cdec6c2.jpg,2,,83144
2d713a3532491197.jpg,2,,83144
03142a22fc766d14.jpg,4,,126637
3176796ebeefcd37.jpg,4,,126637
5557525f26a410d1.jpg,1,,62798
4eb07ae318314423.jpg,1,,62798
09ee8b3018897167.jpg,1,,62798
53300b6871f758db.jpg,8,,176528
30ce74ad8611be33.jpg,7,,171772
340edec5337b3be0.jpg,5,,138982
4a33fffc04eb9345.jpg,2,,83144
03c11be269b8540f.jpg,1,,62798
306a2074a832ee48.jpg,2,,83144
4e3e83aff1f10337.jpg,1,,62798
42e1a773f1b987a8.jpg,0,,20409
2e202314821537af.jpg,2,,83144
237bf29acd03570a.jpg,6,,151942
0f293bd9ee700e6a.jpg,3,,84689
50bfd654a4b05edc.jpg,6,,151942
137268e1cea4f007.jpg,9,,177870
39ce191a4b0bfe22.jpg,2,,83144
355e86ebb4f698fd.jpg,7,,171772
55ab5ae67483c56d.jpg,6,,151942
36b3ef7d461f0ac5.jpg,2,,83144
0a4e8123a9ad96fa.jpg,2,,83144
55dd9f23e904e42b.jpg,8,,176528
50c9dad80390fcf3.jpg,1,,62798
3b61d1795cf4c69e.jpg,4,,126637
10d8a272c45f8432.jpg,10,,192931
03447dc6ed291d3f.jpg,7,,171772
556a06280b72a69e.jpg,0,,20409
315f626d449bddbe.jpg,1,,62798
13425bb21b99cf71.jpg,1,,62798
2e1cbec063056b14.jpg,2,,83144
1495fe2e8be2acbe.jpg,5,,138982
032f1c3a9a4db9db.jpg,8,,176528
1618e7cf797d1c0d.jpg,5,,138982
5620fce559e7852e.jpg,9,,177870
120a863dedaf99ae.jpg,7,,171772
342b4d7f8e1c7446.jpg,8,,176528
3d568064df240d7c.jpg,1,,62798
38379f68579443ed.jpg,2,,83144
2fd35120e069bdfb.jpg,7,,171772
09487588b9b16cc3.jpg,9,,177870
1286c6370333eeb6.jpg,3,,84689
46c611f92d54beef.jpg,8,,176528
34490f04b6ad84e8.jpg,5,,138982
37c892154d17564c.jpg,4,,126637
301b2fe9e27f241a.jpg,8,,176528
02e886fee2c28eae.jpg,7,,171772
3c35d87acaf84966.jpg,1,,62798
22a72a35edf6448e.jpg,0,,20409
4f8d2892c179174f.jpg,5,,138982
31aa257cfa76953e.jpg,6,,151942
0715e569bf08ba88.jpg,7,,171772
55d0ff5d4b34b819.jpg,9,,177870
14347924bdbc3e2d.jpg,7,,171772
145d2f21b7ebbdc8.jpg,10,,192931
039832a1291854ee.jpg,5,,138982
556ce6210e3aca43.jpg,0,,20409
48a2049cef6285c7.jpg,5,,138982
22b6a3835962f97b.jpg,6,,151942
13ee67568e6f5991.jpg,2,,83144
52df63b89d04f5dc.jpg,4,,126637
4c7fb39bf7609a19.jpg,7,,171772
3b225c54ce7462cf.jpg,8,,176528
12182221fa2cd586.jpg,0,,20409
43f1d5bb1273ebba.jpg,0,,20409
3504e192702e9e7b.jpg,0,,20409
107750b37faba678.jpg,4,,126637
11d675f733ade9dd.jpg,5,,138982
103bc1c679803a97.jpg,6,,151942
1593bcf701b3dfcb.jpg,6,,151942
258fd26fd5ea43e7.jpg,4,,126637
2e1c470964831534.jpg,8,,176528
046d53e9d2c29d94.jpg,9,,177870
36ebb79c7b72f464.jpg,3,,84689
4e4a569ac2fd3393.jpg,0,,20409
54a3f4a23843c30e.jpg,7,,171772
5500f957edcbc66b.jpg,1,,62798
2ece425c686d1e47.jpg,1,,62798
0f98383b72ad128f.jpg,1,,62798
2f0cbf20f30550ad.jpg,2,,83144
2b37ee9e773b8511.jpg,1,,62798
393d94a545f6b8da.jpg,2,,83144
2add320337400ae5.jpg,0,,20409
4d1270f08debb3d7.jpg,9,,177870
1382278e3d9d2830.jpg,1,,62798
12756fdeaeedd63d.jpg,2,,83144
0e331fab349d18ba.jpg,3,,84689
34966416af3126d7.jpg,8,,176528
29400a80f6c400f1.jpg,4,,126637
2d09d224d9a1d8db.jpg,1,,62798
455fa9519be48703.jpg,5,,138982
50d8d1676dfab2fb.jpg,8,,176528
2701c1971865593e.jpg,1,,62798
0419858abbdd1ea9.jpg,5,,138982
137811e7e0b70a8d.jpg,7,,171772
2e732aca6f41e2a5.jpg,2,,83144
5334b96599ce2859.jpg,1,,62798
44a91014961c0cfd.jpg,0,,20409
2cd6e37cdac266de.jpg,5,,138982
0de609cdb1e9b4bf.jpg,5,,138982
34179c394c9bb960.jpg,0,,20409
3bbd274f14af6f8e.jpg,10,,192931
115eca1cb67c9c7c.jpg,5,,138982
03584a5dce8678de.jpg,4,,126637
4f405420be939ea5.jpg,9,,177870
2dc739b218cb2529.jpg,0,,20409
5456ee38e279e2eb.jpg,7,,171772
4556503148740a90.jpg,2,,83144
17106e2ad37a3af1.jpg,6,,151942
49bea8c4be5a5607.jpg,8,,176528
4f9a7d948aed5f4b.jpg,4,,126637
54b69a9bff9bccbf.jpg,2,,83144
27b9c4e133bb1a58.jpg,0,,20409
2b3e7a3ecc0f0e39.jpg,7,,171772
4ac8b3753835e060.jpg,6,,151942
35d1cc4912d4668a.jpg,4,,126637
3b3e6efb488cdf7e.jpg,5,,138982
46a0ab3851dd1c1d.jpg,10,,192931
13bdfab85b305cff.jpg,3,,84689
290d9dd5d344f6f9.jpg,2,,83144
278a12a62f67174f.jpg,8,,176528
3a66d4f1c58c9d94.jpg,3,,84689
35c97913ff883156.jpg,5,,138982
126442ccf0cf5d16.jpg,1,,62798
356c592097827cf2.jpg,2,,83144
511d95567d859d3c.jpg,8,,176528
26de2ec7fc49ee96.jpg,5,,138982
13351515ac81d0e3.jpg,7,,171772
2517776709b9a48e.jpg,0,,20409
0cb0a20b3ceaccce.jpg,0,,20409
26dd5d52a20a5adc.jpg,2,,83144
061cc46df3161337.jpg,6,,151942
24f4418e59092423.jpg,10,,192931
3245a5b0a59caae5.jpg,4,,126637
4d36ebe0bec1cfe1.jpg,2,,83144
11bf551cffb8bdc7.jpg,10,,192931
026a2458891ad656.jpg,9,,177870
44322dddf4ccc3bc.jpg,8,,176528
34f6ac03ffb67638.jpg,6,,151942
4e394d608efcf564.jpg,4,,126637
46c1a1d73ece197a.jpg,10,,192931
241f8deaeeb2497b.jpg,2,,83144
0331ca6b79fd5a8e.jpg,4,,126637
3d381a9996d5a869.jpg,4,,126637
4ca250208b05b3ca.jpg,0,,20409
3386f3c0bac9b8d2.jpg,10,,192931
433410ba5e82a4b6.jpg,8,,176528
0b8976a53f403c74.jpg,10,,192931
0dc2106ba83c34be.jpg,5,,138982
53b1e71f5f21f0f1.jpg,7,,171772
4261dc185b5ef037.jpg,7,,171772
35aa2fb38fb5b96d.jpg,8,,176528
41e99e11ee78bd4c.jpg,9,,177870
17ca2722f3fa6ee6.jpg,3,,84689
3ab8d3d08e303752.jpg,4,,126637
0da3286fdbd4e233.jpg,1,,62798
21850060287b7175.jpg,4,,126637
36104684936a38d6.jpg,1,,62798
01738642f5c2e2fe.jpg,2,,83144
36dcc603f1347fd5.jpg,7,,171772
27fe80e757e22754.jpg,5,,138982
53cedee5dfa91a3a.jpg,2,,83144
0d8a6a78681b8556.jpg,6,,151942
2aa4a4bd22ed40b2.jpg,3,,84689
10094757ae22abc1.jpg,8,,176528
1148629cd08ba3ea.jpg,5,,138982
05866777e084081f.jpg,8,,176528
009144022ccc9eb4.jpg,7,,171772
39cb00985ecd977a.jpg,2,,83144
28e8b6182a985232.jpg,6,,151942
12d869697ba75f62.jpg,1,,62798
1873e65ea40e6725.jpg,9,,177870
0a735280a8d664de.jpg,8,,176528
4c1cdef62095662d.jpg,8,,176528
439cf939d8273a95.jpg,6,,151942
2bc9d9ca78815c83.jpg,5,,138982
06b01a0ea2137f97.jpg,0,,20409
561ccb6de4cc5afe.jpg,10,,192931
3314f7bbfbd7926e.jpg,1,,62798
161a26918ffc7977.jpg,10,,192931
3bbfb17d03a2c776.jpg,7,,171772
23ffb8e534219f49.jpg,9,,177870
27e708a76ddda6bd.jpg,7,,171772
133702c85f36f6e8.jpg,7,,171772
0368dba3fdc1ac0e.jpg,7,,171772
46b75a75d9e2790b.jpg,1,,62798
332dfa73d35f5a4d.jpg,7,,171772
354fcae1d31aaa43.jpg,8,,176528
4a1cd9ef86c3ce64.jpg,4,,126637
1747e301d09be403.jpg,10,,192931
41cbf982296ad6f3.jpg,9,,177870
4123eef24e067afb.jpg,6,,151942
56267b0ebedf760d.jpg,2,,83144
34ef1fd9d7d37ca1.jpg,7,,171772
219dab6e71a184d2.jpg,5,,138982
061632eafe6f826c.jpg,8,,176528
113af1bd07023f60.jpg,1,,62798
3aa96f8d5cdb79dd.jpg,7,,171772
138aab58110274a7.jpg,0,,20409
035da32fb191127d.jpg,8,,176528
4b2650062bdac624.jpg,2,,83144
4fc08e940fc64af8.jpg,4,,126637
25f4ff6ddd97f724.jpg,8,,176528
4bfd3674f5e573e2.jpg,10,,192931
2a35eadb037f28ab.jpg,8,,176528
0a8b3af273d2658a.jpg,0,,20409
310d3f2f3ecb8000.jpg,3,,84689
01c4b72b291a4bb0.jpg,2,,83144
2378701d1acf4305.jpg,8,,176528
45a3722ab22bfab9.jpg,9,,177870
1517a9283f6a2e53.jpg,4,,126637
0d3b051be2e71a28.jpg,6,,151942
25d0ac110c4f75a6.jpg,6,,151942
51a412d9e2979c85.jpg,2,,83144
31a2a3c328128f23.jpg,5,,138982
13114db1920f1b71.jpg,8,,176528
537bbb5fced78a2a.jpg,6,,151942
06b3c2706977b89d.jpg,7,,171772
08762e491b1992d9.jpg,0,,20409
2e1c04094d8bab85.jpg,7,,171772
55d153c52f304fbe.jpg,9,,177870
177a5960501caa8e.jpg,0,,20409
126d5aa3ffd29e11.jpg,6,,151942
128b38fd6972d5da.jpg,2,,83144
44965c418e2fab4d.jpg,7,,171772
3143ea54753141ab.jpg,10,,192931
51dbeba4bb45d528.jpg,3,,84689
4f404a07fb77d7dd.jpg,0,,20409
28bf9abb5644b2e1.jpg,6,,151942
3dcb259425265a0a.jpg,7,,171772
5883b8fa51f8738e.jpg,10,,192931
03f129deae5115bd.jpg,2,,83144
5414043b1aace2e2.jpg,3,,84689
0785e76d223216dd.jpg,8,,176528
08e7eb78fccaacc8.jpg,9,,177870
218a16eae059a51f.jpg,7,,171772
548a71496467a2f9.jpg,3,,84689
39cc891737d88fc3.jpg,2,,83144
265e560323b8f7a5.jpg,6,,151942
2a2716a223efff45.jpg,0,,20409
152e8d4a7b3c54c8.jpg,0,,20409
1178cc7f02d9af04.jpg,10,,192931
4e0ce7cffdb82c12.jpg,2,,83144
341545cfc311988d.jpg,1,,62798
3a0cef494da14b95.jpg,10,,192931
0f8a512aa1f91db7.jpg,0,,20409
519c4b300257f8f2.jpg,6,,151942
0bf01951b1abcf3f.jpg,6,,151942
4a8d98e30697b8db.jpg,1,,62798
2c6c4c5e9116b62e.jpg,8,,176528
243cc5f8921cbe38.jpg,5,,138982
10c3e3d9a1fb4d49.jpg,1,,62798
277e71aa3554f016.jpg,8,,176528
0764618f177e2964.jpg,5,,138982
421b51ab7b1043e2.jpg,10,,192931
13aedee0d8df2762.jpg,3,,84689
1558f82770aa8205.jpg,5,,138982
0f6b5b661bc5d768.jpg,7,,171772
4b237eb12d22cc95.jpg,3,,84689
136a16fcceeae8a1.jpg,10,,192931
2b895f084d889bcc.jpg,4,,126637
0dd5fe0aacafd342.jpg,5,,138982
0c07592d05a144d1.jpg,4,,126637
4899c9d249c4972a.jpg,2,,83144
0036d9e0147e8e26.jpg,7,,171772
0f2c78be94317d28.jpg,1,,62798
0c0a66938e8d7b25.jpg,2,,83144
36067a6d80fcff53.jpg,3,,84689
3c8c9d87e1e3193e.jpg,6,,151942
3c1edbaeba980a27.jpg,9,,177870
0d002393271989b2.jpg,8,,176528
0d6f3fe8c8d30e60.jpg,9,,177870
116d6dfc68e4f33b.jpg,0,,20409
0a66f1c59ab4de3c.jpg,5,,138982
0342b97663dcef54.jpg,4,,126637
41b0f4265142a3a0.jpg,1,,62798
4351495aab856362.jpg,5,,138982
2d8ff6524428189d.jpg,10,,192931
2f2aa5104398dd71.jpg,2,,83144
2c7b9e84b4700b4e.jpg,6,,151942
105050a1a8af3f13.jpg,5,,138982
3337e7f793f3da9f.jpg,9,,177870
364a35a06987827b.jpg,10,,192931
58885c106d433515.jpg,7,,171772
4d88e0d140893958.jpg,0,,20409
0692cb6c97295cab.jpg,7,,171772
13bfa918eea50e42.jpg,10,,192931
2ebe0a6980b8382c.jpg,7,,171772
4d464aae417b2224.jpg,1,,62798
0b5292fcf562bc05.jpg,1,,62798
0188ea1fbc6ee074.jpg,8,,176528
0f81635f83accc8e.jpg,10,,192931
27751855c88a1019.jpg,2,,83144
3b16ee5bac019670.jpg,8,,176528
0fdaa6e64841067c.jpg,1,,62798
3d038d1c2a476d91.jpg,0,,20409
313ef9e87a7a789f.jpg,1,,62798
171a0520b8b63e8d.jpg,1,,62798
528284f2ea1c4ba1.jpg,1,,62798
2bdadc43dd88f5db.jpg,5,,138982
0370442c6c3a3ede.jpg,0,,20409
42d58c726b92a114.jpg,5,,138982
3419c6129494bf99.jpg,4,,126637
0a7d72df36efa326.jpg,9,,177870
4ea3500191dabe2c.jpg,3,,84689
013a9cc7a548e862.jpg,1,,62798
3d81c19370fb6355.jpg,6,,151942
155a4552525101b2.jpg,10,,192931
51294759e37da120.jpg,0,,20409
53ffb3dc822eafef.jpg,5,,138982
294337536eaa725d.jpg,7,,171772
2abca7eacacd3d84.jpg,8,,176528
44bb49fc40a4a16b.jpg,10,,192931
2fe9142aedd3b056.jpg,8,,176528
559925ae79ae1a58.jpg,2,,83144
0f6cdc8dbca10043.jpg,1,,62798
365c3da07be3c036.jpg,6,,151942
1577e91524636ee8.jpg,7,,171772
47f476381c58e95c.jpg,2,,83144
13cd7d8aea56bfbd.jpg,1,,62798
169953ffb62f6bcf.jpg,4,,126637
155af67d790d4a73.jpg,4,,126637
42e825b162d75f70.jpg,10,,192931
0f49ce7497bcc8b3.jpg,1,,62798
3d332c9058abb8d4.jpg,9,,177870
2a475e6991bfbcd1.jpg,1,,62798
37af9d0e34634f77.jpg,10,,192931
173a47dfe328df0a.jpg,1,,62798
24eaa1fd130cf81d.jpg,0,,20409
4495973069cdaee6.jpg,9,,177870
116a356d1f126098.jpg,0,,20409
326cff074d4f04ee.jpg,8,,176528
2b64758e9e015675.jpg,4,,126637
149fd68261f6a3b4.jpg,4,,126637
05f3dee95be6d3fe.jpg,9,,177870
477c96cca9c2f0ba.jpg,3,,84689
2ffa3314a2df5a02.jpg,4,,126637
0d978ae9612bda31.jpg,5,,138982
23c8464fcddb1900.jpg,4,,126637
0c3de2fa1ce022c4.jpg,2,,83144
376799b066d6f2d2.jpg,5,,138982
330a1bb2d8f8db53.jpg,4,,126637
26fd8c505972cf28.jpg,10,,192931
2d84d54a3447eb6f.jpg,6,,151942
4e46d43d2ed27517.jpg,4,,126637
326c4a6e254a64ac.jpg,1,,62798
0d098af5affc7441.jpg,3,,84689
4afe43071f86a516.jpg,8,,176528
4f1c97b1a1b47a2e.jpg,8,,176528
4322ad35f26d0661.jpg,10,,192931
30c1dacfdaadf08f.jpg,9,,177870
06f91a7c8dcae3bc.jpg,5,,138982
31f5eac6c32fea33.jpg,10,,192931
3e167a6935523469.jpg,2,,83144
35954efe1a2a59fd.jpg,4,,126637
13fad00aecfa5443.jpg,5,,138982
2401cd1f90c484cc.jpg,9,,177870
1770d33215185caf.jpg,10,,192931
05cdb4817b764608.jpg,3,,84689
529ac88ac1a0e4c0.jpg,8,,176528
4bfda748a6d67da7.jpg,4,,126637
0a017cffbd3db446.jpg,10,,192931
391ba1b00c760c3e.jpg,1,,62798
4dff3748c1ab50e4.jpg,4,,126637
4d6908ca137f858e.jpg,6,,151942
26160881988047c6.jpg,0,,20409
499c18d5ce527a53.jpg,9,,177870
2d5d217930b383b3.jpg,5,,138982
5160edbe3d1cceef.jpg,5,,138982
263dd19cdcd8075a.jpg,9,,177870
24dd9f890b6d784d.jpg,10,,192931
232668be830133f0.jpg,1,,62798
0b8b72229b3c7497.jpg,0,,20409
3dde1f25eb13b7c9.jpg,1,,62798
2f16e06f38214487.jpg,0,,20409
184c0037f8ac3e2d.jpg,5,,138982
316813b65c161a48.jpg,9,,177870
55a8f2f18e28af3e.jpg,7,,171772
5226d8814679be5e.jpg,5,,138982
4ecf5ba3f2d48d9e.jpg,1,,62798
4298040587ed9097.jpg,9,,177870
2c5ebaf02c67239e.jpg,3,,84689
00f094a510d0e608.jpg,9,,177870
4e356c9b9561cd27.jpg,10,,192931
4e46cfb68939b5bd.jpg,9,,177870
0014ed3f568a680e.jpg,4,,126637
3cd976093aa158e7.jpg,8,,176528
552ffd6a408895a3.jpg,1,,62798
27c1d6dd581153e8.jpg,2,,83144
21ab427ee1975ea1.jpg,0,,20409
0aa0606c9e208795.jpg,0,,20409
3a4895f66b30d2be.jpg,9,,177870
1666f8e7fa7981e4.jpg,6,,151942
246b71a27c12e39e.jpg,8,,176528
584938b1cdf5ec89.jpg,9,,177870
07f9cdd6c9dbd178.jpg,2,,83144
27bcd815830da82d.jpg,7,,171772
0618acd214ef0b86.jpg,8,,176528
35e7bd12141cfce4.jpg,0,,20409
28d3a53ff34fa62b.jpg,3,,84689
465760e7a6e6e6e9.jpg,2,,83144
39d1a9f4ddf94b3d.jpg,8,,176528
463e8e4a48271437.jpg,5,,138982
0df8bdc473639331.jpg,1,,62798
54ad7a4481b0e5ff.jpg,1,,62798
23f6d2712ad38535.jpg,4,,126637
16e83a46cbe5f0e2.jpg,7,,171772
3723bc1b22a89372.jpg,4,,126637
3db25131895f3f01.jpg,4,,126637
4f1a64823670b591.jpg,10,,192931
36f9171fe668fb9e.jpg,5,,138982
2eaa7313edb76c43.jpg,1,,62798
50d335ab14d4c89b.jpg,8,,176528
2d65487f56a0b1e4.jpg,8,,176528
31efc059878cf559.jpg,10,,192931
0e134c0fbc94a88a.jpg,5,,138982
0fd65df5c5c8d46e.jpg,7,,171772
3c4f38d6aba31d14.jpg,8,,176528
2a94114465aecb75.jpg,5,,138982
0e7956839780ab58.jpg,10,,192931
49d4ce39c9a8b751.jpg,0,,20409
5481259a1d5c7d4f.jpg,9,,177870
4654bc43ab90a152.jpg,9,,177870
446a23ab15131916.jpg,2,,83144
09490c5f1133eb25.jpg,10,,192931
43af7a65af82055c.jpg,10,,192931
33e82d1ca67c4d9d.jpg,9,,177870
4b40d300f58508e8.jpg,7,,171772
2e618809e1d469a9.jpg,8,,176528
2edb85fa196563e2.jpg,0,,20409
4ba95c68d52bdb6c.jpg,4,,126637
0014988d69182803.jpg,5,,138982
2f8f6788f3f9f789.jpg,8,,176528
34a9442904d9f89f.jpg,4,,126637
21bb1c6565514f15.jpg,4,,126637
3ab05501513833df.jpg,9,,177870
4b54d1738654db7c.jpg,1,,62798
0e705d8dc715f048.jpg,9,,177870
43701f3d12608ded.jpg,5,,138982
0d64d168454c49b8.jpg,1,,62798
3cce880ec704d79f.jpg,0,,20409
3aead7fb76a4220b.jpg,6,,151942
2c2f7030c465d00b.jpg,2,,83144
2d81310ac68b3e66.jpg,9,,177870
51f0b975fed33d6d.jpg,9,,177870
0ea6e590ac0b31af.jpg,8,,176528
50ce072a05eba3d6.jpg,0,,20409
1576a3fd25ef12dd.jpg,3,,84689
02b7e3cd5b1f9a0c.jpg,3,,84689
028ac646b9ef8c32.jpg,4,,126637
359ceea8b65d0efd.jpg,0,,20409
392da62091a1acf7.jpg,3,,84689
3e35c9ed493c6efb.jpg,0,,20409
09aa88d2367e3140.jpg,7,,171772
14282d551a557f73.jpg,3,,84689
3220ced0ace4aa06.jpg,7,,171772
265d6561f0f9e7ca.jpg,0,,20409
05ddd55de6415476.jpg,9,,177870
0b4534f37daa8d90.jpg,6,,151942
00b6bda61d56eadc.jpg,3,,84689
334b92eb6d479ea2.jpg,2,,83144
000d9bf37257daff.jpg,2,,83144
4872089be2767cdc.jpg,0,,20409
00a194bdbce39c50.jpg,8,,176528
03c9d118e131497e.jpg,7,,171772
24a7e7ec721d4b75.jpg,9,,177870
3c8d94d08b5e46c9.jpg,9,,177870
33217102aa29a56a.jpg,8,,176528
2245c37c111fe0d9.jpg,8,,176528
31e3cf6d12c1acf0.jpg,8,,176528
3acdcceac96bcc3a.jpg,0,,20409
427411642e37a4f3.jpg,5,,138982
339238228ed34dab.jpg,2,,83144
0c36a5448d2ae0e0.jpg,3,,84689
431159ed5999d562.jpg,2,,83144
4628d10bfd56eb2f.jpg,8,,176528
0730d28ad25c88df.jpg,0,,20409
02bb43ecbcc3b6c2.jpg,8,,176528
532f3b3561253521.jpg,2,,83144
118d62efe72e5166.jpg,0,,20409
3c5f6f4b383bdee8.jpg,7,,171772
51c9293cc513304e.jpg,8,,176528
32dbd2b163530436.jpg,9,,177870
3de6116d46161a05.jpg,7,,171772
4f8f289e3793caff.jpg,4,,126637
43f9b044d8f68e4b.jpg,4,,126637
14b0088bd5dd36cb.jpg,0,,20409
299986893d058cf3.jpg,3,,84689
54e2adcfa0345236.jpg,4,,126637
2b0bee98b0ad7cf8.jpg,5,,138982
33dbe2b27f91a976.jpg,10,,192931
0d7290e9bcc04399.jpg,0,,20409
2afefa7de1d9eb02.jpg,2,,83144
5213c286817b29e1.jpg,6,,151942
059f8084e0e6ac7c.jpg,7,,171772
2394c8f92605f187.jpg,4,,126637
4adb7e6057021871.jpg,9,,177870
2dba03528daef840.jpg,7,,171772
4ce1d2b996c5a9e7.jpg,5,,138982
0f161072289b074d.jpg,10,,192931
4a3e0d803c78873a.jpg,10,,192931
26cbf134e9cad024.jpg,5,,138982
02d7b50cc8c184d0.jpg,8,,176528
045a96c9129a1f85.jpg,1,,62798
4ed944f8a38b87a1.jpg,10,,192931
3917d9ad0318fa5b.jpg,4,,126637
3bf3779eb306ed13.jpg,5,,138982
160c647da81e0129.jpg,8,,176528
288a52bca25d7cd0.jpg,6,,151942
039845ce1dabe20f.jpg,6,,151942
2740177f2651547d.jpg,8,,176528
29c1fe247d5a78ba.jpg,8,,176528
07c836cdd6d77efb.jpg,0,,20409
37dc0c6b836dd6a0.jpg,1,,62798
2f0d9ef955a43351.jpg,3,,84689
466d4e3ac9bab200.jpg,2,,83144
42c0c9ac50782ac4.jpg,4,,126637
01710f897c9354e1.jpg,1,,62798
4e48b6864cc9261c.jpg,0,,20409
3e5f7533731c23e0.jpg,9,,177870
2db84040a7c0b0f8.jpg,7,,171772
0a9c3586fd8f5fed.jpg,7,,171772
14727f57ae24a33c.jpg,4,,126637
3c1af0fd99f733fc.jpg,3,,84689
47382ecfde028f3f.jpg,7,,171772
0bde2b576d88a967.jpg,1,,62798
34876342158fa870.jpg,6,,151942
47071c80512fb51d.jpg,5,,138982
34457a923491132a.jpg,5,,138982
0fb2ea574202fffa.jpg,10,,192931
28c567fa4473e449.jpg,3,,84689
583e7b5ab29eda3b.jpg,1,,62798
4e8421f1c9b7bdfd.jpg,9,,177870
4c8875a64ef761e3.jpg,3,,84689
0d13b008dea07f29.jpg,4,,126637
4feca779e8c75706.jpg,3,,84689
0ee987b8cdeb1c38.jpg,6,,151942
47d86249b6ad49f1.jpg,2,,83144
0d38d45c4f1b5dca.jpg,8,,176528
39120bed9b88c936.jpg,1,,62798
1308bd7158a856ed.jpg,5,,138982
5070713def9bd1e0.jpg,4,,126637
2de10c50b19fb6f1.jpg,10,,192931
50074f5d98cf974a.jpg,3,,84689
48144a651aa91172.jpg,8,,176528
4933c3be9fe65ce2.jpg,3,,84689
3b7420fa4e52e985.jpg,9,,177870
474fb530cd876c20.jpg,1,,62798
46ff97e30211b0ba.jpg,0,,20409
0915bb24f44fef96.jpg,7,,171772
2ed8ab29b5a6531b.jpg,2,,83144
0965a9cbe8641fe4.jpg,4,,126637
13595aff5ef1f0d8.jpg,2,,83144
35d2a3d53227aa96.jpg,10,,192931
3859d1bfe000ebd7.jpg,9,,177870
3377ce166b2522ba.jpg,0,,20409
4fcc2b413290df1c.jpg,3,,84689
2dc3c7d187b1984f.jpg,6,,151942
3c671972cc8fed02.jpg,1,,62798
07b2361e3792f1de.jpg,5,,138982
48831f38380b82d2.jpg,9,,177870
0fe0809c7614e9b6.jpg,8,,176528
271b5792daf25bd4.jpg,4,,126637
0bbf7ded4f847a89.jpg,10,,192931
476bd230a649f497.jpg,0,,20409
51b8bd5c46a103c4.jpg,8,,176528
4f679da62bad6053.jpg,3,,84689
32b253202be677f3.jpg,10,,192931
0d19b868866422b2.jpg,1,,62798
50940f1a33787a65.jpg,5,,138982
3dfca1c1f8ded7af.jpg,0,,20409
28792e727429e4b3.jpg,8,,176528
2ccafa280135b171.jpg,4,,126637
086e943f57f45d72.jpg,10,,192931
255b56dd8cb2e796.jpg,1,,62798
2d173541ee620969.jpg,0,,20409
2783bd82c8ca4bc4.jpg,10,,192931
226d5daba4168de9.jpg,5,,138982
2ade39f82494e0c2.jpg,4,,126637
4cba472f17ed640e.jpg,7,,171772
3dccf11773c371d3.jpg,1,,62798
4e3e28921f56b9bf.jpg,3,,84689
327a02dc691bf3cb.jpg,3,,84689
47ec3c62a426c38e.jpg,4,,126637
35f34eb3e5d3dc01.jpg,8,,176528
5189d35e7902ac86.jpg,2,,83144
4f3daa646e7665e0.jpg,8,,176528
4a65d86985de3c67.jpg,2,,83144
3415476331323442.jpg,2,,83144
2cc55d92913f638c.jpg,1,,62798
102b8178a3e34828.jpg,2,,83144
2d1a04b89fba2119.jpg,3,,84689
25a34cf1e8098704.jpg,9,,177870
522a38a0d688cd58.jpg,1,,62798
1143020f0da4beb8.jpg,3,,84689
1251e5a4e13937b5.jpg,6,,151942
2ed0527143ba016b.jpg,4,,126637
08a6e55f62483ec6.jpg,0,,20409
288e02584ba4209e.jpg,10,,192931
42e1c8ac04bb20b3.jpg,9,,177870
453c5b42b53b2f29.jpg,2,,83144
0612254342aa74cc.jpg,4,,126637
51ea31fa99575a4f.jpg,2,,83144
2cfc3ac8852969cc.jpg,10,,192931
14f480f9c11e1f02.jpg,10,,192931
4708de6ed2474236.jpg,6,,151942
33f9d898a7df47bb.jpg,9,,177870
0dc0a2786214280e.jpg,8,,176528
561630c3f8e38a67.jpg,10,,192931
10f8f3dc5a37ef71.jpg,2,,83144
27ef95245688dd17.jpg,10,,192931
18200f9eed4866c1.jpg,5,,138982
46baa3b1c8a00c1a.jpg,8,,176528
0c0b0c4cea9ecd10.jpg,0,,20409
114ac6244d7cf591.jpg,3,,84689
42246374fe811ba2.jpg,8,,176528
41a43fd243c767e6.jpg,1,,62798
046181c2a3380c12.jpg,8,,176528
3d1e6a43b15f5980.jpg,2,,83144
364fa5919cd670fe.jpg,6,,151942
304a6a67556520df.jpg,7,,171772
26ec5291a28822bb.jpg,8,,176528
0c95f54aa74be157.jpg,2,,83144
4d90ae50ebd1269a.jpg,6,,151942
2910cfe6aec1fca9.jpg,2,,83144
260429f9c445296a.jpg,2,,83144
11070951f2ad33c7.jpg,7,,171772
37ea9cd22c7fe0c7.jpg,6,,151942
124cdd2b3f3eea98.jpg,9,,177870
2a37d7ee268038fb.jpg,7,,171772
42017e77d1a8dca8.jpg,8,,176528
51adb426ec382c2c.jpg,2,,83144
44692926ef604564.jpg,5,,138982
00b357bad5436ea3.jpg,5,,138982
2598e7e7fab1ee86.jpg,7,,171772
0f9e63ac2bd7d09e.jpg,2,,83144
0cbf34f8cc4b49ef.jpg,9,,177870
2317ea19d9ff870c.jpg,0,,20409
4a80cd7a2bde6a88.jpg,2,,83144
4b70cf1c4842e397.jpg,2,,83144
2636e006890a5232.jpg,7,,171772
11939fa826480e82.jpg,5,,138982
44a6dafa37d103c7.jpg,7,,171772
264912282218b6c9.jpg,8,,176528
5688418893513f16.jpg,9,,177870
3e077d6c1d92fecf.jpg,10,,192931
518e02cf6c3417e0.jpg,5,,138982
5119d4f01b729ddb.jpg,3,,84689
4b2c1466b631032f.jpg,9,,177870
4ac5856a4beec014.jpg,7,,171772
4ac8e64f52ec5379.jpg,4,,126637
3bb6e31c0cec2c17.jpg,7,,171772
29d0882c60ca5fe7.jpg,5,,138982
399685c4c630c6cb.jpg,7,,171772
51996d0c6512c26e.jpg,10,,192931
3761468ff13b704c.jpg,8,,176528
4deafb82d2d7e5ac.jpg,6,,151942
52ffb5391711d70a.jpg,10,,192931
33293ecf027224af.jpg,1,,62798
5500c3c2bbd6b8a3.jpg,4,,126637
0aea9696a51e8ef8.jpg,3,,84689
43e628786c9922e6.jpg,10,,192931
2cbb9f9a01007a41.jpg,0,,20409
41f4e674fa62f07d.jpg,4,,126637
1651ec636141cf63.jpg,2,,83144
07fc190e6bfc5b0e.jpg,4,,126637
0dc790956eecd5ca.jpg,2,,83144
0f474dc74dab9a2c.jpg,5,,138982
0673a032456f9937.jpg,5,,138982
54eeec39d6d32bf4.jpg,3,,84689
524d646b0a2aced5.jpg,7,,171772
447f71c6a6f5a61d.jpg,7,,171772
32d85fa5bb507736.jpg,0,,20409
11f0eed63eef80ca.jpg,7,,171772
455a5aad223fd7dc.jpg,4,,126637
232a4ed0d7743283.jpg,8,,176528
2bb41b04cd15637a.jpg,7,,171772
56527e027a11040b.jpg,8,,176528
059b25be3d736e18.jpg,9,,177870
4d4a5950fcf747c1.jpg,4,,126637
104638ebc4ec36f4.jpg,0,,20409
30743a55b8e29f66.jpg,10,,192931
50eb362414120868.jpg,1,,62798
218f28992627a07f.jpg,5,,138982
3bc81a2b5d29c90c.jpg,9,,177870
15c5b86c84c70357.jpg,5,,138982
0bbdfd45b7b186b7.jpg,3,,84689
387808eca0a6e487.jpg,3,,84689
2cc4fa4055fc6f88.jpg,1,,62798
0799ca4e64228c0e.jpg,7,,171772
17f0a7631ff2aca9.jpg,2,,83144
0dae217a37e3333e.jpg,1,,62798
3a5f34c304ea1e99.jpg,5,,138982
5818d89e7eedca68.jpg,4,,126637
13bcc9a93e839d50.jpg,9,,177870
2a4bea10c9b1bb73.jpg,1,,62798
2bb00ffb1bc9af24.jpg,5,,138982
0bda00b24714fcb3.jpg,8,,176528
4e045a61f755030e.jpg,4,,126637
218d75dba04d80e5.jpg,10,,192931
24dc62e9ea60d5ad.jpg,5,,138982
00c927cb1e1775d5.jpg,10,,192931
249d435fa8988728.jpg,4,,126637
044a7138633f1c7a.jpg,8,,176528
4faaa7c3ab8576c0.jpg,3,,84689
16f4731b4b7ce119.jpg,8,,176528
25913bd60db28578.jpg,5,,138982
37e8f2658768d37d.jpg,8,,176528
3dd58b0958d4d5bf.jpg,3,,84689
33f8c867e22c0848.jpg,4,,126637
050410209e91a490.jpg,3,,84689
3c552e401dde31c4.jpg,2,,83144
5391ad42f5e69035.jpg,3,,84689
04bbf1c5fa7f298a.jpg,2,,83144
1737df1b54bd796f.jpg,0,,20409
068a5d4fd5f7395b.jpg,0,,20409
3c942e70433836e3.jpg,9,,177870
25c5af26eef230a9.jpg,3,,84689
303a67da6fb8a016.jpg,0,,20409
4552f67e131c22e3.jpg,5,,138982
4fe4f83e82200b43.jpg,1,,62798
5272e895c90bae0e.jpg,1,,62798
546de14988e900fe.jpg,6,,151942
25772d6b8e79bc09.jpg,10,,192931
2bd3dcabed055d64.jpg,4,,126637
393b5e8086db2ed6.jpg,2,,83144
0507406c73986be6.jpg,1,,62798
3df776bcd1945cef.jpg,10,,192931
46c2bdfb4e2276ab.jpg,6,,151942
0c1247546b946afb.jpg,3,,84689
17c4a70f9850dc48.jpg,6,,151942
16bbf6de0e61fcb0.jpg,0,,20409
10efbceca5295de3.jpg,2,,83144
3b377a88909f27c1.jpg,3,,84689
4a470ece473e102f.jpg,7,,171772
501020e33f393ca8.jpg,10,,192931
15cc5f5d6dc5a6a4.jpg,4,,126637
44ff0d545fe2859f.jpg,0,,20409
01a1f3061a00833e.jpg,5,,138982
4951db6819e37c28.jpg,8,,176528
16e2ba49262e992a.jpg,2,,83144
279801931e65c8d3.jpg,10,,192931
26abddc887026bd9.jpg,5,,138982
25d6d8935fd889d2.jpg,10,,192931
246db6d79f67ec02.jpg,0,,20409
287dc97114e987b3.jpg,0,,20409
30056d95e04be797.jpg,4,,126637
0f1277e17357a930.jpg,3,,84689
42d89ad257e2d060.jpg,8,,176528
05f7bfd665583506.jpg,0,,20409
0053cdc62c02139b.jpg,2,,83144
53f9f98a38364cff.jpg,2,,83144
2878a75a5ca3b6be.jpg,7,,171772
0dbb8b83adbdfd80.jpg,4,,126637
27151a397b423896.jpg,10,,192931
3ac0a80c742fbd06.jpg,3,,84689
31e788ba1b2dfaf7.jpg,0,,20409
112c5f82c975d3be.jpg,0,,20409
131e065218aa528b.jpg,10,,192931
2926e263922581ac.jpg,4,,126637
2d7ef282f703819f.jpg,2,,83144
4f55cac382f18327.jpg,10,,192931
4f089f4deb3a576f.jpg,8,,176528
2ea094adda48653e.jpg,3,,84689
172ff5fbbae241b0.jpg,10,,192931
25c42434e1050407.jpg,10,,192931
2373c9353ad03347.jpg,9,,177870
17d786e9ab89e8f7.jpg,8,,176528
2df07cb9b978d004.jpg,10,,192931
0942f87c42776fe1.jpg,9,,177870
10c0f66a032f9178.jpg,0,,20409
0a83191759de8712.jpg,6,,151942
4dcdc3f7cc673e30.jpg,0,,20409
4e4a9ca747ebf1a8.jpg,2,,83144
35b2ad8758a97915.jpg,4,,126637
3bd401295f8e9db8.jpg,9,,177870
4139d486f6897f5d.jpg,0,,20409
17b12d723018d883.jpg,5,,138982
139d09f02a9420c5.jpg,6,,151942
32e680e58a62de6e.jpg,9,,177870
12cb60491e0941dc.jpg,2,,83144
46389dc22056c929.jpg,6,,151942
44a24ec4786980d5.jpg,6,,151942
2ab872f6c31e5373.jpg,3,,84689
25fc59d65aa0f60e.jpg,0,,20409
0f23c4ba8a3b9d2e.jpg,4,,126637
0d95b2c405d82637.jpg,1,,62798
42eb4a3a4015e091.jpg,0,,20409
2772f32304f8b2e7.jpg,3,,84689
14b7e300a7914eea.jpg,0,,20409
309e277c50013b0f.jpg,9,,177870
4d7cef7b138583dc.jpg,2,,83144
36dfc63cd4fee382.jpg,0,,20409
32345669043cab2a.jpg,4,,126637
37a05869cc1d675b.jpg,5,,138982
09d9d4738ee66088.jpg,2,,83144
