id,label,url,landmark_id
415256673bae5690,1,N/A,62798
3db6f75e78841e59,8,N/A,176528
33d5886378098494,10,N/A,192931
228b192b4f0efa77,6,N/A,151942
460738b8f7f7d3e5,5,N/A,138982
3bdf0c7c436b531e,1,N/A,62798
357243381d955f2e,9,N/A,177870
4178b44db25b2e9c,10,N/A,192931
269e3de62e749123,7,N/A,171772
362fca885353ed3a,8,N/A,176528
23d55fce9aceb90c,5,N/A,138982
280c1b0abfc06a90,6,N/A,151942
50b36d074aa23c70,8,N/A,176528
4ba77507076f8b57,5,N/A,138982
42fa1fc0138c84f5,4,N/A,126637
5602db7461bbef90,7,N/A,171772
0d60b77bf3e1e9d1,9,N/A,177870
0e23623b055a8eaf,1,N/A,62798
0945d8a8b503b2af,1,N/A,62798
074af595fb1ddc2b,7,N/A,171772
086050f1333a77be,1,N/A,62798
15b97edf7fea45b0,0,N/A,20409
4fe78995aa98723e,10,N/A,192931
5554c70b7178e73e,6,N/A,151942
05e9292bdcb83b03,8,N/A,176528
375e9447a1475f65,5,N/A,138982
09dfbe2b630c3c97,1,N/A,62798
0c83547aa0ee42c3,6,N/A,151942
2c8812713f763701,5,N/A,138982
14fabbd94a454bda,4,N/A,126637
4eec822aa2dc478d,2,N/A,83144
285e71dbd094d959,1,N/A,62798
2daa3db9bdc6ce8c,6,N/A,151942
050b57adc8ea102d,1,N/A,62798
0e93d09f4fc58a24,9,N/A,177870
3b18e7889b3df2d1,8,N/A,176528
0e3e17bb6fd95c00,10,N/A,192931
3bcbcf4d451a2eaa,0,N/A,20409
2c20a920dbade8c5,0,N/A,20409
1676c3dac4fe1139,5,N/A,138982
5852d152536ea043,0,N/A,20409
38f3c89ca44c51ca,8,N/A,176528
0bdfcbd5084e433e,3,N/A,84689
39410a70933df78b,9,N/A,177870
4f6bfff9eeeaa989,0,N/A,20409
504736356e307c6d,1,N/A,62798
556e2d67cfc2ecfb,3,N/A,84689
0420f86ab3bad8cf,8,N/A,176528
352c9501e7a78c42,10,N/A,192931
3b4f026a74d01347,10,N/A,192931
29e97803f5e7d061,6,N/A,151942
4eedfd72bb0d2e09,2,N/A,83144
4269a2f126982ec2,4,N/A,126637
258f0698739da30e,0,N/A,20409
560f765efae65503,10,N/A,192931
0ddeeac7bba3b764,0,N/A,20409
4a4ba41bd5500b71,3,N/A,84689
52eb611565f2cc41,1,N/A,62798
503e6a8033ffcef3,7,N/A,171772
23989fb58b33a82f,1,N/A,62798
366caa87e1916ab3,9,N/A,177870
2dc95ca4e5ca7108,7,N/A,171772
4f671ff01af793fd,8,N/A,176528
099cc494e84878f8,3,N/A,84689
306214dee5406784,1,N/A,62798
2bfc3f34ba606078,6,N/A,151942
343af5d05eea5621,0,N/A,20409
46e077ace03e45aa,1,N/A,62798
22598f2a184c8a08,0,N/A,20409
4f7fa23f10ec098e,8,N/A,176528
261bf2685695ed17,2,N/A,83144
33e87fd7bce9a67f,9,N/A,177870
449788f77dab247d,2,N/A,83144
01f7b9faef5fae4a,2,N/A,83144
05fba9fa5a54e041,1,N/A,62798
011da722350c2ce9,4,N/A,126637
4f12c5f99931ce1e,7,N/A,171772
16fc2cc0988aea51,9,N/A,177870
3ce9310ea87f5e8a,1,N/A,62798
257f0ad54e8e351f,10,N/A,192931
50026fe8a8573b24,9,N/A,177870
0fd1450ea0620cee,0,N/A,20409
39cab5c9ba478bdc,7,N/A,171772
0e10e7cab7a77bb5,4,N/A,126637
49448ee7266e8442,5,N/A,138982
266e61013d98aace,6,N/A,151942
12f97078d7d2f27f,10,N/A,192931
55b1bfa89a538729,2,N/A,83144
3d06c00076b5fc05,8,N/A,176528
36581dd5d0f87cab,4,N/A,126637
12c4a4a1aa1f0d5e,8,N/A,176528
4838e6159bc31767,5,N/A,138982
0149d01c1a2239b2,2,N/A,83144
181362cd24520bbe,10,N/A,192931
42e07185f620e2ef,5,N/A,138982
229a54b5f256d9a2,1,N/A,62798
2f5dc61d6c3ec782,3,N/A,84689
0931530acc367f83,1,N/A,62798
0a3e4472500bdcc2,5,N/A,138982
09096bd82a4c0741,4,N/A,126637
0b25c0e4162a95ef,2,N/A,83144
11730aa46b243d11,2,N/A,83144
4c281a74571c94ec,1,N/A,62798
562100a51c7c25df,10,N/A,192931
34c4fdf73de65226,4,N/A,126637
354931e9ec2a2d08,9,N/A,177870
437ff9ec277bc04d,0,N/A,20409
21656c3ae89dbd26,7,N/A,171772
4b1659db380cfef8,2,N/A,83144
52f055ef478ba7dd,8,N/A,176528
16443d13b2e1643c,8,N/A,176528
382577f8f05c9eb1,7,N/A,171772
31ea264f18b48ef1,5,N/A,138982
4ac9039d651cdc63,2,N/A,83144
0389134f7fbb2839,3,N/A,84689
3a2ef0a0fae4fd0b,6,N/A,151942
00c9675a09a69ee1,6,N/A,151942
27f9ce4c0af199cd,0,N/A,20409
3dfd89ad2e7f5f25,8,N/A,176528
302dac037cb0ad96,8,N/A,176528
0ec88dcbd3b741b2,7,N/A,171772
46be19e173f81c98,3,N/A,84689
505c8c4e77708eb2,1,N/A,62798
42913a487989e072,7,N/A,171772
01f4f9dceb65bf5f,6,N/A,151942
4c14d7f1ea90905a,4,N/A,126637
317a83bf243c38b6,8,N/A,176528
108847d6deadcbcf,4,N/A,126637
39e58ac9bbbf65cc,3,N/A,84689
2354fac639c5b044,4,N/A,126637
44a1dc85c196e365,4,N/A,126637
5384b902dc39a10a,5,N/A,138982
4ce992ddd1972077,7,N/A,171772
4c3493bbf1b4a285,9,N/A,177870
3868c3512d80b281,7,N/A,171772
27c8685145e366b1,0,N/A,20409
2247110a35d5c402,5,N/A,138982
288e2b60352fe9b8,7,N/A,171772
2a88a668ba9a1edb,5,N/A,138982
115031bd994ac710,9,N/A,177870
4b2c445a9a94966e,9,N/A,177870
50a183666e6724df,2,N/A,83144
0769907f28d0ebd4,0,N/A,20409
3d3a78ab039faa06,2,N/A,83144
10b09af4be2f490a,0,N/A,20409
242b80f755d7c8bb,1,N/A,62798
060e844c342d0fd7,7,N/A,171772
162f5ebd6a74a055,0,N/A,20409
3217baa10b300d27,8,N/A,176528
2f3a1252a8fa6d45,10,N/A,192931
338ab03912af2480,10,N/A,192931
3044bf8335eeab3f,6,N/A,151942
399bfed987a4e339,6,N/A,151942
24c3df4d92ed8f49,3,N/A,84689
0bafc0c223c44ffc,8,N/A,176528
55f48cd8e8dc0456,8,N/A,176528
5689f255c4674074,3,N/A,84689
5436e7812e837f01,8,N/A,176528
38e0098780dec22f,4,N/A,126637
55132238711be111,6,N/A,151942
06cc3fcf592e5adb,8,N/A,176528
0f611b492b02da3c,9,N/A,177870
3dd33974d2e47042,2,N/A,83144
51914266eceae2ea,7,N/A,171772
4562f158bc18bb9c,9,N/A,177870
0459b443cffdc608,0,N/A,20409
230d1621aee33064,6,N/A,151942
1676fa3a2268dcb1,9,N/A,177870
2d0434426fc6f268,2,N/A,83144
0b84fb3c4f791b71,4,N/A,126637
42b4459a6fc63d42,10,N/A,192931
354f453dc1e6f535,4,N/A,126637
14f9e68751e1aff8,7,N/A,171772
3d5b3f9610914e43,0,N/A,20409
2bdda6ff60ae6a09,1,N/A,62798
261397d766ab6595,6,N/A,151942
27dd615febf28d1b,3,N/A,84689
0d3be49b659d57dc,2,N/A,83144
2dce22f32ac3f9d2,8,N/A,176528
2768cb8f50f43516,9,N/A,177870
12831ceb28166c58,5,N/A,138982
0d4b5c155cc5cfc1,8,N/A,176528
0546e68b21fcbeae,0,N/A,20409
3dd13d5e6fc1f720,1,N/A,62798
3908747eb50de4d2,9,N/A,177870
3ab5c587f8dee612,2,N/A,83144
4d65f3a06d400172,10,N/A,192931
02f48e3ab47e4307,0,N/A,20409
4836b7866f0ef1ba,1,N/A,62798
03140835100d43d4,9,N/A,177870
0f571cb262d794c3,4,N/A,126637
005d672c14063483,5,N/A,138982
368b04a495349e5b,3,N/A,84689
517c31532f5a9b5a,9,N/A,177870
1675c9d024f2b4de,2,N/A,83144
03fffa241c44e185,10,N/A,192931
49e9a11978cb6927,1,N/A,62798
4ef604b67885b187,6,N/A,151942
2cdf58eb85686771,9,N/A,177870
3d7e0c2e06bcc44f,9,N/A,177870
5445d4686dd87023,4,N/A,126637
39c99efc1dfee1a3,2,N/A,83144
53a6297940c90408,10,N/A,192931
41a49d432c951dca,8,N/A,176528
04c4444ab25fc811,7,N/A,171772
157f4abc2151d646,5,N/A,138982
2db84729a74d8356,8,N/A,176528
17302286a24f2731,6,N/A,151942
4b2eca281ab36ae8,9,N/A,177870
16c6911acd8e5e40,5,N/A,138982
0318be5583e8c2fd,2,N/A,83144
088576ceb379cc2a,5,N/A,138982
27179a8a88e0ef1d,6,N/A,151942
0b7681dc850bd97f,4,N/A,126637
304fda91bff0999c,2,N/A,83144
3aa47f986f6ae5bd,8,N/A,176528
1559bde158b5068d,1,N/A,62798
39d63c2f2a02af33,0,N/A,20409
3ca38390730d3e69,3,N/A,84689
390bb1e051693182,3,N/A,84689
0b797cfb12e06507,0,N/A,20409
058d4e1658fd7923,7,N/A,171772
2474447a25a6d2cf,0,N/A,20409
2de60d171833c735,4,N/A,126637
13efb01ad048588d,1,N/A,62798
4a43bc490fb9f163,0,N/A,20409
00ecbfa13b03267b,4,N/A,126637
2fc4351fd6c9b0b6,7,N/A,171772
390a0c37aa31e316,6,N/A,151942
42003f235db25e2b,9,N/A,177870
3251f58b4e61cbbf,3,N/A,84689
0d1b8b7f6de97632,10,N/A,192931
09e7733d3c053d68,5,N/A,138982
49f81cbd78a66de1,10,N/A,192931
075c3ecde87a451c,1,N/A,62798
4e20b7b163336d7f,10,N/A,192931
29fb5bcfccefe035,4,N/A,126637
313ba3825fe71d44,7,N/A,171772
0f07f07ce98ddd75,0,N/A,20409
0f2ef6595c7848b6,4,N/A,126637
33c46badbfe2518e,10,N/A,192931
24e19bb3ac4c651c,4,N/A,126637
44e82e5b9050dc5c,0,N/A,20409
2e46ac5946cc6b03,2,N/A,83144
2a7fdb2f7a5299d3,0,N/A,20409
0eeffce5d9bfcfae,0,N/A,20409
215d691ffb6d7d42,1,N/A,62798
4865accf444e0489,1,N/A,62798
411eb5e9c5922877,1,N/A,62798
4b20a6e76c4d897d,5,N/A,138982
04eec9ca3fb0b8ee,1,N/A,62798
582f0e499bd1283c,10,N/A,192931
41c7c801c3b1088d,4,N/A,126637
54d325396e885085,0,N/A,20409
2fbb6708fc981575,3,N/A,84689
49b3ccb1556b0baa,0,N/A,20409
14e7574ccc23e6f2,1,N/A,62798
26941a50f9cae476,8,N/A,176528
23d8511da6c436fb,9,N/A,177870
3c742d05c56689c3,8,N/A,176528
4d81c3795fc205f3,4,N/A,126637
226b17979882616f,0,N/A,20409
04c3e9b17e37a8c6,8,N/A,176528
33d6111de67cbf38,2,N/A,83144
05b21c07d95f3ef7,9,N/A,177870
16308b2dd82629d7,10,N/A,192931
153f2e05c6c62007,5,N/A,138982
2f67015a62a85674,10,N/A,192931
0ee343ea949eab29,3,N/A,84689
04ff8482463124b1,0,N/A,20409
021a89cf7eb6c5f6,0,N/A,20409
4b5480fd14ff04e2,1,N/A,62798
123d821e39bbfebf,5,N/A,138982
15026526453cebf1,2,N/A,83144
140a6af004c74c5e,10,N/A,192931
2a89b23819cac709,4,N/A,126637
3834d85dc79ec81d,9,N/A,177870
00cd3cd816e56e2b,0,N/A,20409
087887bbcb4eceb3,3,N/A,84689
3b8039fc9c95d0d3,5,N/A,138982
3a28147f31c447a2,1,N/A,62798
27238253be85b9e2,9,N/A,177870
45816d6d54c96c14,8,N/A,176528
4f5eb13aa2a80892,0,N/A,20409
2f77cef24ee38e34,8,N/A,176528
4b308afbd5fd3ed6,5,N/A,138982
25cb5196efdd62f3,7,N/A,171772
43f26953635940ea,10,N/A,192931
01aee9e663ef38e4,5,N/A,138982
00312ce8b6d3320d,1,N/A,62798
568d4535fa583cda,3,N/A,84689
38b921cf7038c4dd,1,N/A,62798
46e7bab006019c2a,4,N/A,126637
4cd501753a0571f2,9,N/A,177870
0ba4ceff37de27a6,4,N/A,126637
55144574c5919d2d,10,N/A,192931
03fe0e4a1085d949,4,N/A,126637
01947ea9be045448,5,N/A,138982
0a5d5a46f12c2654,7,N/A,171772
10e7db39982cec61,9,N/A,177870
0c8b6da29adb44f8,4,N/A,126637
0f464dda209bbd67,2,N/A,83144
2fc1915fa0a847f3,10,N/A,192931
048041f08d9c30ad,10,N/A,192931
36e413af18c81063,7,N/A,171772
39802edc4c1a0257,0,N/A,20409
50272637fc12decf,6,N/A,151942
3e1ed9493f6f00a4,4,N/A,126637
0cc66886651d576f,5,N/A,138982
14f2b1cd1b29ba41,5,N/A,138982
3a1d7db1cbcaba0d,1,N/A,62798
0b00dad1b9766ed3,9,N/A,177870
0218f6c3e56d205c,9,N/A,177870
2e78259864bb4206,1,N/A,62798
4c44b380470c124f,0,N/A,20409
52d00cfa4bd923e5,9,N/A,177870
06f1cdc7145cd40c,5,N/A,138982
2e92b85fe264d2ae,6,N/A,151942
53a05581cc608324,8,N/A,176528
321b880ee9fbe40b,4,N/A,126637
44cc0157c84db0bc,7,N/A,171772
087086a674e25744,9,N/A,177870
4c97fb2ef6b6a076,3,N/A,84689
264263fa6a3666e7,10,N/A,192931
42038de30e22f00b,7,N/A,171772
2ca78c837da6af0c,6,N/A,151942
474ebe4c56c8253a,4,N/A,126637
159b48c6820039fb,10,N/A,192931
4ba70961e25118b1,10,N/A,192931
242cee6e365c1995,2,N/A,83144
5569b7c017f40778,7,N/A,171772
4f6ff39b1038f3dc,10,N/A,192931
0b277dd8015064f7,8,N/A,176528
4ef25bbf84f21f4e,9,N/A,177870
06c4d766041323f5,8,N/A,176528
0c492b3748de86d7,8,N/A,176528
06b2f928e6960367,8,N/A,176528
0fe64c5e24493aec,4,N/A,126637
138e258664e44944,2,N/A,83144
32b0c9a85e1df8fb,9,N/A,177870
2b276581d01df9c8,3,N/A,84689
2d5c24ed02d4d410,8,N/A,176528
4c95649cf350dd72,1,N/A,62798
4c5784d1b696e508,7,N/A,171772
348f27b21a3eec4e,1,N/A,62798
2e7f6ce9f38266dc,1,N/A,62798
277c7945c3c54e15,1,N/A,62798
3372c4d64484685d,2,N/A,83144
22c99d347ce30297,0,N/A,20409
4c3f1acf0f8459f7,2,N/A,83144
3d3d0bed666c0651,10,N/A,192931
435de2c32f6a60ed,4,N/A,126637
05a8bc6346ea88ae,0,N/A,20409
5623e5cf8885f299,0,N/A,20409
168f5f168ed7b5ec,6,N/A,151942
4515362a338ed728,9,N/A,177870
398e53c572e5ec40,2,N/A,83144
1637094da3bfdcf4,9,N/A,177870
2681c0d62835f330,10,N/A,192931
36e83e12f8fc22d9,1,N/A,62798
50c7aa1f42d8e644,6,N/A,151942
0d735cfafc4cac3d,6,N/A,151942
342a1b807963c860,10,N/A,192931
4277b00d9d5f1cdb,3,N/A,84689
01afde02d502c9f0,2,N/A,83144
5660e9eaf5528258,7,N/A,171772
072275c90715b40f,9,N/A,177870
17f8e9e457e31a85,9,N/A,177870
457056e45e81ebc8,1,N/A,62798
4fe06b9e1654d741,9,N/A,177870
1315ae21d763a88e,2,N/A,83144
27c3e30ab6b5b827,5,N/A,138982
154a1b5606e35fd4,3,N/A,84689
25f35c65b780e220,5,N/A,138982
04a408ed93f9219c,8,N/A,176528
272298bb2cf475dc,3,N/A,84689
23dcbac08bb88c18,4,N/A,126637
435dc47baea2859e,9,N/A,177870
2e8b48e77dcd62f0,10,N/A,192931
3624e4040d562f0d,10,N/A,192931
28d6da60967a1967,5,N/A,138982
16bba03f1c7098ec,5,N/A,138982
29ec98f2459ce0e1,4,N/A,126637
0718c4f41468ba92,7,N/A,171772
044a6880df80b9b6,10,N/A,192931
183dd64587385394,10,N/A,192931
421a9ea4b5ccf402,9,N/A,177870
3c0424cb90a2d235,4,N/A,126637
08d8ecd833c5a846,2,N/A,83144
2db7da528fc49ab9,9,N/A,177870
14db31f797d5f2e5,0,N/A,20409
28702d816b0cc91d,0,N/A,20409
5360031782c1361e,8,N/A,176528
4c87291ce614a3d3,2,N/A,83144
439c1e1b5b97767c,3,N/A,84689
0758f9dc2389e19b,7,N/A,171772
46ccb7a99b484165,1,N/A,62798
11a62b2ff5c5e812,3,N/A,84689
3d7b0dd81edaa661,7,N/A,171772
27786c9658d6929e,8,N/A,176528
0c89a819fd4cc7ba,1,N/A,62798
520fc5df01d995df,4,N/A,126637
2b77f65e399f5850,10,N/A,192931
2529d2a5ba5b428c,3,N/A,84689
2458f0a6fb704ecb,5,N/A,138982
3d91bd4e7097a4cf,5,N/A,138982
153e5de57bd3e2f9,9,N/A,177870
381abfb3bdb16836,3,N/A,84689
4a9a4472c894c133,10,N/A,192931
2e1a6af5e1ddd6b0,8,N/A,176528
3e303c24d751d931,5,N/A,138982
1127427b31eaae76,10,N/A,192931
41a6267670e4e9c5,1,N/A,62798
054c8b018b0fdfce,3,N/A,84689
18747ef9f2d6a260,3,N/A,84689
422a6f65f992084e,6,N/A,151942
2cf5d95c66e84d72,10,N/A,192931
091a3e6353fc4b02,1,N/A,62798
186ee2d17e3ccf6c,6,N/A,151942
421abb40c1378f28,5,N/A,138982
312b407df8276698,8,N/A,176528
1564c8364f2b2fef,7,N/A,171772
5449c67076600ec9,5,N/A,138982
05d219c3e403c173,4,N/A,126637
0053c9bc80c2001c,4,N/A,126637
143e9f88261d9b90,10,N/A,192931
37c0ed0ba6e4181a,9,N/A,177870
16297d2978c0954c,1,N/A,62798
4df537f5ba808662,2,N/A,83144
2d2cbd628d09c132,6,N/A,151942
176d603919f34aa6,0,N/A,20409
22b567427e80d90c,0,N/A,20409
5420672fc009100c,4,N/A,126637
3bb743750b9e5de9,3,N/A,84689
25ebff1626060579,7,N/A,171772
17fe675123e5aed6,4,N/A,126637
42cfb1b80b4100f0,4,N/A,126637
27a83e68810bb234,6,N/A,151942
149105a797be52e6,2,N/A,83144
044d740cece1e694,1,N/A,62798
183563030cf4361e,9,N/A,177870
1290955618e5c9f2,7,N/A,171772
2bc261c50fadff01,10,N/A,192931
0bfbec7cf22e63cf,2,N/A,83144
0ae5948b203a4a17,1,N/A,62798
49097eea716d2884,1,N/A,62798
559c681c9eaa64fd,2,N/A,83144
079ed39bceebccdd,1,N/A,62798
4a615a16577a6591,5,N/A,138982
3494e7f81b50a25d,4,N/A,126637
0a3e6fa146bece0f,0,N/A,20409
0c6b4a6a744cef57,2,N/A,83144
2b86caaaaf2880cf,4,N/A,126637
44a4def1f8686185,0,N/A,20409
03ca23b140bd5726,7,N/A,171772
020319d3a1ee3b57,6,N/A,151942
28f1f79b6256599e,8,N/A,176528
3e0c69db9872f409,10,N/A,192931
122cd8cb56043cd6,5,N/A,138982
4a8f01e27a4eb3b9,4,N/A,126637
136c5944e76ebbbc,5,N/A,138982
2c840e91a82a2a55,7,N/A,171772
36cc52c6026f9909,4,N/A,126637
00cafbd80feacdc7,1,N/A,62798
069382075a96b5bd,0,N/A,20409
03e586e85b89ece7,1,N/A,62798
505c844f630b2ab8,8,N/A,176528
29bc80ccd9452776,6,N/A,151942
062064a7bdf7b504,7,N/A,171772
33fddd58daee0b00,0,N/A,20409
3c6edc7d9b88b924,10,N/A,192931
359c3a0686246f27,2,N/A,83144
52fe3b919fe3bbf5,3,N/A,84689
11240f705315ef20,0,N/A,20409
1371ded3d4cc2b11,1,N/A,62798
3a6b118b275a2241,7,N/A,171772
583c88d0276287f4,2,N/A,83144
088aab34b12f8fe2,10,N/A,192931
2e5cd5278a1bb682,4,N/A,126637
4818f58a354fc996,1,N/A,62798
4fc4d854377900d1,0,N/A,20409
17f181c1309ddf7a,10,N/A,192931
27034d1b9560473e,6,N/A,151942
36930f6559158437,1,N/A,62798
460aa671ac09d380,9,N/A,177870
2891d1ff6b32b1c3,5,N/A,138982
504d657cf2a76c13,5,N/A,138982
1871f13f6407aed9,7,N/A,171772
343368aff60d04a1,4,N/A,126637
3d09d99a038e2bc4,7,N/A,171772
0951fcba2d873d7d,9,N/A,177870
4c341668233976b1,1,N/A,62798
34bf8017a07deca1,5,N/A,138982
02d56893e841d09f,9,N/A,177870
49ed4f9d522a2184,2,N/A,83144
10356972b126a7df,9,N/A,177870
245e6b68d735c191,8,N/A,176528
4d7c8769518027fd,5,N/A,138982
2c799a040f206ebf,7,N/A,171772
4dfe316d573d28e7,8,N/A,176528
460fc291ec27b2a3,1,N/A,62798
084fc1358daae3f3,5,N/A,138982
3a19bd835c828418,9,N/A,177870
43bec2b42650b44d,1,N/A,62798
51f55bfb0513caf1,2,N/A,83144
4bc653e7a7050a4a,2,N/A,83144
2758bd4594efc7b7,0,N/A,20409
0fa1ff0ecfdca1d4,9,N/A,177870
16e64031de7855c4,8,N/A,176528
46f4f513c1a66f10,1,N/A,62798
396e400d76f98dad,1,N/A,62798
4c91a34b04b623c5,2,N/A,83144
5295bb30de4c2b5e,4,N/A,126637
0560b5c41af4f16d,8,N/A,176528
2df4e5ff155ffe69,8,N/A,176528
39960133e71c1c3f,3,N/A,84689
3bd88c72c337fdd9,3,N/A,84689
2bd18e5488db542f,5,N/A,138982
24e02d089ff0f466,9,N/A,177870
385fd5b5de4ff5d8,8,N/A,176528
48878c46ae2f8100,4,N/A,126637
3c90f61ee193ed67,4,N/A,126637
35d9697a48462e84,10,N/A,192931
02d8ddc20b654e08,8,N/A,176528
34bc9b84b560c058,7,N/A,171772
31879c1a8694c29a,4,N/A,126637
2a7052379c417868,1,N/A,62798
0ab92471d141542e,10,N/A,192931
55f5ac0192f08c4a,9,N/A,177870
0138086e5fb24915,6,N/A,151942
43a9f88182db105c,7,N/A,171772
11e3895f727f2573,10,N/A,192931
2796938340e18ab3,5,N/A,138982
2fefd1e75dfb94b1,3,N/A,84689
2efe683ff103b964,0,N/A,20409
02ac09226e436c27,0,N/A,20409
331f6ee821bf45c2,7,N/A,171772
3974dc0fbc12b5f7,10,N/A,192931
29dd8416c9310452,2,N/A,83144
3cd731a2dc38770e,2,N/A,83144
087b94c079d87fec,3,N/A,84689
0662e65f5cfd9dcc,0,N/A,20409
21b5d3af8c52da63,4,N/A,126637
231b6d2fd990fc9b,9,N/A,177870
41cab4c77bd190cd,10,N/A,192931
25f5fb05f1e81099,10,N/A,192931
218ac9348c23d11f,10,N/A,192931
37b357f4ff2eeb63,0,N/A,20409
12b71473cdadd9cf,7,N/A,171772
4adac3389a7236cf,9,N/A,177870
2a158f4d67a1a7e7,6,N/A,151942
5394c6a4cab236b2,7,N/A,171772
5382b9b66ee48c8b,1,N/A,62798
340ba7721520bd5b,7,N/A,171772
2bd4cbe6887e93c8,4,N/A,126637
0027e91121bc9db0,8,N/A,176528
5385525186bd7807,5,N/A,138982
2fbf5d2c1c9a8a58,6,N/A,151942
0cccd425ed380a1d,10,N/A,192931
2f47b01f30971cae,6,N/A,151942
1402c7b0ecc08726,0,N/A,20409
22c1b2601fcaa58f,10,N/A,192931
43520f634297f3e7,1,N/A,62798
4b0be26d6a699662,1,N/A,62798
01291c6bf6bbb648,1,N/A,62798
390dc0e3f5556efb,10,N/A,192931
43955bf062d191d5,5,N/A,138982
07ea6d7f536783ab,1,N/A,62798
46118852822265f9,3,N/A,84689
4402ee02f5e9031f,1,N/A,62798
4d4c9f3ea65bbcdd,8,N/A,176528
42342d7d8cd153a0,4,N/A,126637
3164d50edbbb80a3,8,N/A,176528
2d85731b2cb9fcef,8,N/A,176528
2b92de5b817327cc,7,N/A,171772
4916a311895f05e7,2,N/A,83144
535e496f0a3f1f68,7,N/A,171772
0c9c5920283571e8,8,N/A,176528
24c9bd111a8ee30b,6,N/A,151942
46b0b1a8311b0b54,8,N/A,176528
31184ec44d900e3d,4,N/A,126637
084a39c159816d7b,7,N/A,171772
426db26160a85f85,7,N/A,171772
3307009b37872778,4,N/A,126637
0566baf153f7c1e9,1,N/A,62798
0c4506ba0d604ac1,6,N/A,151942
4dc125489e579186,0,N/A,20409
239fa67d0e994dfb,0,N/A,20409
134f46a09086820b,4,N/A,126637
2afa6c39b5ca506a,0,N/A,20409
4c08f01320f4e006,4,N/A,126637
41967d6eef088be1,6,N/A,151942
48f694e1f90318d3,9,N/A,177870
3a4da25a824aaac4,1,N/A,62798
5266913947ca844e,4,N/A,126637
43fb7d3d13b0217b,1,N/A,62798
17a70231a73f44f4,5,N/A,138982
4c4d0b6c7cceaa34,5,N/A,138982
33be5bf50dfb2524,5,N/A,138982
4b2e088d9579c7bf,8,N/A,176528
3e006b85b2dae928,10,N/A,192931
3743ee6d125a00e5,9,N/A,177870
52a5699021223ec4,7,N/A,171772
44ab89069b0a0023,0,N/A,20409
1161074de90ff8b3,1,N/A,62798
09b7c070f4a62e0d,1,N/A,62798
0bf4605df7fd6dd5,7,N/A,171772
3a0fe52b19d4ae61,10,N/A,192931
10e4a9e086fb7079,10,N/A,192931
4dbf3113f5ae967d,7,N/A,171772
0e7a16d53ed9ddb5,2,N/A,83144
171018d4917a068c,7,N/A,171772
1363d758b2ae5b81,4,N/A,126637
3a9bc1b97ab88f8b,0,N/A,20409
489d72ed33b053b8,3,N/A,84689
15d715d7edeed5ab,10,N/A,192931
4706b48fc7ba243c,9,N/A,177870
0e6d1dea53437c1d,5,N/A,138982
4efaee80a77f48bd,2,N/A,83144
414fe482a3dac37f,2,N/A,83144
4d166530700823b6,0,N/A,20409
29fb67b2443f9e65,7,N/A,171772
3830d6868101960e,5,N/A,138982
07ebd686338c76d8,0,N/A,20409
12216601d2693e04,6,N/A,151942
4b2176dd6d09948e,10,N/A,192931
0065359934111e0b,7,N/A,171772
0852c06d5d9ba7f9,10,N/A,192931
4e5e0ccbe85c6e89,8,N/A,176528
12b8c1de719acdb6,10,N/A,192931
27781a1f6f40f797,9,N/A,177870
32089643b5837566,2,N/A,83144
2e90cdc2308b3478,6,N/A,151942
10632d85e2a5eb6d,4,N/A,126637
0ba9a757571e3088,7,N/A,171772
2ea890866a202ac4,7,N/A,171772
11233a7040aed88f,10,N/A,192931
3875401114e1ac5c,2,N/A,83144
02ea6ac32013a0e6,4,N/A,126637
01a265c2a1ab1bd1,1,N/A,62798
08ab807f71c95227,3,N/A,84689
1576d74749d04154,5,N/A,138982
468bbf5dda625e44,4,N/A,126637
089d442439f2f8ce,1,N/A,62798
0b48308b1720a23c,7,N/A,171772
44ff35409fc2e85e,1,N/A,62798
457206338176b8ea,3,N/A,84689
429600ddde428006,3,N/A,84689
36d91ffdecf83c03,1,N/A,62798
542c225d8accebfa,5,N/A,138982
3194a8465c912667,8,N/A,176528
2c7397d9516d20b9,4,N/A,126637
4bbe5b5d829007ef,1,N/A,62798
0a7b753f40fedf4f,5,N/A,138982
3590c74a1c16ae78,8,N/A,176528
0625715da1a08c6e,9,N/A,177870
4eb1311e00fc856b,0,N/A,20409
31ddd162c1154988,5,N/A,138982
3160287e29268d5d,2,N/A,83144
11b9d3b8fa06b494,5,N/A,138982
0b5a9b2b9c44656a,7,N/A,171772
4d914c6af5ec194d,10,N/A,192931
25e63d1d840e2850,0,N/A,20409
46d9588cd15caf38,0,N/A,20409
2cd413c2beb881c9,4,N/A,126637
55183bf982f3f505,1,N/A,62798
3067286ab0ad40c8,6,N/A,151942
14c06cbb53c442ce,9,N/A,177870
38b92d7dbbc7ea7a,4,N/A,126637
41888c1f258d2c79,2,N/A,83144
494eca0b76f9029f,7,N/A,171772
165aa0f4ce229f34,7,N/A,171772
09c85e751685c218,10,N/A,192931
50513c7734b6f2f5,9,N/A,177870
2360e25e8669c116,0,N/A,20409
178b77cd90463436,3,N/A,84689
0c58034a7d01b6cf,0,N/A,20409
2b0a5d7bf8306a35,2,N/A,83144
27c3d2505d22f133,8,N/A,176528
2e8847347c4d2553,7,N/A,171772
50ed1414f47894b1,1,N/A,62798
0da622d3ba2d94b1,4,N/A,126637
4f4c5f37919586b3,3,N/A,84689
0b9ef10251074ef3,0,N/A,20409
31959aaf1f307975,1,N/A,62798
443f0d9a41da1b47,0,N/A,20409
27b4d1906546c173,8,N/A,176528
2f42f3dfb74c5f1b,2,N/A,83144
3a124aa05d762cfd,6,N/A,151942
4398906b167e763f,8,N/A,176528
4b0161d1048e7299,10,N/A,192931
35b2ca12f2f0390f,8,N/A,176528
11a0fd169197b31b,4,N/A,126637
055bf12a889d8887,4,N/A,126637
07faabd8151b8b20,9,N/A,177870
151a603dad43e747,9,N/A,177870
2e82a44d395445a3,9,N/A,177870
0da72734bd929fca,9,N/A,177870
17a43b405914da01,10,N/A,192931
3173922b9f5b9384,2,N/A,83144
464ae6679c89030e,1,N/A,62798
09daa9e2a30d0d85,5,N/A,138982
4b01b01771e6ac41,8,N/A,176528
3d3a7577b49e2c8e,10,N/A,192931
4fe9e23db8bd1f5e,5,N/A,138982
3a5a1eea234fb1f3,10,N/A,192931
1693e5b5f3e3b0d4,2,N/A,83144
448ebacc2a962f10,8,N/A,176528
36f45338a95b8379,3,N/A,84689
442efaacd207dc40,9,N/A,177870
54bc76a76f02c59c,2,N/A,83144
0f85c6a742eb1179,10,N/A,192931
48602fd48ea0b7df,4,N/A,126637
528f234b5e093f1a,7,N/A,171772
2f581927fd7e74c9,5,N/A,138982
3becb8e36cc6b7fc,9,N/A,177870
14d52dcd5ea80aea,5,N/A,138982
3b77e839be5233f3,6,N/A,151942
143b6e5f7514bf63,6,N/A,151942
01ae0057460e378c,1,N/A,62798
085cff00a1644b3d,6,N/A,151942
26f471d860324353,1,N/A,62798
2a5cdc708496f72a,0,N/A,20409
145f4e3cab10e8d4,0,N/A,20409
552566e5b4b6e45d,9,N/A,177870
2b70340a78b1eb9e,2,N/A,83144
26612ed93d317ce8,7,N/A,171772
2aa56302c9d8a90c,5,N/A,138982
4d2a8b8ced5f6188,4,N/A,126637
1539a0addbe58d82,8,N/A,176528
4a5843524e5cb3d7,0,N/A,20409
586388d9618e7c42,2,N/A,83144
10af0bd316ed63be,0,N/A,20409
0eda21b933aef4e1,8,N/A,176528
48f75858bdb98031,7,N/A,171772
2e737f98021b1fde,7,N/A,171772
4a3d7fa705c75168,2,N/A,83144
2a9cb1fe94d36f85,5,N/A,138982
3ca8820318963b22,6,N/A,151942
2b97a90ddd99e977,1,N/A,62798
2a668563f15429f8,2,N/A,83144
10efaded9f8f7100,9,N/A,177870
47a49d5d58f396f5,3,N/A,84689
305a00334ee8d326,3,N/A,84689
378c3920a73c813c,1,N/A,62798
52731a0a936eaf6f,6,N/A,151942
158dd47dd6828836,4,N/A,126637
4d148a1aa8c9139d,8,N/A,176528
48a110e17c009fdc,9,N/A,177870
2d44906d606679da,10,N/A,192931
13e33fb76f851250,3,N/A,84689
10eeebf823deb859,10,N/A,192931
0024d95487eb0cb1,4,N/A,126637
2dfa47485e135b88,3,N/A,84689
0df4c4d002e2d94e,8,N/A,176528
3588370e2e75e3d3,6,N/A,151942
49dd119e4fd3bb69,1,N/A,62798
099cc7045b01699c,8,N/A,176528
0191e313ff5d65a0,1,N/A,62798
166e354d23dddbc5,5,N/A,138982
43b6b39b6dea9f74,10,N/A,192931
46493a03d36b738a,1,N/A,62798
55818b3dcea36110,4,N/A,126637
29435c3471e26802,7,N/A,171772
4dfa2e26d5935cb5,1,N/A,62798
03fc4c1041633a28,10,N/A,192931
4c0b088d9d505d16,4,N/A,126637
3ccad13abb4434ca,8,N/A,176528
0819501cbbb4a3dd,3,N/A,84689
28b7a2571eb6a65e,10,N/A,192931
11272923688caa02,1,N/A,62798
23a14e1bf9549dea,1,N/A,62798
2e4f0dcdf9af98d3,0,N/A,20409
10d0d97374cd3dba,3,N/A,84689
3a70f7ef40fd9415,10,N/A,192931
2b479e092bc33ae1,3,N/A,84689
0016ffc671eaa46a,7,N/A,171772
338193f3f5ffd36c,5,N/A,138982
0093ab3d328ec8f4,10,N/A,192931
54cafd83cadfd42c,4,N/A,126637
34c35fd9dd2ced5c,8,N/A,176528
14a77a46d0fdb12e,5,N/A,138982
04e12032ce67da90,0,N/A,20409
0764751f5b8061a6,7,N/A,171772
0f62af8a63ade3db,9,N/A,177870
12f7914bd68e5729,1,N/A,62798
4df123ef2af115a8,10,N/A,192931
36677cdfcae196b1,8,N/A,176528
2819ff7ec900e238,4,N/A,126637
4290a825d5f8fdcf,10,N/A,192931
47ade6c6ff9cc4fb,7,N/A,171772
5843a4ecb9ca960a,10,N/A,192931
2602a93d6061b25f,1,N/A,62798
4aa0ad3da3ed3f6f,10,N/A,192931
136dc895c1225c3a,2,N/A,83144
0dc07a9076b6ac1a,10,N/A,192931
3b291c7cd324eda6,5,N/A,138982
17034fe67e4d99b7,8,N/A,176528
34e32fc6abd8cc34,5,N/A,138982
219aedfca65c1627,2,N/A,83144
3611ab86ad3788d5,2,N/A,83144
317e1fe3f058dc42,2,N/A,83144
2f9139f777407282,0,N/A,20409
4592a1f5286b3df5,8,N/A,176528
44b7926af036a3f7,8,N/A,176528
099d8651d782e012,8,N/A,176528
455e2f67e4c83712,3,N/A,84689
1798333b646fdf4e,4,N/A,126637
2553267eefb98959,8,N/A,176528
010d258e032aa575,5,N/A,138982
0ac52f53744a8bdb,9,N/A,177870
3e188435e1648172,1,N/A,62798
43446f79bd0851db,9,N/A,177870
27bd725cff8abece,9,N/A,177870
3810f055d7444470,3,N/A,84689
3a94901165af817c,5,N/A,138982
16a85feb972dd997,7,N/A,171772
12f8672414c6bd10,8,N/A,176528
39469657bedcf76b,3,N/A,84689
02bf5c7cbf6e89f2,0,N/A,20409
48e270e926bf76ba,9,N/A,177870
17fc49da3b8ae9a0,10,N/A,192931
0d6207cd791ac361,6,N/A,151942
3117d3b1e2a813df,5,N/A,138982
441aac5d57cce945,8,N/A,176528
3cf240128a560da3,4,N/A,126637
166424e61689a55a,8,N/A,176528
511ff57bedb272f1,2,N/A,83144
253251905d00932d,6,N/A,151942
01a1c3c6ff3ebf36,0,N/A,20409
14bd09dbcb8bff86,0,N/A,20409
3d21aa95518c20e0,0,N/A,20409
0913780ed0533292,5,N/A,138982
0fd857bcc936fb51,0,N/A,20409
2813162491757954,2,N/A,83144
337e41bebe74a0e0,7,N/A,171772
0b2a78f3468595ae,6,N/A,151942
149daeb72ebccc59,4,N/A,126637
31b3c052779bba95,3,N/A,84689
05544ebc9bb2b31b,9,N/A,177870
469d370bdc698af0,3,N/A,84689
4dd4afcfa2588186,9,N/A,177870
4d3d83ea666136b8,6,N/A,151942
3b905d78e131233d,7,N/A,171772
2609d8b4b4e08660,1,N/A,62798
2fb24d0d673e6756,1,N/A,62798
0e5287f499b61d9e,4,N/A,126637
5633fe84de0dd2ca,0,N/A,20409
29f2bb5fe409c9b0,5,N/A,138982
0a768b145eee4ac7,5,N/A,138982
01e3e9782a2fd7ee,0,N/A,20409
391aaf39def10706,5,N/A,138982
168b3e16834ecb3d,4,N/A,126637
2879f8254e69aa61,4,N/A,126637
3c476ecfdc5bdfa9,1,N/A,62798
4db26e16f447e626,7,N/A,171772
499f1845667ac875,3,N/A,84689
295ba36e39dfa75f,5,N/A,138982
3e400f0a3f75aff0,0,N/A,20409
29fe8ec8a7d4426c,9,N/A,177870
0680f9da96e92b7c,4,N/A,126637
346b578d7d5c21af,0,N/A,20409
3a93c8a8cc6e4f3c,8,N/A,176528
4be7f4ddeaedfefd,0,N/A,20409
125e41e04da56250,4,N/A,126637
0436e8b11c1feecc,8,N/A,176528
3529679643a11171,10,N/A,192931
37c3113be7f41341,3,N/A,84689
02aabc648543a577,8,N/A,176528
10c3830ccc3a711c,8,N/A,176528
2b65f2aacb01a976,5,N/A,138982
312e5ae9810b865a,5,N/A,138982
075fe4fa7a2c8d2d,10,N/A,192931
4e1adc3e740609f3,9,N/A,177870
1613ba97d6c7a763,1,N/A,62798
16be9b6e7ff02ef3,4,N/A,126637
52ad4954cb206e58,5,N/A,138982
29adfdd509e9127e,0,N/A,20409
44d23ff93664e327,0,N/A,20409
541d7f4ab06e8d90,8,N/A,176528
115eb0804841aab3,4,N/A,126637
0934a01d250623f1,8,N/A,176528
2a81956ed44a5189,10,N/A,192931
36d100bc9ce7691e,4,N/A,126637
160ad17e257ae44d,5,N/A,138982
177b4b3143dc2b39,7,N/A,171772
3c3ed16e756d05b3,8,N/A,176528
52558bebba6a3590,2,N/A,83144
0121b9454eb23937,6,N/A,151942
427762e7e18a5623,4,N/A,126637
3d9d88c449679d60,3,N/A,84689
22a2a1097eaf006e,4,N/A,126637
4d8945b78627b596,1,N/A,62798
17314884c01e786d,0,N/A,20409
44544bbeb9bc6bfe,0,N/A,20409
066f63d5f7deee11,10,N/A,192931
21711d3cc1c8a59e,10,N/A,192931
066a7f2debf39997,7,N/A,171772
3a791d0c992625c2,6,N/A,151942
37181d155b854dd8,9,N/A,177870
25964f17bab7cb91,2,N/A,83144
146571aebf2a1350,10,N/A,192931
2b2427163790d49e,2,N/A,83144
507680a3a03d5c14,2,N/A,83144
3a591d9bb1077a1d,8,N/A,176528
0b267d0639c9e4bc,7,N/A,171772
1408315ec34c4677,5,N/A,138982
4fe68d344acefc84,2,N/A,83144
164008ed78669c42,5,N/A,138982
4ccd2be5078577be,1,N/A,62798
129e23baa53955ac,3,N/A,84689
29549433940c5611,1,N/A,62798
055ef43fcb784840,2,N/A,83144
4e92efe78b390b28,7,N/A,171772
52652180a292c43c,0,N/A,20409
23eba5caa28df2cb,9,N/A,177870
2b60c58288925479,7,N/A,171772
088e539f79856ecf,5,N/A,138982
12b140c65776c92f,2,N/A,83144
4d2ba43790eeb942,10,N/A,192931
343704ccba210f18,2,N/A,83144
0081cb817ae78df9,2,N/A,83144
215c703744a8a1fb,0,N/A,20409
42917158ee42e9ef,1,N/A,62798
42bef88041da4aaa,5,N/A,138982
3256de9e1a173c58,5,N/A,138982
529dc4f36520a6a7,1,N/A,62798
356e097f7df2ebe7,3,N/A,84689
3655eee78a5b99ef,7,N/A,171772
355c8407a3984c1b,6,N/A,151942
39c6f214d4004c1b,6,N/A,151942
4661b33f259d8a35,9,N/A,177870
52373e8cdbadfb15,2,N/A,83144
08b930fa53984877,4,N/A,126637
53a272715aa5f569,6,N/A,151942
0f6dca4284cce1c4,8,N/A,176528
0af56c7aa9d415e9,6,N/A,151942
2cea70589e9c01dd,7,N/A,171772
0d48a5628e237351,1,N/A,62798
311c2bd188c7935f,2,N/A,83144
03e94dba37fb0b54,2,N/A,83144
2b4203f9796f5fb2,3,N/A,84689
291ef8fc6dad86a6,4,N/A,126637
3a4bfbe586de4978,2,N/A,83144
385c42373b94c45d,0,N/A,20409
2e4cb34884ac98aa,1,N/A,62798
3164e0e8d8422793,4,N/A,126637
46a4615e64ecf5ce,6,N/A,151942
018a8cf0f1e9890c,8,N/A,176528
4d3f463d74edab26,4,N/A,126637
08b8a3818176e0b1,9,N/A,177870
0e6f6eff278f021e,7,N/A,171772
372bb05fa2869bed,10,N/A,192931
451388d56fed6a56,0,N/A,20409
2c3d0d0f0551165e,0,N/A,20409
14c5852042aa5647,9,N/A,177870
0ae9c28c1f8dfd8d,10,N/A,192931
126b7e7322bd2adb,2,N/A,83144
3235dce17093b7fc,9,N/A,177870
17d2f6c716146e39,10,N/A,192931
582c7aa488cac93a,7,N/A,171772
4cd7fe47db8c7efd,7,N/A,171772
0720a4fac0e504bc,5,N/A,138982
3b2c32ac32d4796f,6,N/A,151942
4a1c3a64f999f58a,1,N/A,62798
55f1e17ef702723d,7,N/A,171772
4582c5200ec8ee94,1,N/A,62798
4e525fc747156910,5,N/A,138982
14c91015ccc73a79,8,N/A,176528
0eea723adac7b94d,8,N/A,176528
4d17d167ca876c60,1,N/A,62798
3aeb07e04ec4b188,6,N/A,151942
558c630cc00ecfa3,9,N/A,177870
41393c0bf994ad25,7,N/A,171772
0561bab1149dbcd6,4,N/A,126637
50048d2a5fe55a46,6,N/A,151942
0fa3f4da66ce6eaa,2,N/A,83144
0b4189ce0a19a726,6,N/A,151942
437d67f625e4e98d,8,N/A,176528
246678000628ca25,8,N/A,176528
4ccaf604ef317bd5,1,N/A,62798
003fe9bccff65d1f,6,N/A,151942
06d62a5d396deb50,1,N/A,62798
28b88f193a77694e,1,N/A,62798
32f4026c56129833,4,N/A,126637
3c032b5c48babcb4,7,N/A,171772
4f0ca98ef5ffed48,2,N/A,83144
07a6ce77ba3e916e,1,N/A,62798
3debb3dba7e446cc,4,N/A,126637
23e92dd39901c311,1,N/A,62798
2f59b1b0ff81cc8a,2,N/A,83144
543375096c8430ee,7,N/A,171772
487379fb2ffc2350,1,N/A,62798
28bed7c95be2dae3,10,N/A,192931
13c89c7bff1051fa,6,N/A,151942
05a8cfd1adced088,7,N/A,171772
0e9a726dfec7a112,1,N/A,62798
236a2107607eebd0,8,N/A,176528
2a56266dcde8cc2f,6,N/A,151942
3d78141e97042185,0,N/A,20409
32f91a6883346fba,5,N/A,138982
0f49932bfe6ef0b3,6,N/A,151942
12975ce7035eda06,3,N/A,84689
0244e3219332d425,10,N/A,192931
4c8002311cf05632,7,N/A,171772
2c3a753f315e5804,6,N/A,151942
430399967b316169,0,N/A,20409
2e164ef0621b1189,3,N/A,84689
4827b31675853887,2,N/A,83144
24537534697a18d7,7,N/A,171772
286ea0d2428d73cd,8,N/A,176528
3e36b4c7424f6908,9,N/A,177870
2c99ae1d2a7712c0,6,N/A,151942
283df25b18e0bc30,10,N/A,192931
17dd1e9e40445d0a,5,N/A,138982
2957ad7d24946b93,5,N/A,138982
1704a1f7ba5c6ab4,3,N/A,84689
121e422bceea4888,7,N/A,171772
51273d60c77769fe,10,N/A,192931
31d36a7677a02fea,7,N/A,171772
16a5799d11c09a1f,4,N/A,126637
2cee03ef9d732e81,5,N/A,138982
41e27f3c4278ec1a,5,N/A,138982
27bfe22981da52d8,4,N/A,126637
49e95d43be3ea206,7,N/A,171772
03eb75a9e0696d24,4,N/A,126637
4bf94dab8233f164,7,N/A,171772
14c7b7d80f63ab5c,2,N/A,83144
54ce86f21e19a2b1,5,N/A,138982
049cf642a9db9122,9,N/A,177870
02e03209141f945c,7,N/A,171772
0378ba83231b0855,2,N/A,83144
4963998a1fa7fb95,8,N/A,176528
529e1233731f1405,0,N/A,20409
308d90650668ae3f,2,N/A,83144
142dc6aa8b6628b8,5,N/A,138982
41469425cc2ca9b5,4,N/A,126637
2bd9aa9867e200c4,5,N/A,138982
0e792919b863ad3e,9,N/A,177870
4efcdeb9b467778b,10,N/A,192931
2e662b5aa3a092f0,2,N/A,83144
27b32d18ab282060,6,N/A,151942
356e34972bc9e924,7,N/A,171772
01b082672fc97102,9,N/A,177870
2ed3ae1e0ca0fe1e,6,N/A,151942
48661cb1987f1bff,6,N/A,151942
2b88037bcb535b2f,8,N/A,176528
2f6b2fcd57afce4b,8,N/A,176528
24461fb20f49058f,9,N/A,177870
4c16916fda5c5a64,0,N/A,20409
10d25957ede7acf5,2,N/A,83144
4be93798c1c6e5b0,4,N/A,126637
46b628cc3de3b7f3,6,N/A,151942
4fc45f465b952d3e,6,N/A,151942
0c9ab6c846f67055,0,N/A,20409
24c2e5c651e35953,1,N/A,62798
2b419a8b077c889e,3,N/A,84689
558716b163049ce5,3,N/A,84689
2e2607b18eb853c3,10,N/A,192931
48f1d35b9026846a,8,N/A,176528
11d65ff816aa0315,7,N/A,171772
0c4df1b33f00fd01,4,N/A,126637
3aea64ba27c11fb6,7,N/A,171772
2d25eb13a5f07c00,0,N/A,20409
38ef0ff582bdb581,8,N/A,176528
559d51182e553b2e,7,N/A,171772
06d31eb606fd4d96,5,N/A,138982
426965f977a2229b,1,N/A,62798
1191107048a278c3,9,N/A,177870
4223a5af410423de,2,N/A,83144
25e11325de81f8ea,5,N/A,138982
13828f860d914f14,5,N/A,138982
292860297de247e5,9,N/A,177870
4fc372bb9c653604,8,N/A,176528
06703492597bb0f8,0,N/A,20409
476ca808552d1f62,0,N/A,20409
21806ca4fc868d6a,10,N/A,192931
3dab1f40d6f3b858,10,N/A,192931
24579c6340948a6b,9,N/A,177870
3adfd25a7a48d200,4,N/A,126637
55cbb917736f67de,10,N/A,192931
11e84d4ea02e15ac,1,N/A,62798
517007817bc9eade,2,N/A,83144
31efc66a8a602551,2,N/A,83144
10ceb113190ebd9c,1,N/A,62798
2b59e18cd873e26a,8,N/A,176528
5002f6096352c371,4,N/A,126637
3b393df378b7603d,6,N/A,151942
4a51c9f944289321,9,N/A,177870
4c7106b834614965,10,N/A,192931
06ad30d0f8bf4e59,9,N/A,177870
544038be6d862a96,4,N/A,126637
2fa6e7cb58d1e46b,7,N/A,171772
17e02f86611ccf4c,6,N/A,151942
154e5a7cf1ee4b36,10,N/A,192931
4ff62fda6312b564,10,N/A,192931
039709ac3043d538,4,N/A,126637
476e0aa0cba47511,1,N/A,62798
16caa6e9c432549c,5,N/A,138982
43a82c7dd2612c0e,0,N/A,20409
27d548b419f5c562,4,N/A,126637
260015e8b918b263,9,N/A,177870
2a35124b28dc89d7,8,N/A,176528
083da62f7f4c9d32,1,N/A,62798
2d442bca55d7e30e,6,N/A,151942
4b6dec8fb2a87a26,7,N/A,171772
1590f030e69b8375,8,N/A,176528
55442b193a0a315f,4,N/A,126637
06116d5f746901a9,2,N/A,83144
35befc5b69c4454b,7,N/A,171772
12f312ab609c37d8,1,N/A,62798
51dd5db23870b566,3,N/A,84689
121a96c70529b538,9,N/A,177870
2e53521e7ec9aaa2,9,N/A,177870
47a1048502bf7ece,6,N/A,151942
2fa94a5166d7c136,6,N/A,151942
43b7888432bd2281,4,N/A,126637
05d5833ad570fd18,5,N/A,138982
431dd545aca6f8ea,5,N/A,138982
5405b121ee6d7b38,6,N/A,151942
4f7000fd3369c9f2,4,N/A,126637
0b33d9b2c98fac04,9,N/A,177870
15b5de02c7e78dc2,9,N/A,177870
23ba49e0fccf0159,3,N/A,84689
08291c912aa8f187,8,N/A,176528
260167347f2a6c08,10,N/A,192931
2da5bd2f1fe4709e,0,N/A,20409
4555fe0ba4111e86,0,N/A,20409
3c1991dbdc31a11e,9,N/A,177870
382f58d870db28bd,0,N/A,20409
140d3343bcfb7b01,7,N/A,171772
49ed10e3808e7ba5,5,N/A,138982
5461788702a44434,1,N/A,62798
43e27c2da1422efc,2,N/A,83144
514599c3246997c6,9,N/A,177870
3847ef9f77545b99,2,N/A,83144
1409ec6780cd1537,1,N/A,62798
490043b8ad8f4af4,3,N/A,84689
3c1c208eb402a0e3,4,N/A,126637
29d2ec866186e07e,7,N/A,171772
18709e901139cad4,8,N/A,176528
1538e620c019f4a8,5,N/A,138982
31e669e98fc0aaa2,7,N/A,171772
0ea5dc465caa36b5,2,N/A,83144
3de89a7577ade0af,7,N/A,171772
16f8c88370fcaece,7,N/A,171772
04b5172ba151165f,4,N/A,126637
0b08cff70d799d7e,6,N/A,151942
217cac5e8794e12e,9,N/A,177870
5838d7f0607dc5b1,7,N/A,171772
27e9d65bf89b0482,4,N/A,126637
503a1895c8771af8,0,N/A,20409
3b82a1ccccc11209,4,N/A,126637
01585a548354b2d6,9,N/A,177870
55419670d8ed7f29,9,N/A,177870
3d67f7087ff4f127,5,N/A,138982
2e5237d8aa29fae3,1,N/A,62798
2acd2390fdb5827e,9,N/A,177870
4f86bd31948d7116,2,N/A,83144
15ba7d708bb01f85,8,N/A,176528
3dd3c346c074333e,1,N/A,62798
2e8dcdd953293ed2,4,N/A,126637
0cb90f97ad2ac56b,0,N/A,20409
257071a7e36d80b9,1,N/A,62798
117390b5e6f72d00,8,N/A,176528
26f5304534fedeb6,0,N/A,20409
263094662cd0241b,10,N/A,192931
2d24a06d06778dc0,2,N/A,83144
29ad5f6ed08b33db,3,N/A,84689
019440ff29ea54c4,5,N/A,138982
33baf72b9b4fd1bb,5,N/A,138982
086d73cc087efdd4,0,N/A,20409
438b77dce85178ff,2,N/A,83144
3d078ed37be2b211,8,N/A,176528
253e69724173a7bf,4,N/A,126637
09cd6bda78bec168,5,N/A,138982
54403cf4380f6827,6,N/A,151942
107957c9503d5340,9,N/A,177870
42a9b2b0b75ed97a,4,N/A,126637
399d882ee74f815e,7,N/A,171772
49224c4aa181844e,2,N/A,83144
24c829bee5560919,6,N/A,151942
5431fa06d77bde46,5,N/A,138982
2745733a67ce382b,7,N/A,171772
26ae60c39f8ae9a4,8,N/A,176528
5117f3251baa103f,4,N/A,126637
2b9ed46303239b55,7,N/A,171772
2abc2f03e68e0087,1,N/A,62798
27a4511ee45519e5,3,N/A,84689
53c5ec3a0e6d42fd,4,N/A,126637
231ed467beee95e5,8,N/A,176528
36c20ab33f89d8e5,0,N/A,20409
23398955f3507608,5,N/A,138982
49015c9620d93df2,7,N/A,171772
3761a5f4f04286ed,0,N/A,20409
4137eaeffa52b020,9,N/A,177870
023acebb13fc6657,1,N/A,62798
01cfa59129cb9890,3,N/A,84689
51a65f9624d83d13,9,N/A,177870
2bb184328a857fbe,2,N/A,83144
2f51dab14064b5b6,1,N/A,62798
292b466a0fbe5b6f,4,N/A,126637
269425a3e56183c5,1,N/A,62798
4304f37caaa22a88,0,N/A,20409
3874f7f6e7752088,5,N/A,138982
561a3a0a59344a7c,9,N/A,177870
239da04cd5d8e5a8,8,N/A,176528
500c636b93e76742,7,N/A,171772
03393aa826d4a718,5,N/A,138982
0d616b0054d6a6f2,5,N/A,138982
1475456214b52c16,9,N/A,177870
1444dbab34e15b20,8,N/A,176528
17d3a6446dedea22,2,N/A,83144
55927d04002948c0,8,N/A,176528
5293497ac767742f,3,N/A,84689
37ff087050cc300b,6,N/A,151942
4482b746bda8b854,7,N/A,171772
328b734a617ac6ca,2,N/A,83144
3cc64bfa108d0fd4,10,N/A,192931
2fed339d90dc72aa,10,N/A,192931
50c8c844be04daf2,3,N/A,84689
42fc4ce0413da8d8,4,N/A,126637
0369c3a1459fd8c5,7,N/A,171772
28768a0d2701b45e,6,N/A,151942
3738f0649b9077f6,5,N/A,138982
4d3e0b8d33a2f24b,10,N/A,192931
23b7e09287e3d6a1,5,N/A,138982
3af1f32996bfeed1,8,N/A,176528
35ff47c665cf1245,7,N/A,171772
03de1f5bee034043,4,N/A,126637
3d59e7fefdd69638,6,N/A,151942
2c3e5ddeb9d857c3,1,N/A,62798
3099a6e150955aa6,6,N/A,151942
2c33927bd5563ac2,1,N/A,62798
0344271e1b5e32cf,1,N/A,62798
4c7816bf3134f5a1,8,N/A,176528
008192418ad1bab3,1,N/A,62798
3a22fa3650de0030,8,N/A,176528
0122b703f14b245c,5,N/A,138982
215d99d94b57646e,9,N/A,177870
3a32aa5e9122131f,5,N/A,138982
18857cc19ea6c4ea,6,N/A,151942
0e3b1c30e1b1031b,3,N/A,84689
51073f23af315ba6,0,N/A,20409
14624676855df9ab,7,N/A,171772
21b2d3e977c96e0e,10,N/A,192931
09ec6428534991da,3,N/A,84689
41ac2fd3494fbce1,8,N/A,176528
417719c7cf217c5a,9,N/A,177870
357d17f7ae2f5f78,1,N/A,62798
02fd2a8c240129fe,10,N/A,192931
2d5f0995d1a2c770,6,N/A,151942
3355f5699d233c89,7,N/A,171772
2d81f81aba4c1f16,4,N/A,126637
554bad6d27a9b6e4,4,N/A,126637
17280794e5b503a3,5,N/A,138982
2b491afe5a677818,5,N/A,138982
3e0030627fbdc53a,8,N/A,176528
29f329f1a537618e,9,N/A,177870
34bd195c28059960,3,N/A,84689
5218d0d6ef2d3833,7,N/A,171772
246854d07ed4a37c,7,N/A,171772
3d7d5a5029b1d081,1,N/A,62798
3b4f475083992b62,7,N/A,171772
2bf4f639f5dc462b,10,N/A,192931
02675bd195db3681,3,N/A,84689
3c2e56b2b894cf58,7,N/A,171772
263b776059017aae,2,N/A,83144
22d21af7210a2357,0,N/A,20409
2f5262e75afa82d7,9,N/A,177870
10e96fa257230e43,3,N/A,84689
096e635a127c7fbf,3,N/A,84689
015e7ac090e1ec3d,1,N/A,62798
28a101d7d0b7ddf5,8,N/A,176528
33a346f67147a832,7,N/A,171772
23404fd0f03f57b0,8,N/A,176528
5148f8de2eaa47e9,3,N/A,84689
237d2cf29c1008c5,4,N/A,126637
2a0c9240c399c0bc,9,N/A,177870
42852e6da10e58a9,10,N/A,192931
371eaef65039f9ad,5,N/A,138982
2a6b97f9378e6c16,6,N/A,151942
077a70a41a32bfb8,9,N/A,177870
2d93ec6d6fca94dd,8,N/A,176528
1518115d447d4f50,0,N/A,20409
22ee734a03269f16,8,N/A,176528
039a5d7d6be69b8c,9,N/A,177870
4d3df0865b704e66,2,N/A,83144
15cad905a04ab5d1,0,N/A,20409
0a9efd9c5816fbca,1,N/A,62798
5817f77e2246e884,5,N/A,138982
14ece3d53185423a,4,N/A,126637
25b088055b8f5974,7,N/A,171772
00140e80a9622fc3,7,N/A,171772
01e2ebc0c04550a2,10,N/A,192931
33ba05ce54aeab22,7,N/A,171772
16bbcfbf86d79311,9,N/A,177870
54c05ff8d86bd1a0,9,N/A,177870
17ac4882e8c29fc6,9,N/A,177870
3394c19bb2dc6499,9,N/A,177870
3c33ed34b5865856,4,N/A,126637
0b284e5ae6a42b0c,5,N/A,138982
27452bb6cec3d0a8,8,N/A,176528
284d8c1ddaa6f17a,9,N/A,177870
3e0a6767eacdb46d,2,N/A,83144
536c23335e1d7a21,4,N/A,126637
02620ea561d2a78a,2,N/A,83144
0194dcae592fcb13,8,N/A,176528
49283aa230806b5e,5,N/A,138982
10fb63564d03562a,1,N/A,62798
2607e04c1bff1e5d,9,N/A,177870
271fe153f8412075,4,N/A,126637
24cfb1c7a8e551ab,2,N/A,83144
4f882c4f542006ce,1,N/A,62798
4a75478a5ea2046b,3,N/A,84689
39bcc7d7f7504881,10,N/A,192931
0c8feb4a7a311f09,3,N/A,84689
059107880760daf6,7,N/A,171772
0070b30e6dcbb93e,8,N/A,176528
2edf43aa8520e741,8,N/A,176528
2fbcd76b273192bf,2,N/A,83144
35d67ad32eb629b0,10,N/A,192931
4379539e8d8dff3a,5,N/A,138982
501b98e54e19d7a5,2,N/A,83144
172ba92856572733,2,N/A,83144
35c08b643acc3fbd,0,N/A,20409
39a079d0606d5496,3,N/A,84689
09098a6b3a4fc14a,9,N/A,177870
503d5b5491479086,8,N/A,176528
0a1844468a672ee8,2,N/A,83144
288157e5ca5c634f,3,N/A,84689
375220620b3e1e51,4,N/A,126637
3825b90f464e7b5d,7,N/A,171772
234d331c5e27e568,3,N/A,84689
23df8e2f6935ad22,2,N/A,83144
29d9a4057f753b19,6,N/A,151942
48cb11566c0c60f9,1,N/A,62798
0440b873aca14818,10,N/A,192931
2b83fc09b2d7819a,4,N/A,126637
23c734e056a278ca,9,N/A,177870
39b5d4471aba32f0,8,N/A,176528
12645cf4d5aa99ae,8,N/A,176528
31dbf4fa965997f4,4,N/A,126637
2a401bdde4d5c71a,4,N/A,126637
03e13565e85275c3,0,N/A,20409
435029642187df22,5,N/A,138982
41406d1add7e5ae7,8,N/A,176528
3aef7e5c6b4439f2,3,N/A,84689
2b56a21e34ba83b2,4,N/A,126637
08212cdc434f790b,8,N/A,176528
450d44d600a2a59f,10,N/A,192931
017469ec2f3c6893,9,N/A,177870
31964640ca4ceacb,3,N/A,84689
41924a6602a72b99,5,N/A,138982
2308cda69a4f09b9,9,N/A,177870
311d4e6b8566f65a,1,N/A,62798
48d50abc516def21,1,N/A,62798
32e80b8978b8f92a,6,N/A,151942
11bc8fa6e80e6c9e,6,N/A,151942
4a593001ae261c3b,9,N/A,177870
3dceb8fc4eac14ff,10,N/A,192931
2895e00282448785,10,N/A,192931
004d531bd0f43001,0,N/A,20409
4a50146db34b04b1,7,N/A,171772
2f7573dfe0664866,1,N/A,62798
50159802af91b823,8,N/A,176528
4961095fe00172fc,0,N/A,20409
359f664c6b88e481,5,N/A,138982
3821732fcfb743a3,2,N/A,83144
0a4440e59ac0a1d3,3,N/A,84689
0fb2a10261fd1b2b,10,N/A,192931
4622bd65b6492110,8,N/A,176528
214f1b7b25c79099,9,N/A,177870
0f210ed4a68ab462,1,N/A,62798
028d030eb609f087,1,N/A,62798
2a153d79ccde5477,9,N/A,177870
174aaad13f48c44d,1,N/A,62798
296030e92bd44d29,6,N/A,151942
4f05bd9af8cff7ac,8,N/A,176528
100cb30cc12815eb,3,N/A,84689
24246c7d295c3951,8,N/A,176528
4855dca2ce72dde1,4,N/A,126637
251316bb01309ed8,5,N/A,138982
23e899ed8ba52c98,8,N/A,176528
057e20efbea2d516,5,N/A,138982
214896528c17f1c6,10,N/A,192931
51982c29ec91de47,1,N/A,62798
4392de2bcd6e9b16,9,N/A,177870
144c1c62a89147bf,3,N/A,84689
051204219c422edb,9,N/A,177870
2c389e409e7b247c,0,N/A,20409
337e2a3454ae9a2c,4,N/A,126637
0ca35cd0e0d7a56c,9,N/A,177870
245403d04e45b24b,0,N/A,20409
4c9781b3077ded1e,4,N/A,126637
309e5a844b265e81,3,N/A,84689
53c6ec717fd5724c,1,N/A,62798
4cbe75e21c2c77b0,2,N/A,83144
4a1ea144c0e7f2a2,5,N/A,138982
2bc35f36090331ba,4,N/A,126637
499337bea65c2308,6,N/A,151942
03e52f71053ec6e5,7,N/A,171772
55a4e4897ae328af,5,N/A,138982
2fae04353df59b24,8,N/A,176528
46f2f5e3194c4124,9,N/A,177870
2e152820c63bd2bf,0,N/A,20409
2827d59054a6c921,8,N/A,176528
26b8c6bc9a222b70,10,N/A,192931
5663f09e4ce62d78,10,N/A,192931
295b656b738eaffc,1,N/A,62798
5572d9c45a620967,2,N/A,83144
07b7fbd971256552,3,N/A,84689
4ee8225a802f1955,5,N/A,138982
29480aadabeafdf4,4,N/A,126637
0725707acf2b9a76,3,N/A,84689
2f4182380a2dab00,1,N/A,62798
0deef3fdaeaf9c1a,6,N/A,151942
3aead9f2447c4f98,8,N/A,176528
22ab571d0908a349,6,N/A,151942
4aea1814ec25487e,2,N/A,83144
2d2f1988a5bd4aec,6,N/A,151942
2903a53ef44e3c24,4,N/A,126637
306207d32b035d84,5,N/A,138982
3c6db807adf68454,0,N/A,20409
4c2415d0fcd9878b,10,N/A,192931
2b0b4410080bde99,7,N/A,171772
4a205733d3e5e9ec,0,N/A,20409
073db9a86fe9c697,4,N/A,126637
56266a64a74d6431,10,N/A,192931
159429a725b85380,8,N/A,176528
55287c9dee680b3b,3,N/A,84689
0e39a8e3c4d4d688,4,N/A,126637
491e63e99538715f,8,N/A,176528
583ecc75e695e4d8,4,N/A,126637
0572101ad84275e4,5,N/A,138982
4f733996db2f7b8e,10,N/A,192931
109e7e365e30ecb7,9,N/A,177870
47edd6508e400952,2,N/A,83144
5516b0a4d8c83ba0,5,N/A,138982
1599f70d2049fe3a,7,N/A,171772
32e3be055471cbd1,4,N/A,126637
0b4d32ecadea8b0e,7,N/A,171772
3c95d31f818ccec3,5,N/A,138982
4fb4e5417c453a70,1,N/A,62798
157dd6d46a4420f8,3,N/A,84689
0d5dc48106f8e0d5,8,N/A,176528
47e0b9285f03fc5b,2,N/A,83144
0961b9e4b853bf47,0,N/A,20409
01bcd9f71a8653f3,7,N/A,171772
115ab1cbe4a8152e,8,N/A,176528
08a9b6698519753b,8,N/A,176528
2eb2e28bd999bdae,9,N/A,177870
422187161d6565e8,0,N/A,20409
5457286aa32ee8dd,8,N/A,176528
55c60930cd2fb512,8,N/A,176528
490dbf38d3026cff,7,N/A,171772
0ed1406886d09afa,0,N/A,20409
3ad717a10297117a,5,N/A,138982
0c5477c49ffcdee4,4,N/A,126637
3dd5336d7ffce1a0,3,N/A,84689
048e84725ee965aa,9,N/A,177870
231deaff212e5b63,4,N/A,126637
37a1b40c4e6d0fde,3,N/A,84689
102db9819ec2ba76,3,N/A,84689
53e86aa90eca8708,0,N/A,20409
23759454b48be409,4,N/A,126637
50288c5a15f87c1a,5,N/A,138982
309496490d0b721d,8,N/A,176528
3de3ecdf604854d7,6,N/A,151942
15f7b3ea76fcdbf6,1,N/A,62798
4444d56bb80b03fa,4,N/A,126637
156d077fde792dba,2,N/A,83144
44b4490b1a700632,10,N/A,192931
15ffd43ee424665b,1,N/A,62798
16f17489d54a823b,7,N/A,171772
103e89852a14b06d,0,N/A,20409
13496bb73703e5c4,2,N/A,83144
2ea6b6596500f60d,5,N/A,138982
32580899604fe2d5,7,N/A,171772
0a947bdf932c56c5,4,N/A,126637
378ff64a999e0a03,0,N/A,20409
05496f41db2228c8,0,N/A,20409
0dad4f8187265b87,5,N/A,138982
47b2723cf669525b,9,N/A,177870
107ccee579e4de08,1,N/A,62798
27b9c066fd06d632,9,N/A,177870
48e3297a58d0a686,8,N/A,176528
22bb85d97b8cb738,8,N/A,176528
42c6349d916a05b3,4,N/A,126637
09bbfd7fe8b768cb,0,N/A,20409
5633ff0fd3a93beb,3,N/A,84689
13993fa80f2d6f2c,1,N/A,62798
366ebb51c78da57d,10,N/A,192931
42ff9fa205894c82,5,N/A,138982
3a341d35b1d612ef,5,N/A,138982
16828adfd26743ba,5,N/A,138982
45c927e54485f4e4,9,N/A,177870
07b20738a2a4b1e6,4,N/A,126637
16be6d6e2fa91819,1,N/A,62798
1347e4865abc27fb,8,N/A,176528
3e20abf3e7cc32e2,8,N/A,176528
311bdc5342197893,3,N/A,84689
51ef01e74e288790,2,N/A,83144
0701cf992eeb37e6,10,N/A,192931
11cfe1746afa079b,1,N/A,62798
124b61ef03ec8be9,3,N/A,84689
3e0c20db98c150c6,7,N/A,171772
4ce81594158f5254,6,N/A,151942
1151ac9284c76347,2,N/A,83144
473eae5d69134c36,1,N/A,62798
3b3ba9812aae1d9f,8,N/A,176528
078774cb8b8be127,5,N/A,138982
42096486236bc298,3,N/A,84689
080ecffdee5174e6,10,N/A,192931
4f16effb30b4aa9f,10,N/A,192931
276a65a8a1057501,4,N/A,126637
23f6932b432f8777,4,N/A,126637
0c40edb2809f95a4,4,N/A,126637
38f9ad1099724ce4,8,N/A,176528
3b4a129060cbdf5c,9,N/A,177870
0940c6b3734dc029,10,N/A,192931
2638a99039596884,0,N/A,20409
393c05bcf693c087,0,N/A,20409
5317501d5f07e4d8,7,N/A,171772
3499f2d4de6f29fa,2,N/A,83144
4298e05b14f3c38c,7,N/A,171772
26c8401691dc2654,0,N/A,20409
2dfbbae7527a477e,4,N/A,126637
51d58bb30faa0d69,0,N/A,20409
37c13ce34b70df78,8,N/A,176528
3a898e768afbdd18,8,N/A,176528
3b3446e15d30a816,3,N/A,84689
43c6a1e781dd64f7,10,N/A,192931
2b67f4f1ae7cde99,10,N/A,192931
41ed5970034c58a1,1,N/A,62798
4162b57de7964361,4,N/A,126637
35b6a7ddf2b0a3bf,5,N/A,138982
3b4d5d47b304f729,4,N/A,126637
0b6acb55a474ccac,3,N/A,84689
15e7ca795bbb2b40,2,N/A,83144
3cb4ba15919d5fcd,8,N/A,176528
29b23be579709a25,6,N/A,151942
05c299fb2b60ffdc,5,N/A,138982
0390846fef40b5b3,10,N/A,192931
55e3622cc3c3a9a9,4,N/A,126637
2da6585b17f5182e,2,N/A,83144
0ecfaf20340f397a,10,N/A,192931
5524dda8b6680bdf,2,N/A,83144
25da3d689a6300ee,2,N/A,83144
1190229a6460589c,4,N/A,126637
10d93789a229a210,0,N/A,20409
3b2c854c18d8e978,5,N/A,138982
29ff65aec7241bb0,5,N/A,138982
03257c63531c038d,2,N/A,83144
44c0a7346608e9ae,10,N/A,192931
386f9a3a46d66678,9,N/A,177870
367ac99b893a1d42,10,N/A,192931
2a20d9f649ddf68a,8,N/A,176528
28202efb0e27790b,7,N/A,171772
52f5632bcd808265,2,N/A,83144
05eee7c9a775832a,9,N/A,177870
2a5e82ec517b666a,4,N/A,126637
15a71d6609459e0f,10,N/A,192931
5066a845b0d264c4,3,N/A,84689
3331c8a02aca3c51,1,N/A,62798
14ab536a84b565d8,4,N/A,126637
55767f9773d0f20a,9,N/A,177870
4a16a247e8f086a0,3,N/A,84689
3a4b012d769eed3b,0,N/A,20409
53c4eedf0b42fa80,1,N/A,62798
3329d59c27dfa9cb,4,N/A,126637
3bb7de2b8cf7b578,0,N/A,20409
47abf484f4eaff09,9,N/A,177870
0b6e909dd738662e,6,N/A,151942
2373f9f097d74bee,2,N/A,83144
2a99809858d40ba9,4,N/A,126637
4504ba52d91eff81,5,N/A,138982
52e47fc923dd3b5e,8,N/A,176528
39c7a1e15413e20b,8,N/A,176528
2d31d555a3095d40,10,N/A,192931
2c797af3fa5aef90,8,N/A,176528
5096dac31724eab5,5,N/A,138982
3682b7395b2e773b,5,N/A,138982
02bcae9e468b4fd3,3,N/A,84689
4fba076f39ab20d6,2,N/A,83144
10ca363c560fbc15,8,N/A,176528
3717d1ecb4aa4b8b,1,N/A,62798
46600bdb5109bf95,6,N/A,151942
0c88a18a14fe23a9,8,N/A,176528
03f0dba6c7c65017,9,N/A,177870
50572cbe950afcd7,4,N/A,126637
0d95c2050a3bc90f,0,N/A,20409
0fa8c2d887d89c02,8,N/A,176528
0fd1b2f7f25415e8,10,N/A,192931
00da3bcc0568c75f,2,N/A,83144
216fd91e3b3b3935,8,N/A,176528
0f47d0db9e091f97,2,N/A,83144
423b85fa66f61390,9,N/A,177870
582c28ff2f413a83,2,N/A,83144
01a3d490cbef341d,8,N/A,176528
08b8d75ff9211f5d,1,N/A,62798
338b403f0d2c34bb,9,N/A,177870
25ccdeda71dabb4d,1,N/A,62798
052312159a1bec4a,8,N/A,176528
0944e702073710e4,9,N/A,177870
374fa2a92e01b905,9,N/A,177870
519afc2f9f29f79c,9,N/A,177870
22cb50fed8cd37fc,7,N/A,171772
374391e71ad025b7,8,N/A,176528
4478e968f355e401,10,N/A,192931
50800c26d99dc6d8,5,N/A,138982
54d713f3945f0c98,2,N/A,83144
01f4332c28fdfe75,2,N/A,83144
3931169d839a4174,9,N/A,177870
0d60ef9bfb7b56bf,1,N/A,62798
58890a748ee339b8,5,N/A,138982
4f5533222cc1a06a,8,N/A,176528
3275142e786e7700,3,N/A,84689
26b89d3ce9eb2177,3,N/A,84689
4e36a23f8dc1c5db,0,N/A,20409
03595879c1206b52,5,N/A,138982
019a1e736ca83e52,9,N/A,177870
4c1ec2cd1923594d,3,N/A,84689
4c1e3f8c231c8c56,9,N/A,177870
0f4caa809f044214,2,N/A,83144
49455afbb5f14a6e,1,N/A,62798
53f4bb4ccd81547b,6,N/A,151942
5584d20cc902ac74,6,N/A,151942
3235ded5fabbd0b7,6,N/A,151942
09cd4474a1d70350,6,N/A,151942
04e6dd0918cce893,6,N/A,151942
06f819502d7f0eab,3,N/A,84689
4372471583b4499c,4,N/A,126637
04848bb69946f226,1,N/A,62798
55c36055bb24f869,5,N/A,138982
3994d5399ffb799c,0,N/A,20409
495fe28cb02d7819,4,N/A,126637
0ff4c58f40df6f6a,5,N/A,138982
0723f706e608cc0f,3,N/A,84689
2bd096c2dfd2698d,5,N/A,138982
2823f571fb77ec39,7,N/A,171772
41fb4b8588df713f,10,N/A,192931
05b33f44353851f2,4,N/A,126637
398d47c1ee5de957,0,N/A,20409
46b44529055fa5fe,9,N/A,177870
141e5e94000fe8d4,8,N/A,176528
3dd687fee112e00c,10,N/A,192931
4f6210d15675e75b,0,N/A,20409
552809ab1b1e3225,9,N/A,177870
3e3addf517a54705,1,N/A,62798
2f666fa7ad27d842,9,N/A,177870
1127210acd9e653c,2,N/A,83144
0db1dd5e60371e1e,5,N/A,138982
4ec509abba27f5c6,8,N/A,176528
2f80e11a12be1b5b,8,N/A,176528
39d512dc33640aff,3,N/A,84689
50e099fc2828878e,2,N/A,83144
02f927db203802f6,6,N/A,151942
4887fd19b86ced4a,5,N/A,138982
33baaa0ecc2f8536,6,N/A,151942
363227870afe020f,4,N/A,126637
3ac316aee72d3b79,2,N/A,83144
4b88a024a62da4c2,0,N/A,20409
13a91c44a80ca6ae,10,N/A,192931
3c7e613502d21ccb,4,N/A,126637
346e9ee84150993e,1,N/A,62798
480b298e52b984e0,7,N/A,171772
3296775d5cc19188,5,N/A,138982
4fc3c812644f3a58,2,N/A,83144
4c0f0d45c56c6051,8,N/A,176528
00b380404c67ef05,7,N/A,171772
1122a227b610cd6a,5,N/A,138982
229710bce9bd8172,6,N/A,151942
438d84e45e2310e0,5,N/A,138982
33f002f27487a2d2,9,N/A,177870
239cc29fa840533a,3,N/A,84689
0e1de26ea724a79f,2,N/A,83144
5073096b4a26d372,1,N/A,62798
0f6b13ecb83bef13,5,N/A,138982
3b5a924bfc4b2355,7,N/A,171772
325bfbc603dc51d9,6,N/A,151942
25ce2cc145d266d3,8,N/A,176528
4ba0bbf3ba1636c0,5,N/A,138982
04b381bf1f116869,1,N/A,62798
257f7bc79d4df24a,4,N/A,126637
32f79711e4d5439f,0,N/A,20409
4576b305aa1ac1a0,5,N/A,138982
0f2ef65bb57fbda3,2,N/A,83144
0a6392d0716c94bd,5,N/A,138982
4cdeb2348c948eb8,10,N/A,192931
4f39e7c46d323fd8,3,N/A,84689
3cd654635f7ce44c,2,N/A,83144
2923b962785dbd9d,2,N/A,83144
47454be9fe9767d9,4,N/A,126637
2c837fa1ab047b04,3,N/A,84689
07f755ae9af8cd5b,1,N/A,62798
51845496b43c4855,6,N/A,151942
3db075c1b222e426,2,N/A,83144
11660bec754083a6,8,N/A,176528
00235d74440829ce,1,N/A,62798
0ebde9fbf50a511c,5,N/A,138982
145bb5dba1435b4c,9,N/A,177870
0e079b552fdddaf1,9,N/A,177870
11e060cdbca7cfd5,10,N/A,192931
4df03b21c834cf7d,9,N/A,177870
51f1e297ffeb3e82,0,N/A,20409
097f8c1c02426f14,0,N/A,20409
170b5827255adcd3,3,N/A,84689
3506e1e1c07607bb,5,N/A,138982
30cdfd5493c77dd6,1,N/A,62798
068e808341a52842,4,N/A,126637
2d4cb3798eff4b19,8,N/A,176528
2cd6adb46c53e07b,5,N/A,138982
0e9fb14eda102e68,2,N/A,83144
1599ce3ad849e66e,3,N/A,84689
1312c2f68e4962d8,6,N/A,151942
00a21dbdb71a94b4,8,N/A,176528
4490cb554e587f6b,10,N/A,192931
4f33695d6de62fe9,0,N/A,20409
54348ff2924a97ed,9,N/A,177870
25820707838d37d5,6,N/A,151942
06426d5bf93980b2,8,N/A,176528
3b26b01c434f9788,7,N/A,171772
46d1fb12f194e4d7,3,N/A,84689
0d63d2b6e7686ee6,9,N/A,177870
26193d3dd7b29a22,5,N/A,138982
08da38a376fbf6c9,3,N/A,84689
39546e8e8e444f97,0,N/A,20409
4f3a0657e93afcc3,0,N/A,20409
4d481c577b2e681b,9,N/A,177870
4a2c7420cb4c2fca,0,N/A,20409
3305ff1685ddcaf0,8,N/A,176528
29e7e666dbcd5510,9,N/A,177870
4d61fec3fda89928,10,N/A,192931
25f6b00d091a6339,6,N/A,151942
42b77103d8849e5d,5,N/A,138982
2c99d3c8ee1c2377,0,N/A,20409
2420fe3486c2484b,0,N/A,20409
471f0be84da16164,6,N/A,151942
2ea2c0211e151a34,8,N/A,176528
0998de5511b48994,7,N/A,171772
0db1f337f12618f3,7,N/A,171772
0b240838f817639f,8,N/A,176528
0f0c3046a33892db,4,N/A,126637
153fc599e6f3eec2,10,N/A,192931
0ec9623e77bfa3b4,6,N/A,151942
4dee1aa8ddc5b241,0,N/A,20409
15302b15fefb9d24,8,N/A,176528
1838846d29d8ab46,0,N/A,20409
53f2b0def6c38ab7,9,N/A,177870
4e5313e9ac4278eb,1,N/A,62798
46b5033b7c1e6ad4,2,N/A,83144
491655a63b2f9345,2,N/A,83144
543ea1c2d05fc966,9,N/A,177870
259154d6a8c72edb,8,N/A,176528
24e130135b0fc03c,9,N/A,177870
2ca7e24826bf6fa1,1,N/A,62798
167f326d99ec022d,10,N/A,192931
517f74d568522fc6,10,N/A,192931
0ff32f712ce3fe33,7,N/A,171772
16a323eb8a1c8e36,9,N/A,177870
073048dbb5ad557d,1,N/A,62798
379278c25688dba5,0,N/A,20409
43b9d008a9668eca,7,N/A,171772
23178d9c7e03fa33,5,N/A,138982
537b4d0becaf72e6,8,N/A,176528
381990f7d2c36a7a,8,N/A,176528
3246919d9b01cec5,1,N/A,62798
3b7d026206258fde,1,N/A,62798
01e75f8e3876d618,3,N/A,84689
268666df8ec4f214,9,N/A,177870
4dbfe4b063fd8556,8,N/A,176528
34adc2f2e1199269,4,N/A,126637
4466e1fdf8c9167d,7,N/A,171772
1531399dfc914110,8,N/A,176528
37a48cb91736cabe,9,N/A,177870
2e7880a42f71e5d8,10,N/A,192931
00e3fda72f6ab604,2,N/A,83144
2685cd15aec28a2f,2,N/A,83144
55d160308687f2e1,5,N/A,138982
2c2ac87e0addf2fe,10,N/A,192931
294d001f7c6cd184,5,N/A,138982
4e5da73257399084,7,N/A,171772
12333460e7497049,8,N/A,176528
2643353b84686c2c,3,N/A,84689
13c362b4419d9260,9,N/A,177870
05a2b72328e67b81,5,N/A,138982
0aafff6625aa995f,5,N/A,138982
51ea6fbdf8fedbf9,4,N/A,126637
2f21604434a9720b,4,N/A,126637
419db9226745d044,2,N/A,83144
4bc12edad92cd89c,3,N/A,84689
296b0b48391b9091,8,N/A,176528
41d3c1a3802e2792,7,N/A,171772
4d9e7035e92b1558,3,N/A,84689
529d3782f0c51013,1,N/A,62798
2fcfc2d446ee3ec6,8,N/A,176528
217854178c9e5cb8,5,N/A,138982
04781099e7d529e6,1,N/A,62798
316eee426fd063fc,4,N/A,126637
371c0402b1a08e01,7,N/A,171772
3a7b4ac00e6704a6,10,N/A,192931
330679d64326537d,3,N/A,84689
3978d2d98e59e353,0,N/A,20409
268ab119efd246ae,6,N/A,151942
368198c8718a6c20,3,N/A,84689
41f8d789ba30a28f,2,N/A,83144
1581f88bbb45407d,6,N/A,151942
3284d32737b876d8,0,N/A,20409
52a5be3bf63b6e3d,9,N/A,177870
083c90747795bae7,4,N/A,126637
1114e4126ab259f6,2,N/A,83144
0d05b12fe2190572,8,N/A,176528
0d3c0943816b6857,3,N/A,84689
4c05d2403294776b,4,N/A,126637
03cfbdc8eb7399ab,1,N/A,62798
05fbe037f2364a39,5,N/A,138982
544d60befa1ad2b6,2,N/A,83144
30afc07d0e3a7164,5,N/A,138982
51e94a56da026fb6,9,N/A,177870
2ba85138defabf25,6,N/A,151942
302db7376afa8a11,7,N/A,171772
419d3ef6bb44ea8f,9,N/A,177870
399d66c5bc066668,0,N/A,20409
481a66f9d73170b6,9,N/A,177870
0f9e6c949eb98bef,1,N/A,62798
31138cf5d0eb8aac,0,N/A,20409
2a2ea11ef6627cb5,2,N/A,83144
3a86ac18716911eb,3,N/A,84689
0800844943f6672b,3,N/A,84689
4fc7ff1c945ee21a,5,N/A,138982
0682f2d5ac0ba4a2,6,N/A,151942
4e0ab4060f7aa6fd,8,N/A,176528
0808a1b69535590f,4,N/A,126637
25d4efa229b2dcc1,1,N/A,62798
3147b63d4aa7284f,6,N/A,151942
11c8a49c7630f26c,5,N/A,138982
49c8a7a287ea7ead,9,N/A,177870
005983a242b6ab80,3,N/A,84689
299ec260948b1727,0,N/A,20409
0f84a8902a7bb57e,8,N/A,176528
12a4ecbd42ddc18e,0,N/A,20409
4701f9038e1d97ce,9,N/A,177870
2f687c1eb2d33bb9,7,N/A,171772
05cce7e6ea6ce3cf,7,N/A,171772
4a087968d1d227b6,9,N/A,177870
384afbcc39f77a49,3,N/A,84689
4fa68ff7e6f21242,10,N/A,192931
109a4fd642313519,6,N/A,151942
30f89a94e98cd78f,7,N/A,171772
333970ee83a082e3,4,N/A,126637
3b33557c091af213,4,N/A,126637
16e45d41f39bfefa,10,N/A,192931
0a7a17fa6330e2e7,8,N/A,176528
01e5d29ae93a19ef,7,N/A,171772
102d689f91b6365c,4,N/A,126637
2549ebd8fe00d77d,1,N/A,62798
120784b10f84b4fd,1,N/A,62798
4a29246c36fbd3ed,7,N/A,171772
36d5fc822f51d86c,0,N/A,20409
3105b306b40383ab,7,N/A,171772
44a34f1367ab32c3,1,N/A,62798
01f8d654004dc140,3,N/A,84689
05fe3d80a8f76ae1,8,N/A,176528
272a14c9f4ae92e5,2,N/A,83144
39787496fe5d20eb,7,N/A,171772
2af0bf8af320c3da,3,N/A,84689
3565455690fec49d,8,N/A,176528
37fd6e520e58ecba,5,N/A,138982
4799bc785b9a8220,5,N/A,138982
1516c8f6942bb8ee,10,N/A,192931
55e808f9b7bf7fed,5,N/A,138982
16d527aafb03ba53,4,N/A,126637
10c795756ea5fb9f,10,N/A,192931
513b92e4455425ed,9,N/A,177870
2a29968ba0df9f0d,3,N/A,84689
28268b3b33837cc4,10,N/A,192931
16188891c1b66c92,10,N/A,192931
4f73d180fe3ec79d,9,N/A,177870
3d976054cb82b4a8,5,N/A,138982
35ed2775b577cfc0,0,N/A,20409
065c533e37470139,6,N/A,151942
2e16a9fc5d262640,6,N/A,151942
54902210f2e08c42,10,N/A,192931
4cd2be8bbd74a1b4,10,N/A,192931
2d8dc3c275487417,4,N/A,126637
3aa1c633f08f2655,9,N/A,177870
45f8eb405a4952bb,4,N/A,126637
186a1be2922abc1f,8,N/A,176528
51bb3b33583cd818,7,N/A,171772
2dcc1d2557f99d51,9,N/A,177870
0e3aa496fcca710b,3,N/A,84689
481e9d45089cb2ed,10,N/A,192931
172f80e06b6fe4dc,7,N/A,171772
1675e92b9d7a5a3a,10,N/A,192931
27f91a178f474d49,3,N/A,84689
0a05495d288a8a0b,4,N/A,126637
169af6d68be817e8,10,N/A,192931
135aa80edb834e13,2,N/A,83144
0b4fed366cf3ac5d,5,N/A,138982
3d74554df4c63394,7,N/A,171772
3cef5ae999146e1d,2,N/A,83144
4c6b6b4b52a914bf,7,N/A,171772
4f465e6564b9d214,5,N/A,138982
0e5f6d132370b229,6,N/A,151942
4560fbdbc17b08d8,10,N/A,192931
0b7864763e8b676a,5,N/A,138982
0980a97b4f1f8911,8,N/A,176528
4cd8830fdb27b556,3,N/A,84689
08c7f5c884261b5a,2,N/A,83144
09b4449e5ba59783,0,N/A,20409
47cd5570723be5b6,4,N/A,126637
344d01369f5018f6,3,N/A,84689
5020dc9d84a13119,8,N/A,176528
03a931620018f54b,3,N/A,84689
071bf381314df902,0,N/A,20409
5332d7119a0c76c6,6,N/A,151942
4f0737551e624740,6,N/A,151942
333e6d0e408714fa,1,N/A,62798
0ac26a34245593f5,2,N/A,83144
11e4d0c8d643e5ca,1,N/A,62798
16d3985ae42d87ec,2,N/A,83144
2e6f8bf3f5b17662,5,N/A,138982
52fd7b5aa81f7cd9,7,N/A,171772
35b9533deeec526e,7,N/A,171772
10d37479da88a0d8,8,N/A,176528
13c6402d624c63a6,7,N/A,171772
0a73fa2f5bb1ae73,10,N/A,192931
4d1445a2d46be119,7,N/A,171772
30b774e11b5c6005,0,N/A,20409
450a492ae49c70f7,5,N/A,138982
477d2631e0778a42,1,N/A,62798
2df9eacb64941902,3,N/A,84689
5605430839473ef1,4,N/A,126637
2a898aa7fd1ee61b,10,N/A,192931
146d1e126a66a452,6,N/A,151942
3a6dc23a46e42b5c,10,N/A,192931
23540e1f53c2fbb3,10,N/A,192931
249a674d0f91f49d,2,N/A,83144
2475e51f2f8ad2d2,8,N/A,176528
04d8967156e0cbff,8,N/A,176528
1337f1da90d82260,1,N/A,62798
47872dcd1e8f5b37,5,N/A,138982
3e61dae3ee33903d,9,N/A,177870
0ac76ee19dffe210,4,N/A,126637
2c88f717e703f1c0,0,N/A,20409
2afb36dddd82e2a9,3,N/A,84689
4b97921cfd3a0c72,7,N/A,171772
4733e94038214ad5,8,N/A,176528
439cb9f6ad9890dd,2,N/A,83144
469df0ad864af54e,7,N/A,171772
0ca425ba6143b93d,7,N/A,171772
4f90b671663ce2c4,2,N/A,83144
2f861aed654b50e6,10,N/A,192931
378e24c3871f5b21,4,N/A,126637
54fa745a705a5b26,1,N/A,62798
45ec0b24de51d80a,6,N/A,151942
515097d40d45a9af,8,N/A,176528
4aa88f03e65df886,7,N/A,171772
0cb40fb46b0f20c5,10,N/A,192931
3dc4b49695f56415,7,N/A,171772
2c3abff29a0e202d,1,N/A,62798
0b637d1631fe17db,4,N/A,126637
54733051554314ef,9,N/A,177870
3da06e0ba5d7fda7,7,N/A,171772
0ed34b14a9920f12,5,N/A,138982
2f318faaab634395,1,N/A,62798
2f4da297473a616b,10,N/A,192931
423f18efb38c0ff7,9,N/A,177870
2568cfd0836e9885,9,N/A,177870
4ddc4bda9e9612b8,10,N/A,192931
34abeaa1c9bd3cf0,4,N/A,126637
30322cb727f827da,2,N/A,83144
3d2436684e472ea4,8,N/A,176528
216582599b054e2f,9,N/A,177870
3504725c1bfaab91,9,N/A,177870
02dfcbdd15543028,7,N/A,171772
3597dd6c69c10cc0,10,N/A,192931
02d8a9bef0bcb317,1,N/A,62798
4a060ba2071bbcde,1,N/A,62798
514ea5c7293439cf,7,N/A,171772
28d4ec5d3bfec53f,2,N/A,83144
0ecd4148b171cb61,0,N/A,20409
10a734fa0f74c5a9,1,N/A,62798
088c94a320154f08,10,N/A,192931
3284761eecdb115a,7,N/A,171772
42f13af3575b8e7b,6,N/A,151942
243af6b3b21a8216,8,N/A,176528
295d2d1e5f08995a,6,N/A,151942
109207c782cb7bfb,9,N/A,177870
27f7c0ac7b920c69,5,N/A,138982
4b3219c83376b2b2,3,N/A,84689
0b6ec7a72d013c50,10,N/A,192931
433b35492db6cdbb,4,N/A,126637
0a487e4e01ab3db8,7,N/A,171772
4cfe9988c9611b72,9,N/A,177870
15d8c174d7898fc6,6,N/A,151942
24124420607c15db,6,N/A,151942
4c0c047d62d9e890,3,N/A,84689
28d39fc819e8cd16,7,N/A,171772
5855363a17d28d0c,1,N/A,62798
3b9ed0a1097058c8,4,N/A,126637
32d9727b1af44596,8,N/A,176528
4be389728d89fc9f,6,N/A,151942
5323c2c07757661b,10,N/A,192931
26e3586e86fbc593,10,N/A,192931
0a3f09d695ec61e1,8,N/A,176528
0045e1a98ca72ce8,8,N/A,176528
2bb03af8f05da34e,0,N/A,20409
48be4175d8c861b5,8,N/A,176528
03340f02b624a3f7,6,N/A,151942
27e82416c6e7dd3b,5,N/A,138982
0026ac2a96735d2c,10,N/A,192931
0998ee1ec4d055b0,2,N/A,83144
14c01542fc46d839,8,N/A,176528
0b5a83032f74641a,5,N/A,138982
3c8e63f76df96d65,5,N/A,138982
4c4952b513d2eced,2,N/A,83144
2d2778fc517cb2a0,0,N/A,20409
4202da7a919c4a89,5,N/A,138982
2f1b6ead41ab101a,7,N/A,171772
314a4d19c5c3b06b,1,N/A,62798
442609d686ecbac5,9,N/A,177870
4cdc3b27ca6c07a8,5,N/A,138982
0163cae9ac7ca0ee,5,N/A,138982
13d8f19b201e78dd,7,N/A,171772
040bdd07682730b7,10,N/A,192931
0bd4d207716727be,4,N/A,126637
52ad5652747b832c,8,N/A,176528
35e756de2b45b829,1,N/A,62798
547ae4764849a133,7,N/A,171772
14128e2d2628c8f8,9,N/A,177870
2f3e962a89c89b74,4,N/A,126637
3491ee78eb70ddc3,1,N/A,62798
0c304a01b873c566,3,N/A,84689
45707c8c4a052a26,10,N/A,192931
0a6319d86d221825,4,N/A,126637
534f146bb8748130,7,N/A,171772
36117be399194794,6,N/A,151942
06cdb67873ca54f6,9,N/A,177870
1724eb67d216cc82,0,N/A,20409
493a88548afaf7c2,0,N/A,20409
281ea1d1fd6b7140,7,N/A,171772
2e78ba8df51f2316,5,N/A,138982
2585dcf5d9c1f0ea,5,N/A,138982
026fecc5c214302d,10,N/A,192931
4dc8786b75896b5a,5,N/A,138982
093457b7cec0e46a,1,N/A,62798
25ffe5465a52db0e,8,N/A,176528
4197f4f51c874a0d,5,N/A,138982
42e6f364ef8fabfd,9,N/A,177870
3230f5824c0e6002,6,N/A,151942
076260cf2fb8d354,1,N/A,62798
41567c14e8dc8898,6,N/A,151942
2f7f71077756cdc5,3,N/A,84689
3e07a32abe1ab85e,0,N/A,20409
4e91364ad2e30834,6,N/A,151942
125b30cddc916f80,8,N/A,176528
45643d0c2cad44b8,9,N/A,177870
415b525f5804f3ab,10,N/A,192931
414defa42f939588,10,N/A,192931
06a419f5c9e495e4,10,N/A,192931
155a598da4482959,1,N/A,62798
100e3aca5f3d5903,7,N/A,171772
2f69d09859468079,6,N/A,151942
277b177f8e205580,4,N/A,126637
33ef4b3afa4045b0,2,N/A,83144
0e9cba8beaa0493e,10,N/A,192931
236ea48284165e96,6,N/A,151942
423d30cf26f50cc1,5,N/A,138982
43728d83ea66fbb2,4,N/A,126637
102de341a890b673,5,N/A,138982
4e0b3114be277187,3,N/A,84689
30188c69c5d043f6,0,N/A,20409
01706f052df9aaf2,4,N/A,126637
24f2a894831b3264,10,N/A,192931
3a922dfc354416f9,4,N/A,126637
097c50d5ae1979e3,6,N/A,151942
478fe8e32da1fefb,3,N/A,84689
0a8f6a041d0b5616,8,N/A,176528
3207ad4c0a25f9fb,7,N/A,171772
03af25ece18a4601,7,N/A,171772
3d41eae7adb1bceb,1,N/A,62798
41d1f4da6b7cd5ca,5,N/A,138982
35a376c414e2a384,8,N/A,176528
4b91ec6be04108d1,0,N/A,20409
4930af21c3cda5c8,5,N/A,138982
4925400fb0d6651a,8,N/A,176528
25c37940b476f1b5,5,N/A,138982
058feeff70e72d4a,10,N/A,192931
349e90673122da85,8,N/A,176528
2e3bbc489b3b24ad,8,N/A,176528
2b8d7f5bd3739ef7,1,N/A,62798
23db5d373de26ac8,2,N/A,83144
010adb2133d36e47,4,N/A,126637
0f215411b51edbbf,0,N/A,20409
37cf6d7af9d0dbab,4,N/A,126637
53b81f11d64d2247,8,N/A,176528
53a1cfaa63043256,0,N/A,20409
36e73e386cc6c23e,7,N/A,171772
50845f2b1ff78cca,7,N/A,171772
4ad4385d70d387d6,0,N/A,20409
37396094074be7c1,10,N/A,192931
0dc6f735760a2089,9,N/A,177870
335d4371402ffa2a,0,N/A,20409
02ecd3aec3ab2c1e,7,N/A,171772
4f2f0778835de77d,5,N/A,138982
48b4e44625d3b47a,2,N/A,83144
582dfaebf8ddb296,0,N/A,20409
256f372b0b064292,0,N/A,20409
033a20401a73d5f5,2,N/A,83144
0c90f06966955bbb,3,N/A,84689
1716659438eaba19,10,N/A,192931
2eb621370fe89eb9,10,N/A,192931
068f7ab4e810af5b,7,N/A,171772
529349fc50c02678,8,N/A,176528
07d4db6bc6e0e911,3,N/A,84689
419abc8de68688d6,2,N/A,83144
47a185d1817b8c34,5,N/A,138982
1794420f4d6ed9cd,9,N/A,177870
4d80f1e251026389,8,N/A,176528
10d98048c8ecb8dc,2,N/A,83144
124e139fa9f542fa,4,N/A,126637
345eafd6f57b7e61,8,N/A,176528
11814e8d44fe35a6,4,N/A,126637
561cfeaf42fd8738,1,N/A,62798
149f2a2ea0c218eb,4,N/A,126637
25cb7d2570d4240d,3,N/A,84689
4b9e732dd2df202c,4,N/A,126637
11dfc0d1d0eb99b6,8,N/A,176528
15a3c3458ef77fad,5,N/A,138982
3ddb9cf12b4be581,9,N/A,177870
041f8b8a80463a66,2,N/A,83144
2d0599a7aaad9591,0,N/A,20409
234873808179d35c,5,N/A,138982
2785a82bc4e63060,7,N/A,171772
283317256272df5b,7,N/A,171772
177356686a69ffb8,10,N/A,192931
480791f172c00229,6,N/A,151942
030aeff831f46a15,2,N/A,83144
3504582805d4dcc1,4,N/A,126637
16b940a23798b0aa,2,N/A,83144
53afdebacba17661,4,N/A,126637
3577138a8300b566,7,N/A,171772
09a0e10688280bfc,10,N/A,192931
3b8dcac6107c11f2,2,N/A,83144
31c084d4a3c5f6ac,8,N/A,176528
33804d9ef93a273b,9,N/A,177870
02f7e9fa39f51e9d,5,N/A,138982
521fa72ba51a95f7,8,N/A,176528
10ae5fc03ba8eaf5,2,N/A,83144
275bb7cfdef73eeb,4,N/A,126637
308b59ca04b7edb1,4,N/A,126637
42902d4f046325d2,9,N/A,177870
4742271e03c237c6,9,N/A,177870
2198c418a32ed82c,7,N/A,171772
06954e6a417dae1a,10,N/A,192931
230d7d4955085ce2,9,N/A,177870
4ae6fbedf7f821e5,2,N/A,83144
02bf64d9a81f4de1,6,N/A,151942
302584a394042cb4,9,N/A,177870
3a6ebd52e9b7c7c0,5,N/A,138982
4401fb773cba8fa2,9,N/A,177870
54d197505e958cfd,5,N/A,138982
0c147ea7250b24d8,3,N/A,84689
07076f98c89eed7f,1,N/A,62798
0eb4765f58ea76d4,1,N/A,62798
5101f613c3b94e57,9,N/A,177870
148f5eca21612e45,9,N/A,177870
0144ab987c9ec56b,2,N/A,83144
1278483f06d8458d,10,N/A,192931
25bf6071930baa46,6,N/A,151942
0ef90e1897a14e60,1,N/A,62798
06f7e224f5a1315a,1,N/A,62798
2ac832bc1b02c72c,8,N/A,176528
118695f112c92c11,7,N/A,171772
2972bbe5dda28e77,4,N/A,126637
33b71dd6168bb418,4,N/A,126637
05a07cc4d7e09348,10,N/A,192931
55441016ddb1afd0,5,N/A,138982
284530a25df1fd1f,10,N/A,192931
52e0ff2589fb56bc,10,N/A,192931
105fc53ac6083e99,0,N/A,20409
11687677a4f53e9f,9,N/A,177870
527b5d9c21862711,10,N/A,192931
2beb4c1ea292be8c,4,N/A,126637
4658ca4d90cd04ca,2,N/A,83144
11e0376e2baf2707,4,N/A,126637
53a948ac3fbae8f3,0,N/A,20409
12db19a98edf4482,6,N/A,151942
075fc94d9ca82510,9,N/A,177870
5152cf92e27b20ae,1,N/A,62798
0df94500a2e4a8bc,8,N/A,176528
2c7546cfba95cef7,0,N/A,20409
083307f6e4393edd,8,N/A,176528
482ff97984e02908,9,N/A,177870
11045b1a9a87f0ef,3,N/A,84689
477929a2216ea753,0,N/A,20409
0608796a128e870a,7,N/A,171772
2b62f237440ec145,7,N/A,171772
3266cda9d472582f,6,N/A,151942
2cb2bc3a6acd934d,2,N/A,83144
4d055ada801893db,3,N/A,84689
17ad47576c41075b,5,N/A,138982
092656e36631b139,9,N/A,177870
0391dc4f5bb16e70,5,N/A,138982
2cb0d501bd8b7f0a,10,N/A,192931
3dca2c702abae817,8,N/A,176528
33f6869f314040e3,3,N/A,84689
2e266cb83423d4d5,4,N/A,126637
3873b469f82bbcc5,2,N/A,83144
3634f90dadd1335b,1,N/A,62798
17b555749c65c824,6,N/A,151942
527f3bfd8f1b8e46,1,N/A,62798
12fc211b1b80d43a,8,N/A,176528
2bd7f6238ac4e84e,9,N/A,177870
4f10d18b2cc58403,9,N/A,177870
55b094bf35c8d4dd,6,N/A,151942
08fa8220006fa068,6,N/A,151942
00accecf859a530a,1,N/A,62798
2d6d4c29a4e632ef,3,N/A,84689
534598696d40d72a,5,N/A,138982
2f9753bd4d1e1f64,3,N/A,84689
4b5ab203b88688ac,10,N/A,192931
36ad554e436ff239,3,N/A,84689
3dd1a6a37d57384f,4,N/A,126637
248b8bb206aead83,5,N/A,138982
456394d2e3d10929,8,N/A,176528
3a78f9c1e2221a95,4,N/A,126637
52fc54f950ad5f12,5,N/A,138982
07561d4526b1938c,5,N/A,138982
267d84bf22260c0f,4,N/A,126637
26eb00247dda5015,7,N/A,171772
00f72b8b66b80165,2,N/A,83144
375d8f3824c32179,0,N/A,20409
39b7b7799d3c8e83,10,N/A,192931
0789ef6344c1a324,10,N/A,192931
318f600f9ceb286a,6,N/A,151942
05338c1c63eb2ae4,10,N/A,192931
55e7e3b6f550db91,0,N/A,20409
018a65f43a7d9a82,1,N/A,62798
472c9fc6eaacc83f,6,N/A,151942
11fe5ce280be003f,7,N/A,171772
27bdc2e84731bc4f,1,N/A,62798
4225baec52112811,2,N/A,83144
31030f507b7ec984,4,N/A,126637
499fdf6f47e3a3b6,1,N/A,62798
4db0016c2229a254,3,N/A,84689
553ca7840f8184e7,9,N/A,177870
10e926923143fe56,3,N/A,84689
0f3aec97a2490ce6,6,N/A,151942
35a45491467ff0c0,7,N/A,171772
41a3c00704911713,8,N/A,176528
300a159bb06718d9,9,N/A,177870
0fa95883ee4ad0f6,6,N/A,151942
514f50af2d51d38f,2,N/A,83144
16b5747013d2d630,4,N/A,126637
33fd2826cfa91698,3,N/A,84689
2caa4200e83788bf,9,N/A,177870
2b930e6ac8eb570b,1,N/A,62798
07b1ef4cb759334b,9,N/A,177870
2d004a1da548dc6f,4,N/A,126637
3a4f7220d5c28ddf,4,N/A,126637
27fb5f82cae01739,8,N/A,176528
0b54628fa1f0f10b,8,N/A,176528
554324a53c6c770d,2,N/A,83144
0a001ec762863a0b,8,N/A,176528
4436a968bdf2ffa1,10,N/A,192931
337231fd774beb9a,0,N/A,20409
327ad13ea438a616,9,N/A,177870
16f759157f5a95fd,10,N/A,192931
4fd1942032b647d0,0,N/A,20409
5205ca4189191da1,9,N/A,177870
121d97126f62f93f,10,N/A,192931
449fb6c8a28228dd,3,N/A,84689
4b172a443b4f5d57,1,N/A,62798
264dbe9b6feb49a4,3,N/A,84689
10377eedaf6f67d9,6,N/A,151942
35b19fec0553ac63,1,N/A,62798
48814ced5e8055ad,9,N/A,177870
3d0cfd5172caae53,0,N/A,20409
3e07b473a57ebc35,10,N/A,192931
0071b1af96383e65,8,N/A,176528
2e0097c3312947d8,2,N/A,83144
0a7c7d7c0ce4e3a6,4,N/A,126637
550c6b83c969e63c,0,N/A,20409
01f730f20937756e,2,N/A,83144
43471db2e373fb6a,9,N/A,177870
46dde0e9b0597d02,2,N/A,83144
425cb377e61ee1da,5,N/A,138982
23038b3fc9c7c72e,4,N/A,126637
5032f6234cfcad48,4,N/A,126637
2405575e268c3a39,4,N/A,126637
3bf8b69e1a5e933f,9,N/A,177870
2654c1a5d8ed94d9,6,N/A,151942
2fb030fbd07eca22,7,N/A,171772
2407fa60c0370d9d,9,N/A,177870
4143f3c5a2ede76b,7,N/A,171772
4782ef6c1c3f9446,6,N/A,151942
0c119fa251b2c29b,8,N/A,176528
4973b512ae611639,6,N/A,151942
41987e86ec1b2831,10,N/A,192931
52dabb0dda0f4707,1,N/A,62798
0e75b35fe47d7ff8,6,N/A,151942
31f2d10cef466f5a,2,N/A,83144
501130820ad79471,10,N/A,192931
22f50a4296cb7f22,6,N/A,151942
53d2038924a9d166,2,N/A,83144
3bf94ed2a8ec8382,4,N/A,126637
0ae62f74826c373e,4,N/A,126637
44cf9f94e15413d3,6,N/A,151942
122203252423bd3d,8,N/A,176528
01a231c8fc5c7e29,1,N/A,62798
4b4afecbab454a6e,4,N/A,126637
351ed88f49115fb9,6,N/A,151942
05be1c1fa0ca9e41,1,N/A,62798
0ea25463acb311a8,0,N/A,20409
330544e82390f0d8,6,N/A,151942
2cc9d27a34512dfd,7,N/A,171772
4ce12805c1dcc58b,7,N/A,171772
53c0e4edd6922cec,5,N/A,138982
479937cb0eaa7e3e,4,N/A,126637
4fc7e1161495f579,2,N/A,83144
09c46d1895f9a798,2,N/A,83144
2b19532b24070b09,9,N/A,177870
1387fc12ffd3244c,5,N/A,138982
286dd5c4705148eb,4,N/A,126637
2c762d47c518c7ec,0,N/A,20409
0ed5d7d87259a870,5,N/A,138982
05001dcd2646f992,0,N/A,20409
50e3fa25b50336bc,7,N/A,171772
304de3890d8c56ae,5,N/A,138982
52a05710f4122c4d,9,N/A,177870
341bd8d14adfcd49,5,N/A,138982
042054414e27c2ac,2,N/A,83144
49d4d847915a2234,8,N/A,176528
551e51692c590ba6,2,N/A,83144
017974ac4ef6a4bc,3,N/A,84689
458bc2b4fcb42a61,4,N/A,126637
0955aaf0890a672b,7,N/A,171772
468d7534d85daa1c,7,N/A,171772
421bf6b94fc82621,9,N/A,177870
3b21cfa5d603435b,10,N/A,192931
014ed634f72ecf78,3,N/A,84689
3dad55e8d0c97c36,0,N/A,20409
43a2f0269283a45d,4,N/A,126637
2eef010bbdf6d200,1,N/A,62798
3b78573a70f51166,2,N/A,83144
234900ffe3cc4288,3,N/A,84689
0a7d7e1495d8b299,4,N/A,126637
07572113072efd93,0,N/A,20409
47db40e0cf9fb9c9,9,N/A,177870
336df68b5dc17f23,0,N/A,20409
0f0234fe06df6645,5,N/A,138982
45670c4e5be77aea,8,N/A,176528
46c00b6133b28da4,6,N/A,151942
023f7ecf1ebc5fbb,8,N/A,176528
504da3348109029c,9,N/A,177870
44f728f85207cd29,10,N/A,192931
4288631c1b975cc4,9,N/A,177870
248683f3fe63423f,10,N/A,192931
145a77a55e7e04c2,5,N/A,138982
16b24651ca63ae6a,8,N/A,176528
267e6ff110e9efa9,2,N/A,83144
00440f1714cc3b8c,9,N/A,177870
3144bee98f52e4b1,5,N/A,138982
0346beb9a2136988,0,N/A,20409
091dacc8a50fddd4,6,N/A,151942
11eb4023e996ccce,7,N/A,171772
4c8c676ec9fd329c,4,N/A,126637
3b0c57ce12ef228e,0,N/A,20409
2dba9931364d92cb,5,N/A,138982
3b7737ab8b37f6c3,0,N/A,20409
3a4f5901e881c32b,10,N/A,192931
3a225caddeecb6e8,8,N/A,176528
48907b004f27baff,0,N/A,20409
13fb653a2c0153de,1,N/A,62798
2ad49da36a950864,8,N/A,176528
4240a082491505d6,3,N/A,84689
3a3d1a45ee1c0bff,9,N/A,177870
3a1872e1901acc21,2,N/A,83144
4d00bff0534325ad,10,N/A,192931
381aa07bb78b229d,1,N/A,62798
4f325ef46333b04c,6,N/A,151942
3a7140d60172ad62,10,N/A,192931
07ba74dda2c2cdca,7,N/A,171772
2d3f5efe56c871c1,5,N/A,138982
004cf6a4880f4d12,2,N/A,83144
2a981ff4627b55c9,8,N/A,176528
33d0a67a8001f02b,10,N/A,192931
03c2e0417201b19a,10,N/A,192931
0a4b157a7ddfb045,3,N/A,84689
48759f5cb4d56c0c,1,N/A,62798
49dc3be052b80e04,9,N/A,177870
0d6654f4f8f08334,5,N/A,138982
25ca789e9749f22d,10,N/A,192931
4f6cf01f688f2772,10,N/A,192931
4905e24bf7ac912e,6,N/A,151942
3c6a2c9ed69a77e0,6,N/A,151942
173d6e3aaa09ce7f,10,N/A,192931
2b7b655abaed32ff,7,N/A,171772
3c157cf935581a70,3,N/A,84689
44b785b45be3f4c7,5,N/A,138982
37c02c77253f197c,2,N/A,83144
14fedd150353fac2,0,N/A,20409
494a789a2571b828,10,N/A,192931
4624f315c3ca2a4b,0,N/A,20409
469a968aac55a426,4,N/A,126637
019ea579f32faecd,9,N/A,177870
252af3d848589183,9,N/A,177870
448a05405bbb928d,3,N/A,84689
3a50f315b1abb240,10,N/A,192931
423447b059c1b5c1,6,N/A,151942
3b29535d137cf82a,5,N/A,138982
5052245527253c2d,0,N/A,20409
3e6cbd5385173edd,1,N/A,62798
0fa5c2868a9b316b,2,N/A,83144
4e670cb3a14c727e,9,N/A,177870
2b7038215fbb201d,2,N/A,83144
2c3860045c2e9cea,5,N/A,138982
5522a2e199ba9d51,10,N/A,192931
14d7f907604c8511,3,N/A,84689
3e060366f3707490,2,N/A,83144
155247c84a72d259,5,N/A,138982
3794345ffb237b78,0,N/A,20409
4e9726317c8e7714,0,N/A,20409
00353a6000f2bdcb,2,N/A,83144
01d67884f9034c67,2,N/A,83144
0cf5db64729601a6,10,N/A,192931
0ccb01aba8f7621d,5,N/A,138982
050b6aad8502d8db,7,N/A,171772
4bbd127970637263,4,N/A,126637
2ee3031e25480b65,2,N/A,83144
1040145275e7b8a4,2,N/A,83144
479ddb42cc685028,6,N/A,151942
0dbe25c5114b2480,3,N/A,84689
11a3ccda32eba453,10,N/A,192931
4b18a6665abe13bb,1,N/A,62798
3c67575e05f2e780,6,N/A,151942
4e0432ee77a7bd2a,1,N/A,62798
32a12362697aa40e,2,N/A,83144
3da319f07f3dfb21,8,N/A,176528
51b6c2a1a6c79e87,10,N/A,192931
48d82bd08b41a17e,9,N/A,177870
39ce583e3483be96,8,N/A,176528
29bf7eef3b5edeaf,9,N/A,177870
0e619f77f3895b10,10,N/A,192931
1422fbc032727ec5,8,N/A,176528
042e572e02827d13,5,N/A,138982
3ad8108de0ebe52c,6,N/A,151942
35d5550cd9f89c96,3,N/A,84689
29c01c360f0c1b12,0,N/A,20409
47ec587658d4c030,9,N/A,177870
48fabe2f5c35a616,9,N/A,177870
2427a52db308e048,4,N/A,126637
4596ccc4281d70d1,4,N/A,126637
0335cfea45795421,0,N/A,20409
415be6325ba76fa0,2,N/A,83144
26cdd8afde425cd4,1,N/A,62798
4cae5422e33920c3,4,N/A,126637
2ca0852b3dcab2b6,5,N/A,138982
37ff8d5248f7e4a3,8,N/A,176528
08a04198cf2485ea,1,N/A,62798
2351ff4cc5c7f773,8,N/A,176528
075fcc484d96018b,10,N/A,192931
2774b48991d93422,8,N/A,176528
4f98c5e6a34ac3ab,4,N/A,126637
4b4f737a2363e2f8,9,N/A,177870
34b4cc4d00bbd587,7,N/A,171772
34201cc11ea700b1,2,N/A,83144
3bd55d2a784f087c,2,N/A,83144
231142fe78f7702c,9,N/A,177870
05d847ff17ce833b,9,N/A,177870
30a0ed4e6896507b,1,N/A,62798
13e80ada0facfd54,7,N/A,171772
0295fd3130313792,8,N/A,176528
4fedb80729d42710,6,N/A,151942
009e3813fdd06384,8,N/A,176528
0280dfebc01ee4a5,1,N/A,62798
0d03dcfaadee9ecd,8,N/A,176528
163199f78a91c06b,10,N/A,192931
34df83850b4c2f2e,5,N/A,138982
2cd93644ca4ba0f0,7,N/A,171772
2960b723a9d7ffe5,3,N/A,84689
0fb76319fc08f99b,3,N/A,84689
1674c0322c4dbd3d,9,N/A,177870
040a3963ba739cbb,1,N/A,62798
0f22ad8f8a867468,8,N/A,176528
43f36df422a7d7ca,7,N/A,171772
50fda87428662a27,10,N/A,192931
36d5eb0c43df8cda,3,N/A,84689
069af0df58d324b0,5,N/A,138982
0d5b69646a9bec29,2,N/A,83144
36d1fb4a72475bb7,4,N/A,126637
43d79cd689cd6e2b,7,N/A,171772
4e2ea6b9063c7fa8,0,N/A,20409
01be612124f5ea28,0,N/A,20409
0c34b39fe97186c9,0,N/A,20409
12c09a08c7afe196,8,N/A,176528
2a26e004e9c19edd,0,N/A,20409
05bd7397b37869a0,1,N/A,62798
3d13a9dcfb1b1b04,10,N/A,192931
54d6a3cff4e6838e,1,N/A,62798
16623518e250b8a5,2,N/A,83144
367c657e0fb32dfd,2,N/A,83144
2a62be8d14738047,7,N/A,171772
4914306eb8f8ced0,8,N/A,176528
34bceefd3184721f,2,N/A,83144
3b601595132a809d,5,N/A,138982
1045775c0bfd6aef,4,N/A,126637
48b17b23406c3494,1,N/A,62798
4a93f9bfbd9cbd74,6,N/A,151942
435205b61bfbc063,10,N/A,192931
072745152d8ade23,4,N/A,126637
2a01938d6b1266c1,8,N/A,176528
0b12220774ebb8a7,7,N/A,171772
44bd3b0b9944856d,8,N/A,176528
174c3d566e513220,1,N/A,62798
52758b6aa67d2aa5,7,N/A,171772
1773246c20507931,2,N/A,83144
2c0b4aafc8462d4a,7,N/A,171772
0f6287a8df2ccc67,9,N/A,177870
4a25ab0e4b894bc8,2,N/A,83144
4264e45564985aef,8,N/A,176528
4c868e2e9bb5f717,2,N/A,83144
0b7c6afec6a646ce,8,N/A,176528
3d576373f519c8c7,5,N/A,138982
1020d53d90e64871,4,N/A,126637
025046c91498d0b0,7,N/A,171772
533c375afca68745,7,N/A,171772
3625adaf961a86a3,0,N/A,20409
0ed8de8134ce9ae1,6,N/A,151942
179f9d7fc5f58b9d,5,N/A,138982
4b00174398d6f9f3,9,N/A,177870
0f5074f471a32837,6,N/A,151942
255ba4b47b35fdf3,1,N/A,62798
29078e259fbd6a96,5,N/A,138982
3928c7f97637d4fc,5,N/A,138982
2e13d207244a1e29,7,N/A,171772
3b860ec969c908bb,10,N/A,192931
0868ed6351e270fe,7,N/A,171772
021c614ecbbc1d36,10,N/A,192931
3831367670ed1bce,10,N/A,192931
309fbff2a52e7450,6,N/A,151942
29685d6ef29fc3a7,1,N/A,62798
04225bda4b3ae023,9,N/A,177870
315df6028f28ffa0,10,N/A,192931
51cc33888f7b72c1,1,N/A,62798
0ff07d35b379033c,10,N/A,192931
424a6ced438cedc8,10,N/A,192931
3823ae14e60a0eff,0,N/A,20409
3db313dde63b9c6c,5,N/A,138982
1195e247ce243f32,6,N/A,151942
22cc13b60068feaa,2,N/A,83144
532a0b510a7e14d3,7,N/A,171772
24c0e40e9a0031ef,2,N/A,83144
4ee7fc805ac08986,5,N/A,138982
02576ac90ce99c0a,4,N/A,126637
153cf2a9480dfc94,9,N/A,177870
4538de9ec04cfc48,1,N/A,62798
0436cc10b9aad3a4,10,N/A,192931
22e6b5eaac8771fb,1,N/A,62798
4f04351ec99ac7bc,8,N/A,176528
1555d18bfb78da90,4,N/A,126637
4461c72afe906c52,8,N/A,176528
4f88d8b703779f9c,8,N/A,176528
46bcc6e3c1024c7c,0,N/A,20409
075f8953165e9f08,8,N/A,176528
2ea800b1cddbb6bb,10,N/A,192931
53ef34669bb176c3,6,N/A,151942
37bc9c44fb2e83b8,0,N/A,20409
4239c685ed6b8b46,5,N/A,138982
0aa6278aefffce51,8,N/A,176528
45ffdc2e4dcd3eb2,4,N/A,126637
002a6535cec242e7,7,N/A,171772
3e15563f3a49d43f,8,N/A,176528
4e684dcd3b9a0b15,10,N/A,192931
2ef0e93064152e8a,0,N/A,20409
4fcc34b20658b033,1,N/A,62798
37960b7454128b8f,5,N/A,138982
2516c41777708474,9,N/A,177870
51dc7f5c7a8c0eed,2,N/A,83144
4938a27cf78a5afd,7,N/A,171772
2262059f207a2905,4,N/A,126637
527ec81f2ce376c0,3,N/A,84689
4ddaa0b1b17b8412,10,N/A,192931
041192312d37c01b,8,N/A,176528
13520976b4763be1,5,N/A,138982
4e47d905f4539d4e,9,N/A,177870
1538c23f0f4406aa,10,N/A,192931
0fbfe5c0f6c44b51,9,N/A,177870
51faf683001b72b6,3,N/A,84689
0f5cee5dd3c1cbf9,10,N/A,192931
41fc746684fbc1d6,4,N/A,126637
38dc184557779c02,10,N/A,192931
331de502114f155f,2,N/A,83144
159f3af5ec11e73e,8,N/A,176528
07b18fb13bd818ff,1,N/A,62798
5508e3be66cd52d2,9,N/A,177870
44df363e6410999b,3,N/A,84689
07101c93f240e513,9,N/A,177870
4fe9d37e997ec1f5,3,N/A,84689
04cdadb9411afcc9,4,N/A,126637
23aeb97ff7c4d934,5,N/A,138982
55e6f8ebae4b0336,8,N/A,176528
27553d21fd4afd2b,3,N/A,84689
55e87edfe2f48944,7,N/A,171772
4b5922e2bee404f7,8,N/A,176528
370e2886ce06a956,0,N/A,20409
0a3d80a27e824c7f,4,N/A,126637
3c1450259e80b398,6,N/A,151942
13e635f9f604d091,1,N/A,62798
306389122fc5f8ae,8,N/A,176528
03762f1f4360584b,10,N/A,192931
36c955c1d476e725,2,N/A,83144
0ab4e054336aa939,0,N/A,20409
36ddeb20493bb7e1,2,N/A,83144
3766ec94b0b85ea7,1,N/A,62798
2aaa948d59f0ef4e,10,N/A,192931
556604cbd8659a3d,4,N/A,126637
2960cb95cab0753e,3,N/A,84689
42cc366315305281,0,N/A,20409
471e4edc06600c89,2,N/A,83144
4dd8a59347af42e9,4,N/A,126637
0f799d82bcf0e8da,9,N/A,177870
4e3ca368ccca62c0,8,N/A,176528
0d8c172ffe1d3f22,5,N/A,138982
45a3cb0881f09ccf,1,N/A,62798
4525d5640a04f2bb,5,N/A,138982
071e61788b079d8e,2,N/A,83144
34ed30b2261612a5,7,N/A,171772
26adb2626fa2b980,4,N/A,126637
4c6192a639e60941,1,N/A,62798
0b0fc70eacd85500,8,N/A,176528
4eb5d7ddef6da692,6,N/A,151942
3574ee65edfcf4fa,9,N/A,177870
54411ca6d544f387,10,N/A,192931
4631a8f5bb6c09d8,6,N/A,151942
4f02d2bf394af24d,0,N/A,20409
25b00fa6bf00aa33,5,N/A,138982
397d606df7219db2,2,N/A,83144
3581842d219a9c4f,9,N/A,177870
2aa83494126d7a89,9,N/A,177870
01ef84855a61773f,0,N/A,20409
42357d6916501bcf,4,N/A,126637
48b5df906e07cda6,7,N/A,171772
10964f0a2d70a472,3,N/A,84689
51e5dc4d36ec0058,5,N/A,138982
1238b2203e692dc2,6,N/A,151942
51ebe6a0277ef89c,6,N/A,151942
124eee0dc67a6871,7,N/A,171772
3b2de0c1e24ac74e,3,N/A,84689
3b1cbafafe60b28d,1,N/A,62798
26340542d3500d0f,7,N/A,171772
5007790d94398b7f,8,N/A,176528
0badc964aadc60d9,2,N/A,83144
48a9670c5782692e,6,N/A,151942
4ff06e1977debb65,8,N/A,176528
23af771c880070f9,10,N/A,192931
094f109cafcaf3fa,5,N/A,138982
003bc39be6236138,5,N/A,138982
2f0d4b4e5659ccd1,9,N/A,177870
37bea38961b7be30,2,N/A,83144
286bdf45560c4a8a,8,N/A,176528
55b78721c0bf82be,1,N/A,62798
42cd5072687ddf3f,5,N/A,138982
537c125964f2ab4b,4,N/A,126637
0f297ddafb2c1ae8,2,N/A,83144
4a2b3c81ebd9279b,3,N/A,84689
4b65d37655bda45f,1,N/A,62798
1363b11a1a98fd3a,6,N/A,151942
5149de65ea97d7d8,5,N/A,138982
0e72759713a9ad96,8,N/A,176528
15958887ed162852,8,N/A,176528
584ff5bf8e25dade,7,N/A,171772
482c3b53acdc4491,8,N/A,176528
10d52206eec2d1ef,1,N/A,62798
3333a35dc9356544,8,N/A,176528
25024a54de7c5854,4,N/A,126637
2fb5d28ec7cb7895,1,N/A,62798
02166269ccd9c9a1,2,N/A,83144
3bb131a2ac85f8c0,7,N/A,171772
0e0ba3a994f005e2,8,N/A,176528
2301b859827c0f01,10,N/A,192931
5470196bdab12023,0,N/A,20409
05c68c271530fb6a,3,N/A,84689
3d251decc04c5c54,5,N/A,138982
547d10265b5a7aad,4,N/A,126637
12e10c378e6e0fdc,5,N/A,138982
04f3ea617cf5a178,7,N/A,171772
4de1f7c35084360d,3,N/A,84689
395e9b0120482a0d,0,N/A,20409
343d56fff78e349b,3,N/A,84689
2de3f630d3bc5ea0,7,N/A,171772
548d4725c930b0cc,9,N/A,177870
13c16e188c2b4fb8,4,N/A,126637
516bd103420b22ee,10,N/A,192931
4f8c9bdb787f01f2,0,N/A,20409
48be97906ca0e518,10,N/A,192931
4b90041b6dea99d7,10,N/A,192931
045e2cbd816907c4,4,N/A,126637
3252129002c9191b,7,N/A,171772
44a09e678c1e42fa,9,N/A,177870
5010227547529790,8,N/A,176528
0b6140379871e599,9,N/A,177870
2b977492d7ef7d6f,1,N/A,62798
3d44698625e7b395,0,N/A,20409
1155672428455aff,4,N/A,126637
48e935721bb9ec30,2,N/A,83144
32b5038f32e3d74d,9,N/A,177870
47331ed0fa9b5e31,2,N/A,83144
12e30ba9367096df,4,N/A,126637
507e363821cea5c1,8,N/A,176528
2b13d8c46bf44607,7,N/A,171772
4a316f3ac7d571ac,8,N/A,176528
0dbbeb05e920c808,2,N/A,83144
34fce311d68ca0be,8,N/A,176528
08d426d81ee3a0bd,7,N/A,171772
005bdbcf50d5a44b,2,N/A,83144
227720a4e6afa938,10,N/A,192931
41c1448035095b32,8,N/A,176528
11604b5b9bd04acf,10,N/A,192931
02205f9c16b7744b,0,N/A,20409
3983a21fc30678a4,8,N/A,176528
0140a6e674d42192,6,N/A,151942
118133b8d064ee24,1,N/A,62798
5191c5be70a5c0c2,1,N/A,62798
36f54eb33c1ce1bc,9,N/A,177870
0d61f9e2e62c38c4,8,N/A,176528
41f65255e6b3b20e,4,N/A,126637
0185ddaf2bd48c0a,9,N/A,177870
41dd9092ffb297e9,5,N/A,138982
22f3bae2d654ec77,6,N/A,151942
3b0e065b47221aa7,0,N/A,20409
52c7b7fd19e4cd3b,8,N/A,176528
22967441489ffaa8,8,N/A,176528
10fa64eb7147274f,0,N/A,20409
54bafee21cc7fe2c,2,N/A,83144
2a2ef211aa41370d,7,N/A,171772
282d9227f2891a41,8,N/A,176528
2fc71c7f8438a4d7,4,N/A,126637
417d6b002c2ebafb,7,N/A,171772
485bdb5ddbb3b6e6,3,N/A,84689
24b7074d8696c161,4,N/A,126637
4e4e05c09dad7b6d,6,N/A,151942
36ad9a18e48e4471,3,N/A,84689
4c66c5202a8db895,9,N/A,177870
4b8310aaa45276be,3,N/A,84689
21bd4fd617182d2c,0,N/A,20409
4d7595c8aef687aa,4,N/A,126637
514c31afbb3a9437,8,N/A,176528
3154bf3fb85ed4f0,7,N/A,171772
44738e16e35a38fc,4,N/A,126637
3896cfe01e76d860,1,N/A,62798
3197a925156d60c6,4,N/A,126637
54dd7efb40cb995a,10,N/A,192931
130a28243060caf9,3,N/A,84689
44949eb71d6ec3a0,8,N/A,176528
48d3ef53ae467d3a,9,N/A,177870
2eeb2f0283ed7efe,8,N/A,176528
07c9db73f9e43db2,5,N/A,138982
2fe2a46b390e5bf8,9,N/A,177870
3c469480c0c8c71c,10,N/A,192931
52d332d3c1d1265b,9,N/A,177870
4262a2390e7ee908,5,N/A,138982
0873febc9ac56549,2,N/A,83144
0b472d433fa9e4e8,7,N/A,171772
35efb6be78f9fc1c,9,N/A,177870
071edb8e658d05fe,9,N/A,177870
28d25a84dd5bc498,8,N/A,176528
512491fc8a7b7989,0,N/A,20409
149c35e5bb18e0e0,0,N/A,20409
34add6dc65b9f9f0,1,N/A,62798
2ffdfbeec79c127a,3,N/A,84689
552765339fd568bc,5,N/A,138982
27e20378ea6ea579,9,N/A,177870
34fe68282c39f326,8,N/A,176528
0508df5eca66b50f,1,N/A,62798
0b77dffd3260d145,6,N/A,151942
0a4d03fad6634b13,6,N/A,151942
25b7cd7eb569a5f7,4,N/A,126637
2cc3419d46eb357d,7,N/A,171772
0e6269bc3462f20c,9,N/A,177870
38a6e5e34161b53e,8,N/A,176528
46cc05145fb71653,0,N/A,20409
315c333db0b06679,1,N/A,62798
2968ef1d3f0fecce,7,N/A,171772
0aa694d25371bcde,5,N/A,138982
2fb977be71edd851,5,N/A,138982
46d80b1109759918,4,N/A,126637
297966f3f52b7712,2,N/A,83144
4ce1879db581b2b5,0,N/A,20409
13e5f5fea03e96af,6,N/A,151942
55a7eca935ebcbe9,5,N/A,138982
15242eae924a2833,8,N/A,176528
0a2568df63a2b1c4,2,N/A,83144
4ececeb019e0e547,1,N/A,62798
53a9b36fbde88344,5,N/A,138982
50c1de2fb06f732d,0,N/A,20409
0dfb1a3c15bc31d2,7,N/A,171772
35812ec3a596cdc4,9,N/A,177870
45972d4fe9440b27,0,N/A,20409
3d741af9b5d98bc3,5,N/A,138982
2d2c047417bfac70,7,N/A,171772
0478596242d8ff49,8,N/A,176528
12311192bdd5c2f8,0,N/A,20409
509de20e3447e86a,1,N/A,62798
42b01ec9a05bb789,9,N/A,177870
4260311732045c76,9,N/A,177870
312456a2331dca31,7,N/A,171772
023489b87edcd1b0,4,N/A,126637
297d34e9ef6f67e9,6,N/A,151942
0f8be388189b4c18,3,N/A,84689
138a7500d8857b80,8,N/A,176528
3d40971148fa96ac,4,N/A,126637
0cc256efd0b234f6,5,N/A,138982
064c3695ccd6211f,9,N/A,177870
1046b24f7339c958,1,N/A,62798
3de1f0d8fc9cc112,7,N/A,171772
39219bebca0e6b34,1,N/A,62798
128c191206e4544c,1,N/A,62798
2e084821627e3fe1,9,N/A,177870
3884d5b8bf17c0d6,9,N/A,177870
395635a5aae69b40,7,N/A,171772
0e1917aafbd4a5ee,2,N/A,83144
2f9124c605450bb9,8,N/A,176528
0ac95c078dc86307,7,N/A,171772
320b616c64e71c72,10,N/A,192931
17a39bc15d53e42b,4,N/A,126637
17cbae19deede311,2,N/A,83144
3110130aa96cd129,0,N/A,20409
275ba1d7e33b7035,5,N/A,138982
3a12c840dd42a173,1,N/A,62798
443c73a5374f5551,0,N/A,20409
54658364a28c3785,1,N/A,62798
07356d77bf939a1c,3,N/A,84689
25dcfb77c185d999,9,N/A,177870
4c4daa26d1f08f51,9,N/A,177870
1023f4c842156cf2,6,N/A,151942
37356347c2b7de46,10,N/A,192931
112382e70d82c4b2,10,N/A,192931
079d5730944fe8d2,9,N/A,177870
25c1220d909cd3bb,1,N/A,62798
2b867595b29a536d,5,N/A,138982
552ee4eabb1b3189,1,N/A,62798
38c8be5e5b10018c,9,N/A,177870
4cbf153561fe29c1,4,N/A,126637
26af93f4c78dcef3,8,N/A,176528
4a1912f2a902f7f1,1,N/A,62798
147df04efa3a500e,7,N/A,171772
2cd9b5c496dd98a9,2,N/A,83144
2c17c3e114a1f7cc,0,N/A,20409
0c7548deaa3b4049,1,N/A,62798
1311f9c3b2149c0c,6,N/A,151942
2449e4d3becad617,6,N/A,151942
440c7a4f56bbe53c,2,N/A,83144
30fd6d20a0d8d8f7,10,N/A,192931
015a53c9993ce2e8,3,N/A,84689
108ba57233ebfbeb,10,N/A,192931
01b765f622b07858,8,N/A,176528
3b1586757a45bf24,10,N/A,192931
23cde943736737d3,9,N/A,177870
49a444841133f2ae,4,N/A,126637
2671c7a74c54d150,4,N/A,126637
49d5fdcaefb867e9,10,N/A,192931
46787b333891a528,4,N/A,126637
246470ca855e38b8,0,N/A,20409
23a87cb31b68080e,5,N/A,138982
3e43ae27cc8d3948,10,N/A,192931
330541e07eda1829,9,N/A,177870
09e46032e6e026d7,7,N/A,171772
26eabb76797d797e,7,N/A,171772
3bb5bc6983d79e56,8,N/A,176528
44fc9c123753b696,5,N/A,138982
02e7ec39ded57c39,3,N/A,84689
3e5339c6f62632e7,4,N/A,126637
36bea7ca73432df4,6,N/A,151942
14098bc70bb7dd3f,7,N/A,171772
5128f4da8e94735b,3,N/A,84689
35f5018d35f7b135,4,N/A,126637
5552e9cae61ed3dd,10,N/A,192931
4d7e59be67226ebc,7,N/A,171772
442b68cafee66179,7,N/A,171772
26ebce23f1425e64,4,N/A,126637
55adc82e2acfb73a,4,N/A,126637
530a333e6730d821,3,N/A,84689
08e6ac035939d38b,5,N/A,138982
1887a46f60a003a6,1,N/A,62798
37c9b68d2609ac2c,6,N/A,151942
3003cf4af3e49c32,1,N/A,62798
0e090c0e4c533bb0,6,N/A,151942
2e9fac09ba86bcf9,1,N/A,62798
096908a4b3112284,5,N/A,138982
0153ff2805329856,6,N/A,151942
374c2bb20d9a4caf,2,N/A,83144
53cb508f73c6f780,9,N/A,177870
3204a34aaa36467c,3,N/A,84689
1599696e7d26afbe,1,N/A,62798
2b4ba7e57f038a7a,10,N/A,192931
42a260a0bd56a1c5,8,N/A,176528
540795b96949f392,1,N/A,62798
43535a650fa370ef,1,N/A,62798
50c55dafdce7735f,10,N/A,192931
3516c4df7cd3d168,6,N/A,151942
0e74e81b0064ef6d,2,N/A,83144
010f2e2ef0aa6915,10,N/A,192931
46af8f7f1874c9b3,10,N/A,192931
30b7265b2350871b,6,N/A,151942
2cbbadc6ec753c64,9,N/A,177870
4be2c271da6af334,2,N/A,83144
2f4a9ee7801ced8f,0,N/A,20409
007e306768c0ed57,10,N/A,192931
252d9737f34fb564,1,N/A,62798
16c4254519ad1513,8,N/A,176528
5851a647d53dc59c,2,N/A,83144
3243a705bdf00d30,5,N/A,138982
47cdc9f4201fab19,2,N/A,83144
07ee08a637151255,4,N/A,126637
0aed6e120664eb69,8,N/A,176528
23fe6de4551a14fe,2,N/A,83144
249d21b6735e3699,3,N/A,84689
3a24d213ba61502b,6,N/A,151942
1092bf21bc7e3873,4,N/A,126637
2b92920d47f2bd2b,5,N/A,138982
2c58cc47b1c54553,5,N/A,138982
2493c403ad48774f,0,N/A,20409
5475d54f29c323ef,7,N/A,171772
45226d1262f2d45e,9,N/A,177870
11e8590074a0dcea,9,N/A,177870
35ccff62ecf67d54,3,N/A,84689
3cd3f312f2aad9eb,2,N/A,83144
4132a39ec08f5ade,7,N/A,171772
3b2fa9635a494b10,9,N/A,177870
3aeeeb193ea99279,4,N/A,126637
39687258f550c2ec,6,N/A,151942
4b3fa368ffa82f5c,1,N/A,62798
3d5caca2401e06e7,7,N/A,171772
069e4da9b5417363,9,N/A,177870
4fd9d3a7116d94b0,0,N/A,20409
0ef53bf74188dd58,3,N/A,84689
2f95437d41c981e5,4,N/A,126637
45e8544a953de2a4,7,N/A,171772
23c8e7cd2859a952,2,N/A,83144
2f20b6f9f6a4d37e,9,N/A,177870
148f2e8fa2b0d67e,4,N/A,126637
2fe4d534f32f2a8e,5,N/A,138982
06fbb9b030e16fb9,10,N/A,192931
55809f91dd47bea0,9,N/A,177870
23c5407f9a1c279d,7,N/A,171772
237a004df15d6cd3,5,N/A,138982
5823e1eaf80884f1,0,N/A,20409
12a80f0d425a1ffe,7,N/A,171772
3cc3ae5749c0a7fb,2,N/A,83144
0af520d6a4bacdf3,0,N/A,20409
0904a939c1fad382,10,N/A,192931
0012ae7cae66b6bc,0,N/A,20409
4720ee899119fe0d,1,N/A,62798
2ec29b35415f133f,5,N/A,138982
2a33024890119e53,10,N/A,192931
540a64b2fd37c561,3,N/A,84689
1861a9516c8e8aa7,4,N/A,126637
4fe652442921424b,8,N/A,176528
2a7bd08783e0dd52,6,N/A,151942
39a728e1465fc09a,3,N/A,84689
500a2e49f6949505,4,N/A,126637
153ef4dc80769af7,1,N/A,62798
275840fea872dcad,4,N/A,126637
166cbca25a176ce4,3,N/A,84689
14ea240b035d9217,5,N/A,138982
0126bd9613e6925a,3,N/A,84689
335ba6770189e043,9,N/A,177870
11e5485779e39333,0,N/A,20409
4ff02a07ae0dd3df,4,N/A,126637
396c13bc4197a712,5,N/A,138982
1023cc8e25ce6802,1,N/A,62798
4b9e248ff5411c98,0,N/A,20409
52e9d5a246186a72,5,N/A,138982
2ee5a5d2579a088b,1,N/A,62798
539b2a7ecba72029,8,N/A,176528
4b8528326e6b3f69,3,N/A,84689
3c6d52789a6d5099,0,N/A,20409
24655c6a8e3d4662,9,N/A,177870
3484d4655c714261,6,N/A,151942
11dded70175ccd8b,3,N/A,84689
4da0e5d4aa9f8ece,10,N/A,192931
158c20ee374d754b,0,N/A,20409
3068276d06905e95,5,N/A,138982
52f44b36b0dfea8c,9,N/A,177870
31e8b1bc1803073c,7,N/A,171772
27f699daae7e203f,0,N/A,20409
423cece12eab1f3c,1,N/A,62798
0a498c6f7643936d,10,N/A,192931
3c525d2e06780511,3,N/A,84689
37a3814ffd149978,3,N/A,84689
41f63047e84242bc,8,N/A,176528
55ee729ec0872c0e,10,N/A,192931
0f174f43dabb2600,0,N/A,20409
0b93d519c6a308c1,4,N/A,126637
16aefb2f14f54c13,8,N/A,176528
2e21a78d401a4158,4,N/A,126637
2d9c604e3bc8f9f0,4,N/A,126637
39497a0013205331,8,N/A,176528
4ca525dd871a7893,4,N/A,126637
0dd6ea41ff9afecb,1,N/A,62798
4f7b0f82308ad111,10,N/A,192931
2a5d01530748e410,7,N/A,171772
0e84f1283a34fda5,7,N/A,171772
4432a0f101c129fa,4,N/A,126637
4fd491148419bb2a,5,N/A,138982
48d5669bd0286d46,4,N/A,126637
4fe479bfd33f3bfe,7,N/A,171772
54ada863d3fc8662,7,N/A,171772
06061912a0eaf498,10,N/A,192931
1387f243b39902bf,10,N/A,192931
5100f369796389cb,7,N/A,171772
3209190b75fd0091,6,N/A,151942
43d17e347f81fe35,4,N/A,126637
18301147557c2e29,7,N/A,171772
2a6c94a22ec8f2d3,0,N/A,20409
2151e038b202e576,4,N/A,126637
55059cecadb2413c,9,N/A,177870
4bff05e877760a04,8,N/A,176528
52b6f0e94db66ba8,4,N/A,126637
24f692ff4b51face,9,N/A,177870
08efbac52d71cb2c,3,N/A,84689
41833f31fa669145,7,N/A,171772
48b919bc81ec0ee1,1,N/A,62798
2b101f2d307e372f,10,N/A,192931
3670e045dd352bd5,9,N/A,177870
01ffb032f6149c5a,10,N/A,192931
0d6059f21b7970aa,2,N/A,83144
233db208db8bfe8c,2,N/A,83144
0da16ef25aa54dfd,3,N/A,84689
1652e02cc9bb1b84,6,N/A,151942
36cc144fd9f4a6ff,10,N/A,192931
290ba87e7a9522dc,9,N/A,177870
148ec7d4b93af968,2,N/A,83144
152b36680d88ccbd,9,N/A,177870
15ccc4a70ae3db13,0,N/A,20409
1481fc1011f65dff,7,N/A,171772
11775b1376fa7335,3,N/A,84689
17734f8780e589c4,2,N/A,83144
563e63321df4777b,4,N/A,126637
370a69294f8f7b33,7,N/A,171772
4da8425a9f6d3545,7,N/A,171772
290ea103ddd521de,8,N/A,176528
2af13dad2f021395,4,N/A,126637
2871a2dd0d87cd68,2,N/A,83144
2171a0de71fe5000,10,N/A,192931
05edbc044dc1601d,10,N/A,192931
4ca06a4dc3ad7883,10,N/A,192931
4756d1c0be4e866f,9,N/A,177870
2e42fa32d5e8ea9d,10,N/A,192931
38a01576d7b5a6a9,5,N/A,138982
03e35c6947544ab8,3,N/A,84689
2f068afc29cc8188,5,N/A,138982
4ee7f9f6432ad4a3,5,N/A,138982
4ec8d0aca3f39385,4,N/A,126637
49a193e710ea7418,1,N/A,62798
2bf49a982b466fef,10,N/A,192931
32dbeca421c0119d,3,N/A,84689
43e89938e0d46e3c,4,N/A,126637
4455d8acb70f5b8f,10,N/A,192931
4e2ee308e5a298bb,7,N/A,171772
2d211ac92d210680,10,N/A,192931
2c54b6040e7278fd,3,N/A,84689
0bf4f38c6087c05e,7,N/A,171772
2eba5447abfabfd2,4,N/A,126637
4b71fa37b35badb5,5,N/A,138982
010208c2e8a0a1ea,9,N/A,177870
0996c3499e860a95,2,N/A,83144
29fd65e686f6e469,10,N/A,192931
58466517b67a3417,7,N/A,171772
005a8824f4f42823,7,N/A,171772
50e8655b3ec8eff1,4,N/A,126637
0094b67cddc69f58,2,N/A,83144
453343279136f402,2,N/A,83144
4fc8d338aed6ec59,7,N/A,171772
0d842d7a9c73cf4f,2,N/A,83144
119841c7b3bd2bea,6,N/A,151942
3c5c764f259c0a6a,2,N/A,83144
30ba737f35a7ecb4,6,N/A,151942
17d1d6dcf865a39a,7,N/A,171772
3813efdeba78a7ca,1,N/A,62798
52277de6ba845d28,7,N/A,171772
3bed835ca6b20694,7,N/A,171772
3138a3dc67bbca2c,0,N/A,20409
13f701cceb0f2a35,9,N/A,177870
4907458f7e7a6d91,2,N/A,83144
3b7d8cc712aea33c,6,N/A,151942
560442d031f4bffa,4,N/A,126637
48c379997082e5ab,10,N/A,192931
25156abe2b62fab1,2,N/A,83144
290d8b9b58ad3428,1,N/A,62798
37a6134408325e9b,2,N/A,83144
43174e22a5d379c9,1,N/A,62798
4f8c91ba0eee8417,9,N/A,177870
1381d401cedc67e4,2,N/A,83144
12c642f1718d9931,6,N/A,151942
4a992d279f99f3b6,10,N/A,192931
144459539c00fce2,2,N/A,83144
040562122e7efe3e,9,N/A,177870
2fb9f1807e0dfd52,8,N/A,176528
07530a75e5048167,1,N/A,62798
3378d2609a98d1ae,5,N/A,138982
277a5e9939c1286f,3,N/A,84689
50cc63cf02439a8c,3,N/A,84689
09264e697ba3c7e6,2,N/A,83144
3252025c8d2c583b,3,N/A,84689
544be72ea7eabf87,2,N/A,83144
39e618e09e3bffdf,5,N/A,138982
14a34d73af53ede9,8,N/A,176528
2a5cfcf5ab09a107,5,N/A,138982
22d02cc9b80e35d4,1,N/A,62798
3e61415261a6ec55,0,N/A,20409
061e69356d14aae4,2,N/A,83144
13d68314a48158d9,9,N/A,177870
49801aaf6598dee1,2,N/A,83144
5375bb9f30ab8475,6,N/A,151942
3e6bd55454d7588d,5,N/A,138982
527b9f8735563ea7,0,N/A,20409
38f4cb4abb495814,10,N/A,192931
0b256b32b5a2c1a5,4,N/A,126637
0da9fe99fbcc42b8,3,N/A,84689
0cda478f08af4a94,0,N/A,20409
561d38c5025f032d,6,N/A,151942
0bd5f4211b35b829,8,N/A,176528
47241c75a0d9c02d,6,N/A,151942
433f2ccb23c65ee4,10,N/A,192931
47b7381a54a9491f,7,N/A,171772
4da3f633c5528ffd,0,N/A,20409
271af6b476c51017,5,N/A,138982
04ff1dad241bea38,3,N/A,84689
149ebca4700a1590,10,N/A,192931
15c15ac5f80468fd,8,N/A,176528
3b8d1951f3c5383d,10,N/A,192931
0c8fdb1f1e2365f2,6,N/A,151942
3cd57f7764e1a59b,7,N/A,171772
4fa875524a0cb45e,5,N/A,138982
528af4123c72ecd9,7,N/A,171772
2aa771bf1f3da8d9,7,N/A,171772
48df781441710b32,1,N/A,62798
48cfe85ff46392ba,10,N/A,192931
01f757692eef900d,3,N/A,84689
14838e1fd9efee69,2,N/A,83144
01294d171c6a5a99,0,N/A,20409
025030e51ddedddc,0,N/A,20409
3c90269428b21a07,10,N/A,192931
2f0ee7a07d915e9b,10,N/A,192931
3b328d9feb8bb4f5,9,N/A,177870
45164c15feb8a436,5,N/A,138982
35fefbc3e3619d4c,4,N/A,126637
560210144b1ceaf4,10,N/A,192931
42b0f44185bd5cdc,0,N/A,20409
4debe19ea4598f3b,4,N/A,126637
2bc894f75d18a491,0,N/A,20409
35e0ce35afc03cc0,2,N/A,83144
313ccfb1f99e47ee,0,N/A,20409
2f6b05f832ebdcf3,4,N/A,126637
09ddfe4667663688,9,N/A,177870
239d0830ef4ba9c3,9,N/A,177870
3dd64641816f548a,9,N/A,177870
2ffa4eb609176422,0,N/A,20409
10e6b6bd1a91cdc7,4,N/A,126637
2f48adfd4d8f5294,4,N/A,126637
126b2fb57e6125ac,9,N/A,177870
13f13fd6273ba1dc,5,N/A,138982
3e41b75b72609ecf,4,N/A,126637
05874c594fbbc581,6,N/A,151942
4451fa9501c824e2,5,N/A,138982
04ccb29ea0685248,0,N/A,20409
09f2c723412e03f9,4,N/A,126637
30a7d5125a119960,9,N/A,177870
02cd865fdf06f715,10,N/A,192931
4961a5ae6f095724,1,N/A,62798
463b65a8dfa9bbfa,5,N/A,138982
4687028be3c89837,10,N/A,192931
070d9eec28769db7,10,N/A,192931
42b5f7b92614549a,0,N/A,20409
176f47a6eb50e74f,6,N/A,151942
45f69d1142f5b966,4,N/A,126637
4decef83f1094145,3,N/A,84689
4a8e18ef314fd885,7,N/A,171772
07b8a4bc56264091,2,N/A,83144
375e1ac922718812,1,N/A,62798
319e11165ccdfd84,2,N/A,83144
16221f1ab5ea506b,5,N/A,138982
44edd3ea67d27ce8,0,N/A,20409
12a2e2dfbfa17ccb,7,N/A,171772
0a5050825a4347cf,0,N/A,20409
017cf3fb2a7195d4,7,N/A,171772
16e2b6327d75dc4f,4,N/A,126637
29c6a7ed695a7733,8,N/A,176528
29eee8ec8841c323,2,N/A,83144
0d18cba9ed1617a4,6,N/A,151942
0d386d71873dda4a,8,N/A,176528
35d2918e225eb071,7,N/A,171772
040363d1955130b6,8,N/A,176528
3cc002109b7fdf4f,4,N/A,126637
27e336c860f2836c,2,N/A,83144
480273b2a82d2f69,2,N/A,83144
3971941ccaf8916f,9,N/A,177870
09f263b05f502c0b,3,N/A,84689
41bb3f882ed46920,0,N/A,20409
585c38dc1627bc27,9,N/A,177870
234484f42adc328d,1,N/A,62798
3a6b554c469bda89,5,N/A,138982
443440d642a83a6c,9,N/A,177870
0a5ebe0c62a7000b,4,N/A,126637
5359595fec0e8b3f,7,N/A,171772
25ef8315e3b3d7e6,0,N/A,20409
45dbfefe78c5b2ac,6,N/A,151942
0d6433e3f05ab567,1,N/A,62798
089a8f5617a17703,4,N/A,126637
4ab578c1fca4cab5,6,N/A,151942
099bbd3d11db5ad7,7,N/A,171772
0ea4567227573eee,7,N/A,171772
50cee7d9d4644685,4,N/A,126637
3a7aea9eacad001e,4,N/A,126637
23efc0f579e29a0a,3,N/A,84689
2ea5cd3d3e72317c,0,N/A,20409
30072d0b1a741c19,10,N/A,192931
2d427b33602b32c7,0,N/A,20409
1118f9d40a916a39,0,N/A,20409
4b4861358e5d104a,7,N/A,171772
4f7966e0ed2843b5,10,N/A,192931
28fee1b131973be4,3,N/A,84689
47df3fcabf0ab755,3,N/A,84689
52b5af2f36b928bc,2,N/A,83144
4af82c79aaa00e5e,7,N/A,171772
3844e16c3f27f309,7,N/A,171772
44a14db29a6dda58,10,N/A,192931
16bbd08b44dde874,10,N/A,192931
4ab0820b5f9fb44b,9,N/A,177870
1429314673faba8f,9,N/A,177870
15af05b1f166d8d6,2,N/A,83144
17b320e0a548b7d8,1,N/A,62798
10ea835f1f7ea4e2,9,N/A,177870
417cbd9319d6f199,1,N/A,62798
3c8e3b26a76e2d00,2,N/A,83144
264d39cfbccc755c,0,N/A,20409
35064d6edefc0202,3,N/A,84689
5599f3f83bc39e29,3,N/A,84689
46eb5f21352c56e6,1,N/A,62798
48fee2a6e26fe371,10,N/A,192931
29b82768a1bbaf1b,1,N/A,62798
4c1ba6f746069092,2,N/A,83144
4432f67063cffce7,6,N/A,151942
0397b3a061082670,0,N/A,20409
4c839e03ee900dc1,5,N/A,138982
2deb2fd6e55ee52a,1,N/A,62798
42934426da8635b0,3,N/A,84689
42acb49b0d349074,0,N/A,20409
4a047fc043d5ed98,7,N/A,171772
3d3fceeaf5242cf6,0,N/A,20409
0ccec1a0935fded4,9,N/A,177870
3bb21746834988c0,3,N/A,84689
2da570dae113e059,10,N/A,192931
3230143b6117f947,6,N/A,151942
07461c6264d7eff1,6,N/A,151942
428d26e1aa5268ac,9,N/A,177870
3286f1f4211e0307,9,N/A,177870
16f3ee0b8c03394b,9,N/A,177870
06138e179f321f71,3,N/A,84689
44e66f91ef12a60b,5,N/A,138982
2c3194004d5ed8dd,0,N/A,20409
2c0bf456a5f8af1c,8,N/A,176528
3218707778f09d6c,1,N/A,62798
2baf46fc13a8c299,1,N/A,62798
41949879b0d9cd1d,2,N/A,83144
0d4ae67a741d725d,8,N/A,176528
3399c1b9fb3d8eb0,4,N/A,126637
05dc8aae539c7612,9,N/A,177870
367f052e129b4a4f,0,N/A,20409
3ddb4b717d92b04c,1,N/A,62798
4147d2f283a684ad,6,N/A,151942
0683a7f2dd053904,6,N/A,151942
51c20dc770ce8b90,10,N/A,192931
50f4960bd895098d,5,N/A,138982
06872aef7fbf8cae,5,N/A,138982
4c741b0727ad1639,5,N/A,138982
501b4d892aee0cb6,7,N/A,171772
10809a9343d0725f,7,N/A,171772
0d17f090a17e0558,6,N/A,151942
13e31a75edfc9915,1,N/A,62798
17a1080efa3f72a0,8,N/A,176528
29a6c1d77f049f32,1,N/A,62798
359dc7b46eafdb26,5,N/A,138982
181396f1b0d7a854,3,N/A,84689
52485ba6b0a4280a,2,N/A,83144
45ce3ea9268d494b,4,N/A,126637
0cb40e2305dabcfd,3,N/A,84689
00fbdf8d2f8580a7,8,N/A,176528
0c22e1423c2ed680,2,N/A,83144
3c2ba483fd8a6ce5,3,N/A,84689
2ac353e5acd89684,5,N/A,138982
3cf57f4fb51d88c2,9,N/A,177870
4f4c5aa6d7fd6fd5,3,N/A,84689
2f0ff34273c1716d,4,N/A,126637
3cce8c16def51aff,7,N/A,171772
26e1c40325ba2ce5,8,N/A,176528
54e3f2f533535b2f,8,N/A,176528
08d404b12e900782,6,N/A,151942
30644c4076cfe889,4,N/A,126637
15ac42e1a5d671de,6,N/A,151942
0e6759726bdef3aa,3,N/A,84689
51331c129fa2e3c1,10,N/A,192931
2c39b21be96d8758,2,N/A,83144
288195254f6c50aa,2,N/A,83144
5064e953ce9a4f37,4,N/A,126637
053959ca2f8c044c,6,N/A,151942
28a8cddb03433d99,10,N/A,192931
463847ef3418659b,5,N/A,138982
1885f6fc71ae8887,6,N/A,151942
01307fa6e3008d4f,6,N/A,151942
4bdd859e7b04adb0,0,N/A,20409
4cf47e5db0b2f773,4,N/A,126637
234f753136f8fa1e,0,N/A,20409
159b2c959e961cad,6,N/A,151942
427a9b9b2730f78c,4,N/A,126637
03b74a284f8de0ee,0,N/A,20409
3daf1dc670f38b31,8,N/A,176528
358ff963e535d282,5,N/A,138982
4767271eecd7672b,2,N/A,83144
3bf21a419d5e3b0f,4,N/A,126637
3dbcb44d902140ea,2,N/A,83144
11360dd67215524d,4,N/A,126637
372a3b59bc850fc1,5,N/A,138982
3194e488dd79edac,7,N/A,171772
4220a8d0917e469c,4,N/A,126637
54f2e7b31cba22c6,4,N/A,126637
2179710b6d316597,10,N/A,192931
1276c6ed1acd1b40,2,N/A,83144
0d1d8cefea56bd88,9,N/A,177870
0f59466299f30a96,3,N/A,84689
43537c17c83678d6,6,N/A,151942
368271a9e6b9c086,10,N/A,192931
4b8901a096afeddb,5,N/A,138982
173bb50d2ad82bbb,10,N/A,192931
3d05da8b11ccc2e7,8,N/A,176528
258556fdb84a11f0,4,N/A,126637
4790d436f56e1c2d,6,N/A,151942
4d5515458ebd2d98,5,N/A,138982
3cf7084a14ba0cd8,10,N/A,192931
3369c5b4e16f70f1,3,N/A,84689
2bd960f15fbe7caa,4,N/A,126637
0bb1a222c5a1a471,2,N/A,83144
350c57da4e16e934,7,N/A,171772
0f8c497a214327f1,2,N/A,83144
55dfe5d70f4ab701,7,N/A,171772
394bf3d2108c16ec,6,N/A,151942
2baad857531e483d,0,N/A,20409
02a09127a5638922,1,N/A,62798
345fd7b19cfcab06,3,N/A,84689
254a317b9ddd89db,8,N/A,176528
312647518f51aa5b,6,N/A,151942
2fc71a88be1c9dcd,9,N/A,177870
2bb525b3ffea4399,1,N/A,62798
3393c05e4aa71fb8,4,N/A,126637
24bd5dc51906e147,6,N/A,151942
224722bd8ab1d0c9,7,N/A,171772
0b424c932f2000bd,5,N/A,138982
0ab99a865c0e2186,4,N/A,126637
22a890376fcd8c7e,0,N/A,20409
16781d9efe093ea5,2,N/A,83144
3aded95e604b8e43,7,N/A,171772
44eeaa74a64bd0d8,5,N/A,138982
4382b9acaf0b0c3d,7,N/A,171772
2d35decc9abc419b,5,N/A,138982
27902b73cbf36948,9,N/A,177870
3420da3e0e9ef41e,1,N/A,62798
4264c39eb0b42a3c,6,N/A,151942
4cc0db99b36443b3,2,N/A,83144
34dfb560806d0651,3,N/A,84689
1724648db6321b55,2,N/A,83144
38824c9c4a6db5f0,5,N/A,138982
30cd878ee09e37e3,1,N/A,62798
581aab8b594c1df6,7,N/A,171772
089657dde36af420,8,N/A,176528
371fc74da4533206,3,N/A,84689
35f6b9e6901583e0,8,N/A,176528
44efd12cae870b61,9,N/A,177870
2fb03eacb251bb9f,3,N/A,84689
01e05dba55bed4c9,9,N/A,177870
39f7d5a8102f5e14,6,N/A,151942
1083793bf2c8e09f,4,N/A,126637
011239132ac76d23,8,N/A,176528
47f457ac4d841442,2,N/A,83144
09e123ae40b8ec63,1,N/A,62798
11ae88a70a1d8ca5,7,N/A,171772
53b738a87b317da6,10,N/A,192931
45960e420bc71bde,2,N/A,83144
50f21016275d1939,0,N/A,20409
2f8d3e57bb2fb2ce,1,N/A,62798
18248adc45097fe8,8,N/A,176528
0720a027a37153f0,6,N/A,151942
366b24d05ff01506,0,N/A,20409
4dc264bdf05a63fd,8,N/A,176528
478d021366293f2c,0,N/A,20409
0319ac40680564d5,2,N/A,83144
4219b2dc34af39dc,8,N/A,176528
1055adbfb7d3d9d0,1,N/A,62798
14b4797a2e6e06ef,7,N/A,171772
173c66ff5ee01e17,9,N/A,177870
02fe81706ba0ba89,5,N/A,138982
09a2d515a3e3bc5f,5,N/A,138982
516010ea7636fb8e,6,N/A,151942
17259ed2d5156028,9,N/A,177870
37857fa37c264674,6,N/A,151942
34f46b3c0c8260ae,2,N/A,83144
48f47b9c027fc193,4,N/A,126637
55e430603e4bcc60,9,N/A,177870
3be83fb3e7581ac0,3,N/A,84689
2e42ff5f6292ff62,2,N/A,83144
2d68940c2124f04b,7,N/A,171772
4f545f458625661c,0,N/A,20409
41baf7677afd3a78,3,N/A,84689
48aa0f026d401900,3,N/A,84689
2cc14445df14cce7,6,N/A,151942
3c34a2faeb8f2a17,9,N/A,177870
1309ac843ba4286b,2,N/A,83144
01d8951e39d2e01a,0,N/A,20409
52d7960fea08ebc8,1,N/A,62798
2e3e0652601181e2,9,N/A,177870
0376ad3fddadd7b7,6,N/A,151942
32273133eadf8dba,8,N/A,176528
299463351d353570,4,N/A,126637
3d0c25d14bf6526e,0,N/A,20409
2843095335aa89a6,4,N/A,126637
2cff6875b857acc2,9,N/A,177870
4e70cf1d75df0df6,3,N/A,84689
4f5c3217211faea4,0,N/A,20409
5582652cab71a86c,9,N/A,177870
06fc4d0acfe5bcf2,7,N/A,171772
0e1343d53ee525a7,8,N/A,176528
2d02604d0e701ae7,0,N/A,20409
048006864f1060cc,7,N/A,171772
056b9223b0b7a83b,4,N/A,126637
146d8ac71c64cec0,10,N/A,192931
49649f6161a88e4b,5,N/A,138982
4aae79dac4f23f47,9,N/A,177870
37706b2493e45e3c,7,N/A,171772
431c27b033684305,6,N/A,151942
35040a9d7b34641b,9,N/A,177870
1357c12915757e3a,1,N/A,62798
2ec02239a2025da6,5,N/A,138982
0cdc701af859a2eb,7,N/A,171772
1605b1c162a74398,0,N/A,20409
2a01b0ce55bc1ae1,8,N/A,176528
00efd7d257d8bff0,7,N/A,171772
231685456f14742e,5,N/A,138982
29cb9678734d40b8,6,N/A,151942
3a9e86ce68d6d89a,0,N/A,20409
43de888e1bbb7800,1,N/A,62798
38447bdb639d68dc,0,N/A,20409
3b025cd4983ffe46,2,N/A,83144
11f58ec9842b2ac4,4,N/A,126637
2bbfa86c21a2d7a3,5,N/A,138982
3c31bfeec82ec28f,2,N/A,83144
13c94060a01f9839,2,N/A,83144
0b7b74ef47cb8dce,6,N/A,151942
5261c716015e661e,9,N/A,177870
31d0ab9964aa0e5d,5,N/A,138982
139988020c546f43,7,N/A,171772
26fbc7c969b8aac5,7,N/A,171772
4b3bdeec61fae7d3,7,N/A,171772
36d380d08a58c4e8,9,N/A,177870
3da7aeca93b977af,3,N/A,84689
02ca1134a9b2fdde,10,N/A,192931
39bed538c9997767,1,N/A,62798
016d198dd0a82a5f,1,N/A,62798
2c2fea70336c873c,9,N/A,177870
3aa038375a0562d0,7,N/A,171772
317310337b685efd,6,N/A,151942
432e569365d6bf78,10,N/A,192931
0bbd0dd41639b12a,6,N/A,151942
2378cd1a311acf03,5,N/A,138982
10099c3efb5b77ee,1,N/A,62798
2630d0955a14ab52,5,N/A,138982
016fd476920c5366,8,N/A,176528
30851da3923f21d3,3,N/A,84689
0a03999d7c12d9ff,5,N/A,138982
12cd353d6188bd30,9,N/A,177870
3c7a33549440b7bd,10,N/A,192931
4b1ee2d56a037c6f,9,N/A,177870
0e11255939f7febf,1,N/A,62798
266ed160a1467c40,6,N/A,151942
345b98cd4d1b53ef,7,N/A,171772
29011af9ec964d23,5,N/A,138982
369b34559c50ada9,2,N/A,83144
13bf237381fe1d11,10,N/A,192931
0666f488344b7029,6,N/A,151942
4d8a26420cc9f36e,9,N/A,177870
4b67f47619563c40,8,N/A,176528
2869596f7c2ae30b,5,N/A,138982
566304030ba088cd,5,N/A,138982
41287bc3f60c5b10,10,N/A,192931
4e895b4e17c55215,5,N/A,138982
03469a8c0b154079,9,N/A,177870
437e9bbccb1c247c,0,N/A,20409
39022e9bb1deaabf,1,N/A,62798
4c52a451025028dc,3,N/A,84689
16d17354563c9904,8,N/A,176528
46ccbf7e749b032c,10,N/A,192931
14825c88a3d3fd43,0,N/A,20409
112c8fb7be3f74a4,2,N/A,83144
184c11358046d74b,10,N/A,192931
34d651c0c67e722e,9,N/A,177870
363c5364613bf3ba,2,N/A,83144
43db5053dd0ecd6b,5,N/A,138982
4c6258355ad17813,4,N/A,126637
46c58c44b9f6d75a,0,N/A,20409
30a7cee7362ce91c,9,N/A,177870
26301f5e6de29753,3,N/A,84689
07d945463e3f4af1,6,N/A,151942
2fc0a4feb2b79922,9,N/A,177870
4161f826c78cdb76,4,N/A,126637
173d5baefbdc5eb1,3,N/A,84689
250706d0a0956301,0,N/A,20409
52da588b9e44e96d,10,N/A,192931
49c28158beba83a1,9,N/A,177870
36405c6a225967fe,9,N/A,177870
43567b40ed602c05,7,N/A,171772
387e42c1a243081b,8,N/A,176528
396b1a07450571c0,10,N/A,192931
0976c2577049f568,9,N/A,177870
267191abd7cf2fdf,8,N/A,176528
285b887d0fb24c05,0,N/A,20409
37f2c5ae701f44a7,8,N/A,176528
0e1a85fb80f9de0f,2,N/A,83144
27317497b1faa9e5,5,N/A,138982
46c2c0c3b75fadd2,4,N/A,126637
129f8448175bcc35,3,N/A,84689
32fa2017e8afde88,9,N/A,177870
2feefc1aa14160c9,2,N/A,83144
4de71b820e1d4bc4,4,N/A,126637
051e5ae0f03980c0,9,N/A,177870
4f7ea72f650642b0,9,N/A,177870
3624982dffeb4303,1,N/A,62798
36b2aff53563d391,5,N/A,138982
473f3c000a316148,4,N/A,126637
06710dd449f7bb79,8,N/A,176528
3e6a93544dee8870,7,N/A,171772
1044e97663e282eb,10,N/A,192931
166df2e294901adf,0,N/A,20409
3435388ed8b2fc19,4,N/A,126637
31a2bacecd7ba614,10,N/A,192931
4d121f9af671d13c,5,N/A,138982
3a2f764da60dc437,3,N/A,84689
3660fcf5af39506d,3,N/A,84689
52c6afc3c0f43100,9,N/A,177870
25d6adeff4dde79b,2,N/A,83144
13b38019fdb9ac5b,5,N/A,138982
35bda50f7e269072,10,N/A,192931
000a9da4f4030ce0,5,N/A,138982
17ce4b6e9c7b6934,8,N/A,176528
1033602a64fe83cb,1,N/A,62798
25e5265edbdffcef,3,N/A,84689
51d6256cbe7f4a26,7,N/A,171772
2ec6a67c7c8bc731,9,N/A,177870
0728b2443914b0a0,7,N/A,171772
4ad05728f544545f,9,N/A,177870
16ae2baf65bf756c,1,N/A,62798
3d5eb254fc8b6cdc,4,N/A,126637
382a1c78ad8ae589,7,N/A,171772
0a382f866a9e7324,10,N/A,192931
15c770c9e644a803,0,N/A,20409
230f491afb5383be,6,N/A,151942
1224134e33f8259f,5,N/A,138982
23fd0310dc7935a1,1,N/A,62798
2dbf14a6de3d2a9e,4,N/A,126637
0717215d6d7ef408,1,N/A,62798
264fe04ce6eb40da,1,N/A,62798
32fab00904e5ecc9,9,N/A,177870
05f7ac8b0ee4a929,4,N/A,126637
417cb384008b90b4,0,N/A,20409
4a13b06e322fc268,10,N/A,192931
25060c8f80917860,6,N/A,151942
01b6c9452c92162a,6,N/A,151942
500e2838d33a042e,10,N/A,192931
4cb0c2846ba1b2a1,4,N/A,126637
399b20841d8ec14c,0,N/A,20409
2ef36d98569c6b4a,2,N/A,83144
0137ce63d34da55f,9,N/A,177870
0bf2f467754bc078,10,N/A,192931
016adc270ab7d592,8,N/A,176528
0e0cbcd20165333f,2,N/A,83144
01c7f8d45d07624b,0,N/A,20409
02dc3090f2884033,8,N/A,176528
43f2c224fca7a1c1,6,N/A,151942
4424200bf92f5be9,0,N/A,20409
361b4cbf44c4be63,3,N/A,84689
2c085b96b1840b6e,0,N/A,20409
26e802388dd01ab7,2,N/A,83144
3a511b15fe59440a,4,N/A,126637
3adc099a19db2dde,1,N/A,62798
4687b7a02a72a6f7,9,N/A,177870
2cca543a892003e4,1,N/A,62798
322c062937ab2ba0,8,N/A,176528
4426b1720120e27e,1,N/A,62798
090185b294406872,1,N/A,62798
51d7ff879d98ba85,8,N/A,176528
03a690283c67707e,4,N/A,126637
34de110aa17bc3d0,7,N/A,171772
4d7aabfd3c6ab89e,6,N/A,151942
3a9183b71618e503,1,N/A,62798
30275f57a9c9681b,4,N/A,126637
49096ce2948d7a40,2,N/A,83144
37ace6fb8c725fa7,7,N/A,171772
455606c33018762c,0,N/A,20409
481410dd37bf3ed4,8,N/A,176528
2a37168785ec9952,10,N/A,192931
271f3acf99be7189,8,N/A,176528
48898f879ee3fd4d,9,N/A,177870
21970a769b8c209a,9,N/A,177870
34bba60655c788ca,9,N/A,177870
50b00778f57ce09b,6,N/A,151942
2b8d506a7e425d0b,1,N/A,62798
113f427d79511187,2,N/A,83144
0092ffb7a0ce8138,1,N/A,62798
25b5393b0afea4c5,8,N/A,176528
17faf21b399d24cc,8,N/A,176528
38d04aee5e6ccb49,9,N/A,177870
52cab38a47351d14,8,N/A,176528
335ced6035b4669b,1,N/A,62798
4dec8c3a857933e8,0,N/A,20409
3838ccd8a6a0bd4a,5,N/A,138982
311b181876ddc308,10,N/A,192931
09ae52e5daa563a8,10,N/A,192931
245ffa1e57cddea4,7,N/A,171772
14a24fe8aca50b75,2,N/A,83144
42a796c0bbcaa543,8,N/A,176528
2f0f2ff0150e565f,7,N/A,171772
0eab4dee8df76959,5,N/A,138982
28a520454160e4bb,8,N/A,176528
52430dc6571253bf,1,N/A,62798
3b7705453b9e85ff,8,N/A,176528
446581d616b97776,5,N/A,138982
44848e746135d10d,2,N/A,83144
42643edcc4584bc1,2,N/A,83144
231d79fa04a8bb61,8,N/A,176528
3024f36923014383,4,N/A,126637
5387904a789ed1fb,10,N/A,192931
4e69c14fe78d7782,1,N/A,62798
115b3c2e99b2128d,3,N/A,84689
315874c82418af1d,9,N/A,177870
1403588675ef65d0,7,N/A,171772
081823d989dc9fc4,6,N/A,151942
4c0f172bd85591f4,2,N/A,83144
3481802d16c042a9,1,N/A,62798
3a878186f477f7e7,10,N/A,192931
4c343bfbd60fa188,10,N/A,192931
339bfbe770092492,0,N/A,20409
49a3ea93bc1ca942,8,N/A,176528
2d288b46f12680ba,7,N/A,171772
06d203129a1923b6,7,N/A,171772
1242dcfed510429c,2,N/A,83144
38ce885c465b3fae,6,N/A,151942
24b6557fedc7fe79,3,N/A,84689
16e39dfe14295496,3,N/A,84689
159291c91283d1f1,4,N/A,126637
2156411ebbe32c22,2,N/A,83144
2ce3a57af181f839,3,N/A,84689
326346a5f2160814,0,N/A,20409
0cfa27113eebcbed,9,N/A,177870
54eb094d53658933,9,N/A,177870
0e7c0206935ebac2,2,N/A,83144
37211509ab55f20f,8,N/A,176528
074dc183ef898f09,3,N/A,84689
33e98b5e10aa4cc6,9,N/A,177870
511e9c16949d2600,2,N/A,83144
12c809e0647d7aed,7,N/A,171772
13782820ebc3aa10,2,N/A,83144
431277667dd7c920,0,N/A,20409
38ab5cc56d3e4847,10,N/A,192931
093a5aa785762737,7,N/A,171772
31dd86276eed9d31,6,N/A,151942
582970ad90cea552,1,N/A,62798
28501726f870f7f7,9,N/A,177870
363b9d950cd8ae1e,2,N/A,83144
42e9bb7f52177851,3,N/A,84689
15c322f8fc39ce30,5,N/A,138982
3b9d2f5ff99cd001,0,N/A,20409
32fdb21db016f671,1,N/A,62798
3e3f09b9482ab665,0,N/A,20409
54eaf3fe495c9fd6,9,N/A,177870
50616c1dde1dc565,1,N/A,62798
2a3f52ce4f5a2171,10,N/A,192931
37c107975194dbab,3,N/A,84689
35c28c41d4b18bcc,7,N/A,171772
14ee15b23a433e6d,3,N/A,84689
0f9ec5605514576f,1,N/A,62798
2e24450d7baff510,6,N/A,151942
27e8768b158eb98a,1,N/A,62798
33f842789999ab49,2,N/A,83144
43209a3a3e51fec6,0,N/A,20409
0479374018341227,0,N/A,20409
143368b483031659,1,N/A,62798
09222ee05514f8c6,1,N/A,62798
14f98c2dee9ba547,3,N/A,84689
4fe2f0aaeaaaf749,10,N/A,192931
05d3a1734b3aa5a3,4,N/A,126637
3c57328da011fbe0,5,N/A,138982
22c823959d57a86b,7,N/A,171772
0123d41152074b82,7,N/A,171772
2b0a4b40b15cf87d,9,N/A,177870
4a4bf412986af054,0,N/A,20409
370a0f0106c5faad,7,N/A,171772
22d2b90ae2c678e1,4,N/A,126637
2b7dc6242135dfd5,0,N/A,20409
0a4c590ce85c7bf9,1,N/A,62798
0132798c4fdc6b95,10,N/A,192931
4fc01d9dec536d2a,9,N/A,177870
3dec75c2513c08c4,7,N/A,171772
06105a142e85b122,4,N/A,126637
0fa0f540c8e3e687,1,N/A,62798
107ae4860d168a73,10,N/A,192931
0ec251eb1d5ff3d9,1,N/A,62798
469142992e20d219,0,N/A,20409
4b32dadfe8d21c50,5,N/A,138982
329cd9993ed3d51c,8,N/A,176528
46792bd7eccdafa4,10,N/A,192931
2a7f36ff1b7cb048,1,N/A,62798
2ac5d5250f3ffba2,2,N/A,83144
00ef87e9fdccb488,5,N/A,138982
55a58f546161c58b,0,N/A,20409
31b0683d3ecd57a5,10,N/A,192931
52e9caf95ed78777,10,N/A,192931
0a60e2b0d218fc74,3,N/A,84689
3c883d79dbe2826d,1,N/A,62798
339b7c1d393c6c06,4,N/A,126637
3a7f67c02964f595,9,N/A,177870
34c7b07c089a2c5f,7,N/A,171772
2405c1846aa3e9a9,10,N/A,192931
29385115435cfe4a,10,N/A,192931
37e653cf0305f2c9,9,N/A,177870
0b5d30be785b5355,9,N/A,177870
2b8e66f6464708ad,1,N/A,62798
0b6cc8d8bc8af36a,0,N/A,20409
1146f7815ec6f356,5,N/A,138982
224690c67bf0a88d,8,N/A,176528
0962f9e184de5a5c,4,N/A,126637
0ab789fda8c08c65,8,N/A,176528
25b0dc575b63a698,6,N/A,151942
22ba77ef82ac9390,7,N/A,171772
1180ccf00e6b86b3,9,N/A,177870
095ffc299a29d5be,0,N/A,20409
52aa386784067964,3,N/A,84689
02b49357612af498,1,N/A,62798
2bcdc68cac48a59e,8,N/A,176528
38888ef2f7df1887,5,N/A,138982
2f4bc33da8f52c9d,7,N/A,171772
4525010ffb602285,0,N/A,20409
0b6263af3d969d4c,0,N/A,20409
318f6f0a3256f91b,0,N/A,20409
04086e16d9d715cd,10,N/A,192931
38907eaaefb6316a,2,N/A,83144
13fb7dfa39995144,2,N/A,83144
430218f71cac5ad4,6,N/A,151942
3bdd0571997e6cdb,0,N/A,20409
10713dfcd115327d,9,N/A,177870
39e45c6b7107bfb9,4,N/A,126637
3a3c713177d55dd3,5,N/A,138982
0cb011232f2384f4,5,N/A,138982
29220a1191d73078,6,N/A,151942
523feb67624178f9,7,N/A,171772
32a729a7aa8cfdad,2,N/A,83144
271832ba1404e8e7,0,N/A,20409
3910264d29338836,0,N/A,20409
113bdd622d143517,0,N/A,20409
256b8d4c830bde4e,6,N/A,151942
09d2dca3a6128c44,8,N/A,176528
0de5d6bd73485d1d,0,N/A,20409
30353e0af2b64048,8,N/A,176528
216cbc527aba4d89,4,N/A,126637
02140c1dd38ee98e,0,N/A,20409
4b379785dcff2115,1,N/A,62798
54112bcf2ee55824,3,N/A,84689
3b1e21a15a2e5fc7,8,N/A,176528
10b3860ef492b598,10,N/A,192931
170022bf66e0257b,1,N/A,62798
0d17a4630e49cd0e,1,N/A,62798
1871382662741ef3,10,N/A,192931
0431972228d2499a,2,N/A,83144
037845f3f28614c3,9,N/A,177870
5405de6074d709d5,7,N/A,171772
4dbca919b41fdf75,9,N/A,177870
3c370f0e5ad9bfc7,4,N/A,126637
2d58b2efb3bb10f6,9,N/A,177870
543b2b702570297a,1,N/A,62798
0aacecb1b1a6c705,2,N/A,83144
2f285dbddeee18a4,0,N/A,20409
0135d008e588bfa3,3,N/A,84689
08ed480bdec13c51,5,N/A,138982
0671424b8c7ed531,0,N/A,20409
2912e96f3c57c353,3,N/A,84689
515ab41b85d15a6f,3,N/A,84689
2c81a9fc4e9a4405,0,N/A,20409
480dad21f0dba40b,9,N/A,177870
034766090cb832e3,8,N/A,176528
074188a463223804,1,N/A,62798
3e6ef4e582795f0a,9,N/A,177870
146df7cc08ef53c3,0,N/A,20409
3ad10db62881c5b0,10,N/A,192931
04b06f08b69757e8,10,N/A,192931
35be41af5ae000f9,3,N/A,84689
2c9f4f0a60f94da2,7,N/A,171772
25bbb29c9c6b7e47,5,N/A,138982
1547a65bc4b356ca,10,N/A,192931
22b99ac8805ba5f3,10,N/A,192931
268a14f9d41b343a,7,N/A,171772
4ca3a48abb45ac61,7,N/A,171772
43e0c76d29f47188,1,N/A,62798
03eb2de398a1b170,7,N/A,171772
47e15162e6d6c046,9,N/A,177870
0d40204434e99723,6,N/A,151942
046f4d48ec74e75a,8,N/A,176528
16c6e9c3419de8a0,4,N/A,126637
2f4b9cd0bbc391d5,6,N/A,151942
0f83bb07bc357a37,10,N/A,192931
5119ab0d9f4a3ef9,9,N/A,177870
27bff72fdf8f2c24,4,N/A,126637
310c25b62a40ebec,0,N/A,20409
344f87b9b68b6e47,10,N/A,192931
2dbc264a6dfc5f7c,1,N/A,62798
3ddc86e5deaf7e94,0,N/A,20409
3e6f5a3ebc4a6329,7,N/A,171772
36e3e9bd1ecbdea2,1,N/A,62798
0bc67e82cfa0d2d0,2,N/A,83144
43316ad7b90bc947,9,N/A,177870
34f2e972010b912c,8,N/A,176528
2d62b1b213cec814,5,N/A,138982
3d123337596d89be,10,N/A,192931
03f08ff3d3354da5,6,N/A,151942
0b5a652539ca9361,0,N/A,20409
3968610e91f4d935,9,N/A,177870
33d873e69be9ae97,1,N/A,62798
26d304094b9bb3fe,1,N/A,62798
171f5acb68ea8bba,9,N/A,177870
49d3b36882bb6930,5,N/A,138982
21b127f330e6595e,5,N/A,138982
116352f9ee55cea5,10,N/A,192931
4fed4b78be61d760,8,N/A,176528
4293f50489d64515,8,N/A,176528
3761e194b4a8460d,9,N/A,177870
07b156ff10bd415f,7,N/A,171772
502eebdc9bed8028,7,N/A,171772
21872d6b1b1ba0ff,3,N/A,84689
11f32d187e9caf5a,4,N/A,126637
38d0fe80378a686a,7,N/A,171772
4f142ece6def3dfe,7,N/A,171772
04b26641ecf6bf3a,5,N/A,138982
0d398325ef5e8e0a,3,N/A,84689
553690bbd3f7e395,2,N/A,83144
069ffd63d3434d61,9,N/A,177870
0906bfacdc1cd2df,5,N/A,138982
496d7d4dc1c1b2f8,2,N/A,83144
22e843b66bdcc3a2,10,N/A,192931
057d60382718e068,3,N/A,84689
2a3e711947de3c41,9,N/A,177870
24370f6c04b7c414,2,N/A,83144
12e72a1ac3382240,8,N/A,176528
3c030cc70f7edf9b,6,N/A,151942
364b5f7c5d6edb40,6,N/A,151942
3030975c5c7e2dff,3,N/A,84689
116fdb474657feff,8,N/A,176528
094b4fa97b65cff3,10,N/A,192931
13a95a1bc923965b,9,N/A,177870
3b68b69631a0e789,9,N/A,177870
5401537be341b7b2,3,N/A,84689
03541c91a29683a7,2,N/A,83144
52be9d680a8bcad4,10,N/A,192931
02f38b45bcaadaa9,10,N/A,192931
0844ec309c8e3b22,9,N/A,177870
3b467ae48b5e908f,4,N/A,126637
0b27263e48f71a0e,2,N/A,83144
04726b9d94d35933,1,N/A,62798
2eadfd14b3bbfd36,9,N/A,177870
1628f310bc8b64cb,8,N/A,176528
43cc847cc788e2f8,8,N/A,176528
09db26ff209f419d,3,N/A,84689
487512790478c373,5,N/A,138982
554960b00c8e3dda,2,N/A,83144
13cda451f8153c7d,10,N/A,192931
2fc280f494d6c3da,4,N/A,126637
2f69a11db5fde3ca,1,N/A,62798
55320e4ba54b02c9,10,N/A,192931
494ca5179c7fb3a2,2,N/A,83144
2da7790397abea05,4,N/A,126637
462b6ad0d6779307,5,N/A,138982
06da9dd9bad6303f,10,N/A,192931
4df21803502466f2,1,N/A,62798
3a3a9a6a0b393100,3,N/A,84689
2b58a9b35ff66620,5,N/A,138982
35e3efe5a6e1aad4,1,N/A,62798
566a54edff486fbb,6,N/A,151942
2c567452cf2e4ede,10,N/A,192931
0c47dd428836bccd,8,N/A,176528
41fbad39febfd884,7,N/A,171772
1583be2521bf8157,10,N/A,192931
44a4f9e3458ecf3a,4,N/A,126637
2f5f3fe5e7f748de,1,N/A,62798
011ea5205b419360,4,N/A,126637
2488051e944dc238,5,N/A,138982
3c9f713c597bed76,5,N/A,138982
3dac56178999f6e0,3,N/A,84689
3bfaaf810b55a5a8,8,N/A,176528
3cd487df1865eb40,1,N/A,62798
39dc3f2122533676,8,N/A,176528
480eba78292b5e3f,5,N/A,138982
3648ea035d9344b9,9,N/A,177870
0a6347049f2d13b5,3,N/A,84689
09e730320f083c42,5,N/A,138982
3e0b6d926c70bbbf,1,N/A,62798
367d7b67602e8b8d,10,N/A,192931
2fc273015521d1bb,2,N/A,83144
35c6f024563e2a5b,1,N/A,62798
11b2ead32dbb8549,3,N/A,84689
30635d24f977d9e4,4,N/A,126637
3d4c2ce46dbbadf2,8,N/A,176528
48be593136ec1321,7,N/A,171772
2d77ff668a2345a5,1,N/A,62798
3a46b7a049ad0c69,1,N/A,62798
4948a169602b7c0d,3,N/A,84689
2b25d806b5678094,4,N/A,126637
2443b918b1552f6e,4,N/A,126637
0b95d220c14ed3c6,7,N/A,171772
14723bc18c303ca1,8,N/A,176528
0efc123e5d489ea7,5,N/A,138982
564dad832d283f5f,7,N/A,171772
3d0533f00cadd45e,4,N/A,126637
54de56fe04be55f4,9,N/A,177870
0899fe3ac9ed4e18,0,N/A,20409
4759db6031572eb2,10,N/A,192931
12740ddec45f70c3,4,N/A,126637
158b1aebf6999e77,5,N/A,138982
2c34bc08d72817f6,2,N/A,83144
53399fa8d39f4bdb,10,N/A,192931
35654f8c00b9641d,8,N/A,176528
2317e47a95a45d2f,4,N/A,126637
303afaed7056bdf0,0,N/A,20409
286e59ada33e28e4,5,N/A,138982
099aeda67f8e222e,4,N/A,126637
0fe248f27f1da6d3,5,N/A,138982
30f63cdb92dcac2d,1,N/A,62798
24fd212cf87ed775,1,N/A,62798
14c5d9e79f46821d,2,N/A,83144
02951c40b3fe861b,1,N/A,62798
33319200e77ef21f,2,N/A,83144
34807ec784e8145e,4,N/A,126637
45604fe0d15281de,4,N/A,126637
3e0ca8db773b0df5,10,N/A,192931
3d4d685e95f06f76,2,N/A,83144
3033500ba83ca565,1,N/A,62798
01fc5e7babdbe469,4,N/A,126637
09000c835173c9a7,9,N/A,177870
077f65c76925a460,10,N/A,192931
4c5acf898fdbe46c,3,N/A,84689
48df7d122bc74ea1,8,N/A,176528
07931229c36e51bb,8,N/A,176528
38caa1664ce3d65f,5,N/A,138982
0688197a988ca048,9,N/A,177870
2c5184e123b2b22b,7,N/A,171772
553cb3520cd6f529,3,N/A,84689
044f000a2b8de43c,1,N/A,62798
3bd2e7daf93bdf77,7,N/A,171772
3dfd899d83bef7d8,2,N/A,83144
28cccec654ecef57,0,N/A,20409
09b0f84939fd48fc,2,N/A,83144
3040987eb5d73fde,3,N/A,84689
4a455b7b62489eb1,8,N/A,176528
0ea61bf39fb2b2d3,0,N/A,20409
4a9131d9591743c1,7,N/A,171772
2ac87bcd262ed183,0,N/A,20409
115db204c0bc3998,3,N/A,84689
0d05ec5574cc4870,10,N/A,192931
480e2b9f94081e06,2,N/A,83144
3bb668274ced7ac9,7,N/A,171772
4401146ea7d56215,6,N/A,151942
055d912d33a36fbc,5,N/A,138982
142f9b890924fe80,9,N/A,177870
4c0de42a7f6801a0,10,N/A,192931
2e7c226c4cc83192,8,N/A,176528
1282246e4db471b9,2,N/A,83144
02a956c0a14fbb53,1,N/A,62798
24e4d76de0e7ac94,1,N/A,62798
4bf179320633417a,0,N/A,20409
09be161ab6e0ffbe,2,N/A,83144
16df6a87d9a05b4e,8,N/A,176528
34f8b07bab34cbaa,1,N/A,62798
2eeec6b1a3732650,3,N/A,84689
25e74c63c2923e30,0,N/A,20409
0d692b739b81ea0c,1,N/A,62798
3ac37e8b0f95fc6a,6,N/A,151942
4223ea73add90c24,4,N/A,126637
28891263173c6ab9,7,N/A,171772
41f001230ec767d3,9,N/A,177870
233f91592d295952,4,N/A,126637
0d1dfaef0b6fd032,3,N/A,84689
4add67e9adff0079,10,N/A,192931
3b838b3f1a8bca92,10,N/A,192931
34b7a6ae0447714f,2,N/A,83144
2cd7d703b233c65c,2,N/A,83144
2696961ea94f689c,5,N/A,138982
0f78b1e33bf1d708,10,N/A,192931
0954dab1726df79d,6,N/A,151942
2b6c8743fb8db581,7,N/A,171772
079f07627c5f593b,9,N/A,177870
47097103e7223723,10,N/A,192931
1519452b2f526f00,5,N/A,138982
32f1b5be60a39f4a,0,N/A,20409
03b854ad4e566786,0,N/A,20409
4cf675f13bb0a0e7,3,N/A,84689
52f9a8844a7a5f87,3,N/A,84689
443d3e749be99f40,8,N/A,176528
32945a76d5d47834,2,N/A,83144
46fb47d76f93329e,10,N/A,192931
489194d29e27aa47,10,N/A,192931
28a4ae76e959cb8b,10,N/A,192931
51fc85a1058a634b,2,N/A,83144
0b15b90ba66b15fc,8,N/A,176528
01fdb5fe89d93b88,5,N/A,138982
2ac08dc041f1a971,1,N/A,62798
55ba1f8813e6d886,4,N/A,126637
045d0b7cc47ac42c,5,N/A,138982
38d7f4d5b0bdc518,10,N/A,192931
00b3a8bc0485f3ba,3,N/A,84689
14523a30cbcf3a24,1,N/A,62798
56446468cc2afdd3,9,N/A,177870
2debf63e2ee6ff7d,7,N/A,171772
0cf820af36fe2106,3,N/A,84689
15ef88ba3472e73d,2,N/A,83144
42901347bb496e63,5,N/A,138982
547b5e95b9768997,9,N/A,177870
182637d3ab5c208a,8,N/A,176528
172753ab4b9ea591,7,N/A,171772
0eb20b40b7b78943,1,N/A,62798
58429df441979031,5,N/A,138982
4162107c5e4635c2,10,N/A,192931
254674b418f16241,6,N/A,151942
11b93c47a03de91f,5,N/A,138982
1072b4ec02a9fcb1,1,N/A,62798
005dfd16356a65bb,5,N/A,138982
552231453ba81eab,8,N/A,176528
0edd487c8bb9cc4b,0,N/A,20409
058ca65572023b54,7,N/A,171772
3d30fff68ca1e82b,5,N/A,138982
44e7b5bfea62594e,0,N/A,20409
08f98369032724c0,6,N/A,151942
561ae6575b0d19c2,6,N/A,151942
37b89ba34baa7de6,2,N/A,83144
2d4cd95aa3f0742b,5,N/A,138982
24a55973a027b8d3,7,N/A,171772
019978b96149a38b,3,N/A,84689
44e80b03b230de5a,6,N/A,151942
0be6edbe75b6895a,9,N/A,177870
29f5a508ca488a8d,0,N/A,20409
4e7aa51626d0639a,3,N/A,84689
2be64dfa70bfd431,4,N/A,126637
4843e62f558e8b20,1,N/A,62798
17c459fcffbc5744,3,N/A,84689
25c149eaa4dc10db,3,N/A,84689
0e0ec6eb19c12893,4,N/A,126637
27af33211d6d9390,10,N/A,192931
25d287c344064351,8,N/A,176528
147c7e78922a7f8a,1,N/A,62798
1295480da94205b5,0,N/A,20409
0261a7db102e7f08,10,N/A,192931
1384861705663a4b,0,N/A,20409
17f241c04d2ba383,6,N/A,151942
35e3925d231692b6,3,N/A,84689
029c620303c5311e,5,N/A,138982
157ddcbfef702780,3,N/A,84689
51bff0a35ee52875,4,N/A,126637
33e50a8ae5ae3667,3,N/A,84689
2879700a7a15fa14,10,N/A,192931
0940ea4eeeadb74c,10,N/A,192931
0f3ee1072b88bd63,1,N/A,62798
007d762c2d4a93b2,1,N/A,62798
4c878249cf70884a,7,N/A,171772
03d65eb303d745ba,7,N/A,171772
0c696f143a40e6a2,6,N/A,151942
1770d23f19648fad,1,N/A,62798
160d4de3ab40c347,1,N/A,62798
24975751f11ff9b9,1,N/A,62798
52dcf8cfd1a817d8,9,N/A,177870
13f2f0ead2fdbb10,10,N/A,192931
39c0c46a0a0dfa56,8,N/A,176528
135fa6376d1d2c99,9,N/A,177870
018c8d3ab336c05b,0,N/A,20409
42ff483e8cb218c6,2,N/A,83144
044eed19121299ce,7,N/A,171772
35539daf27efc1ca,8,N/A,176528
53ddd9410953653b,4,N/A,126637
417e3deaed95429d,6,N/A,151942
4f06aaaa6dacf390,10,N/A,192931
099b4379593a75a2,2,N/A,83144
42e272c9d7513046,4,N/A,126637
360cc16e25ba5ec5,9,N/A,177870
32d17633c508edfb,8,N/A,176528
16c0bc442f591eb0,1,N/A,62798
335850cdd82cbf59,10,N/A,192931
4b17f9549af268a3,10,N/A,192931
52945d59e3d3e348,4,N/A,126637
2bb2ee8b08757fee,8,N/A,176528
3c9361a995a9788a,4,N/A,126637
3c1b3647660c0ae5,2,N/A,83144
349977fa35cded8f,1,N/A,62798
0553b310f8582975,8,N/A,176528
339a2e31d0e2a1f7,2,N/A,83144
363517070ac20bb6,3,N/A,84689
0251ccca8a88be48,4,N/A,126637
43346694cdc79568,9,N/A,177870
45f1d3d348012b06,1,N/A,62798
09b83286005abeca,8,N/A,176528
17978eefab232ac0,2,N/A,83144
484155084c59a880,0,N/A,20409
0d59e5630e51a3b6,3,N/A,84689
534abe653e68734b,4,N/A,126637
2eca02b9ed20505d,10,N/A,192931
43829f9848422f7d,1,N/A,62798
091b7d5e6a668178,9,N/A,177870
0049b1ca2bd122e2,1,N/A,62798
171b7c873cb52fc9,9,N/A,177870
4a42216f0c7e793c,8,N/A,176528
362a126ca7eb226c,1,N/A,62798
13677b2151c42ed7,7,N/A,171772
33d4394759b743d4,10,N/A,192931
22b698a487a4b559,10,N/A,192931
44aa61aa31e075f2,3,N/A,84689
54b9bd3a28193f23,5,N/A,138982
3c84fb93e45db430,8,N/A,176528
0ca641376e883f40,2,N/A,83144
0931ae40fe3fa559,0,N/A,20409
01ae0ccbe72e5a40,10,N/A,192931
1025ab5b6e76399d,1,N/A,62798
3570a3ee1f186184,5,N/A,138982
15e55a8a14992403,3,N/A,84689
15e7a81692bc0244,10,N/A,192931
17f1d1817c31fea1,4,N/A,126637
46a928906d428346,7,N/A,171772
35d1c099028839d5,6,N/A,151942
10ff04aad87afdbb,5,N/A,138982
54d9b3f0b3745e78,3,N/A,84689
3e635880dd10e566,4,N/A,126637
561c39cd07af81e8,5,N/A,138982
066f5ca5d257f30c,2,N/A,83144
52897bb211c93f39,5,N/A,138982
2dde20bf7c552882,0,N/A,20409
3decdc43d191428b,5,N/A,138982
4f70bb56e8dfdd9b,5,N/A,138982
332e161a04378296,7,N/A,171772
0b9b5f973b9663b7,0,N/A,20409
4957eb2b8b8383dc,0,N/A,20409
4e979d746d23fb6d,7,N/A,171772
3d06b7dc315b46da,4,N/A,126637
114ae8f1b4a2db6b,7,N/A,171772
0029757045eb2ec5,1,N/A,62798
439b217ecccd2ed1,9,N/A,177870
0ff47242a2acf4e0,2,N/A,83144
308beee8ca29f926,1,N/A,62798
452f65497b1e0870,5,N/A,138982
29db0d786fc6a50a,1,N/A,62798
528566e7f7d4e8ff,1,N/A,62798
104d97e8d4e3b07b,9,N/A,177870
41946f8dc97b90a4,4,N/A,126637
0072642c641cc229,3,N/A,84689
4f404699614c9b1a,8,N/A,176528
45a7b07c4188dee7,2,N/A,83144
41096665b83a2cdf,9,N/A,177870
2fd604e9c5edcc2a,4,N/A,126637
350ea5f24e7c3967,0,N/A,20409
444709acc9b7313b,2,N/A,83144
3a8731e18558074f,7,N/A,171772
43ee2452d0cc955c,7,N/A,171772
45d59fc8b011e2f2,0,N/A,20409
4bf12d2aaa140268,10,N/A,192931
4b25c8218d2a4232,6,N/A,151942
45e227619a7c6cab,1,N/A,62798
538c9722e0e65369,3,N/A,84689
517214789d1f946c,0,N/A,20409
4b17b35e5625dad4,4,N/A,126637
2df2e88a82c8347c,0,N/A,20409
326f7b5b05dfc385,4,N/A,126637
2f14141b9c0cf7d5,0,N/A,20409
4242958a8f27e6f5,5,N/A,138982
12c90b25c4b0cd77,0,N/A,20409
13faab6e07044ce1,5,N/A,138982
2362538f5d38ccdf,0,N/A,20409
50ebef2d11bce255,9,N/A,177870
49dbb3a347ae2f60,10,N/A,192931
31e30b4101043c24,2,N/A,83144
2765ad728473bf1c,10,N/A,192931
12c5baba8c7e6228,10,N/A,192931
5208751818b9240e,9,N/A,177870
0fffa073bae8870e,10,N/A,192931
12f119d83ce269b8,6,N/A,151942
2c98f88ce6bd5aa3,1,N/A,62798
156c64af7c066e56,5,N/A,138982
24d5b13aef7dc0bc,5,N/A,138982
4d319177913a6b5d,3,N/A,84689
48f66a941956c349,7,N/A,171772
18482d2ecc3b5aeb,3,N/A,84689
2c702620b29f387c,2,N/A,83144
16190500f72fe333,1,N/A,62798
300c82db87fcaba7,10,N/A,192931
2f5e7d5a2b33d0b7,8,N/A,176528
386c1bf39f82e78a,6,N/A,151942
52618b7dd906d69b,9,N/A,177870
343289dd16c26feb,0,N/A,20409
4f5a0f9ac42c8b14,0,N/A,20409
095c166f2be698da,6,N/A,151942
12dfeec2ccace97b,6,N/A,151942
46525fa81f79d494,5,N/A,138982
0886ec1c612d5e82,2,N/A,83144
008803025db8b0fb,8,N/A,176528
56594d2a166229af,7,N/A,171772
24513edf5dfea968,3,N/A,84689
42715958d5c7b442,3,N/A,84689
303e96c6240969e1,2,N/A,83144
0f6fe38a6f789831,7,N/A,171772
4a8ec32b3ee40486,10,N/A,192931
48b5ea927bb18c77,4,N/A,126637
43e6f34bb2bc188a,10,N/A,192931
4607f1cafb29b212,0,N/A,20409
0bdcbcd6d4cf87a9,1,N/A,62798
4a0ba863d5c0475f,2,N/A,83144
0da210cc9cb286dc,2,N/A,83144
2e2a92975bfe001c,3,N/A,84689
3a49b03e9fa3413a,9,N/A,177870
38059edf7d12ad08,1,N/A,62798
091f6ee1b518039d,1,N/A,62798
07dc8b10688ac72a,4,N/A,126637
281ed4ff5929a9d0,7,N/A,171772
2341b7ae64d23409,4,N/A,126637
2cc828118d994a61,9,N/A,177870
4fc839164bed7c5e,0,N/A,20409
08b5f94e49842cac,3,N/A,84689
317bff1386dc54cf,10,N/A,192931
4869d9d6d17a6114,9,N/A,177870
38374186f493466c,5,N/A,138982
52ee663ce4946c93,3,N/A,84689
297bcc57b01ba611,7,N/A,171772
00a965b51951cb60,3,N/A,84689
35ec6b83624ec589,7,N/A,171772
2f4377e2e3c414cd,6,N/A,151942
0e1de81e9d0d86b0,9,N/A,177870
2f638c4cb20cf041,2,N/A,83144
185f7f63491fc975,8,N/A,176528
2189e72305f5c6f8,0,N/A,20409
129560decc52c0c3,10,N/A,192931
32bd8a78ef3079da,8,N/A,176528
2284909046442631,9,N/A,177870
101b557686bcccd3,7,N/A,171772
29751c925d6c18bb,1,N/A,62798
32a5eb2e9d83b65d,1,N/A,62798
0a0b2eb43867650f,2,N/A,83144
065216bea4361119,4,N/A,126637
2e7cd7bb8a7c67c2,10,N/A,192931
11e473a1b911386e,5,N/A,138982
4e767a85b49f5b61,5,N/A,138982
0ad5aed876bea848,4,N/A,126637
0ecae56df2134d99,7,N/A,171772
2586ee5625ecf07c,1,N/A,62798
51e5eda847c60168,8,N/A,176528
2ecd91f00356faf1,8,N/A,176528
562514248d5e1dfc,2,N/A,83144
3b19b022df832b8a,10,N/A,192931
3930178baace50d0,8,N/A,176528
172eaa2570fe7f5e,2,N/A,83144
52284e5817278f2a,5,N/A,138982
4583017b8d3cce75,0,N/A,20409
49b601b939615e24,0,N/A,20409
5074fb1475cb7a47,2,N/A,83144
279d67a86fcff26f,0,N/A,20409
39773b018ae223f1,5,N/A,138982
16d2fbc118a14c37,6,N/A,151942
31b6184baba40a98,9,N/A,177870
4bed876a380f8cad,7,N/A,171772
49ff4b108eaf2307,9,N/A,177870
508b7c9545db6d04,3,N/A,84689
315600ef7c5706af,10,N/A,192931
2c6bf1280b027088,9,N/A,177870
49c5abe000152466,5,N/A,138982
01aa321820c8a1ff,5,N/A,138982
4ef3cbd9aaa6d134,8,N/A,176528
4299df3d95cb6ce2,7,N/A,171772
4f76b6e9143d7810,9,N/A,177870
0be65d702c295210,1,N/A,62798
0ec32ef82899063c,1,N/A,62798
2971a1b68f4d2537,6,N/A,151942
0c0e0139cec90df1,7,N/A,171772
25b5accf7eeb0011,4,N/A,126637
34e929bd705eec78,2,N/A,83144
2cd3e4a7342df661,0,N/A,20409
24bdecd1165e685f,2,N/A,83144
0fe50ffd18ecae57,3,N/A,84689
04df6ddd084f7d45,1,N/A,62798
15cf76b027d9520c,7,N/A,171772
2dcf89bf582cb1bc,10,N/A,192931
24e0a722a025dd75,7,N/A,171772
2b21dee571b9dc33,5,N/A,138982
485f75dc8e106a6d,8,N/A,176528
23e33824db5e7ac2,0,N/A,20409
418e4eca0828acf7,3,N/A,84689
114c2828445a71a6,9,N/A,177870
5659563f605b1e63,4,N/A,126637
151b8a1b4e60a406,7,N/A,171772
13a2fc3efed4be19,5,N/A,138982
46ed6860357c1045,5,N/A,138982
49ea73466a6f6bf7,2,N/A,83144
27f00d739e8d02eb,5,N/A,138982
4f7d4a187cbaa585,4,N/A,126637
01d539b7f9576363,7,N/A,171772
4a996bb97bb11e34,1,N/A,62798
41b8f66887cc90c5,9,N/A,177870
17e17438244efbb8,0,N/A,20409
353cd11ec8437c18,2,N/A,83144
28af2cb8be1ea944,3,N/A,84689
217538aad9bb068f,0,N/A,20409
088235fd2b81da7d,6,N/A,151942
0ab15055a8f763de,3,N/A,84689
0a127532a521b7b1,8,N/A,176528
2b2cc79db8960120,2,N/A,83144
178167ae4ec7498c,10,N/A,192931
3de23f4f91f790a6,0,N/A,20409
542a71f45f3c0685,10,N/A,192931
0997725fd9cb339e,1,N/A,62798
52f46be0bb26f4db,3,N/A,84689
293bec80b1a53e3a,1,N/A,62798
2419745ea1467ef5,4,N/A,126637
39bfbe7b3b9f3cc7,1,N/A,62798
42f741fd31acd9cf,3,N/A,84689
1393712c82788348,0,N/A,20409
1071bd43c35730ee,7,N/A,171772
0d718b6a9aaedcad,10,N/A,192931
013ed5faa5586a89,3,N/A,84689
4312fc17806e1e6a,0,N/A,20409
0cebf682af34693a,2,N/A,83144
07b5919058751411,7,N/A,171772
4f3339b49564348a,2,N/A,83144
53505aab0ab821de,7,N/A,171772
2a1a5373e51cf401,1,N/A,62798
497a3d37895a4fe5,10,N/A,192931
50608e717d0d3eac,8,N/A,176528
290f11b5842cace0,6,N/A,151942
0ce97926ab0af4db,2,N/A,83144
340b385feb7341e4,10,N/A,192931
5266236048073a62,4,N/A,126637
4e613be7e76531c3,9,N/A,177870
51e0232b5a54d7e2,7,N/A,171772
53e78e6704e31fc8,1,N/A,62798
0d6291d233132373,0,N/A,20409
53708e07cf4f0018,3,N/A,84689
389d4030668e52a4,5,N/A,138982
41f7e947e0b00f21,8,N/A,176528
27e7acfd9148df83,9,N/A,177870
47bc7cb199025f39,2,N/A,83144
250e30cff2728fe9,4,N/A,126637
3b3dce6e2ce82e89,5,N/A,138982
0d9b096656f1a0f4,10,N/A,192931
0e6ef354b62a8417,10,N/A,192931
327c34ca55ceff57,7,N/A,171772
535a708a45b32797,2,N/A,83144
497e6d44dc7f5642,2,N/A,83144
1730399894b5cfe1,10,N/A,192931
327dba0175198952,4,N/A,126637
0e369e24bac61962,0,N/A,20409
4c44c51332a766a2,4,N/A,126637
15dd13580c040816,6,N/A,151942
4a057b0d980591c9,10,N/A,192931
16a6bd6acc2b8afe,5,N/A,138982
130277961d1a113e,2,N/A,83144
441d37010a5f443c,1,N/A,62798
12297850e8836708,7,N/A,171772
339521868db147a0,5,N/A,138982
4c3cd085f6492b21,9,N/A,177870
3ac84855d6c02568,2,N/A,83144
1580d584bfe9cde8,5,N/A,138982
109618422b31d133,2,N/A,83144
44ef0df35cab49b5,5,N/A,138982
4a583a500724dd8a,0,N/A,20409
393cd50bce6cdf44,0,N/A,20409
09958068f63d9205,7,N/A,171772
5578b1708de94c76,10,N/A,192931
4a73ebfc68343985,7,N/A,171772
07fef0654473ff9c,4,N/A,126637
4b0b38f341bbb625,5,N/A,138982
147069205ab9cd23,4,N/A,126637
4116ea1da4a00be8,7,N/A,171772
3dbf0f68b0dcc2ca,0,N/A,20409
030e5942a4064ea7,7,N/A,171772
25dec43eb421d4e4,1,N/A,62798
2ede1aa47e152de4,5,N/A,138982
2d8caf272915d876,5,N/A,138982
30693cabe64a7a34,8,N/A,176528
55f98cae1f2e3985,9,N/A,177870
4f0e54c9d0fd8d12,4,N/A,126637
3c3dd735e71b54f6,5,N/A,138982
2cfd6c9843dfffd0,8,N/A,176528
151d0065301a4e7f,4,N/A,126637
0ae1a722396f021c,8,N/A,176528
33c2282e0c2b8a61,4,N/A,126637
171667e9c352717d,1,N/A,62798
4db29825294c6b5e,9,N/A,177870
432afe43a6d5266c,5,N/A,138982
54f5c23df924e7eb,2,N/A,83144
0b8c50cd91e878da,1,N/A,62798
419da4eae43a7f96,4,N/A,126637
3684e5f33085797d,10,N/A,192931
2b5f9b1ea4fd0bda,7,N/A,171772
31787aebd2403491,5,N/A,138982
27dad1232c621391,6,N/A,151942
0e7837013d454f1c,4,N/A,126637
346bae5127f109e2,2,N/A,83144
013020b5fd71f04e,9,N/A,177870
3b7803bae5e38f39,10,N/A,192931
17b3456c7c46d367,1,N/A,62798
322968910b4140ab,2,N/A,83144
5085a5fad16583b6,1,N/A,62798
544013e942590e2e,3,N/A,84689
30da381eab0db29d,2,N/A,83144
2870bd37ecbefa63,0,N/A,20409
262d6e9d2199bb32,0,N/A,20409
4d47c10d8ac8eb7c,10,N/A,192931
1660f6651dd2390e,5,N/A,138982
3007e4c66547d27e,0,N/A,20409
229954c68bb7c52e,8,N/A,176528
11742b0060d99e7e,1,N/A,62798
4b26790c127b84e1,3,N/A,84689
38692f2e0dab5454,1,N/A,62798
2cd932fd7f5ffc60,6,N/A,151942
2d99ad4d2b6ac4aa,1,N/A,62798
0a998ee8580717e9,2,N/A,83144
09780a640f3fb1ac,1,N/A,62798
341a7e158e4dac4f,1,N/A,62798
03dce2e87411770e,8,N/A,176528
3ce5b0462254d2ad,4,N/A,126637
2b8cc5004fa3c32a,4,N/A,126637
4ea98abd22a0b4ac,5,N/A,138982
09b92e0b9b15d87b,10,N/A,192931
0e4974ba2493437a,6,N/A,151942
0db55c0ef8b8970e,6,N/A,151942
1023aa1e2ddf22d1,4,N/A,126637
0d7a01c443cd5020,10,N/A,192931
46f441d63d375f18,2,N/A,83144
30fe8485fbc1b546,1,N/A,62798
140215a0b5e5594a,9,N/A,177870
144e4bbc15836540,7,N/A,171772
2e4b87ca2504a67b,4,N/A,126637
4ff40eb0015e4e18,0,N/A,20409
43d6486397584953,8,N/A,176528
0771764a31b113ef,7,N/A,171772
42477e6d01211c70,9,N/A,177870
55e904f3ae97e8cb,3,N/A,84689
332e5d1d5903e9ad,8,N/A,176528
492623758ba4ae2b,0,N/A,20409
0ce11c7639734f5c,10,N/A,192931
126f00442fd1f7fd,7,N/A,171772
36e7941bf414acc5,2,N/A,83144
2e225972961a6854,7,N/A,171772
3d0dc4bc7f8c2e98,7,N/A,171772
37e7a77aae8785a6,4,N/A,126637
06507c885d15feca,6,N/A,151942
13db17e38f12ee99,3,N/A,84689
24bb89ea573914ff,6,N/A,151942
2b6bca56990f4849,2,N/A,83144
333c37847c2da623,2,N/A,83144
22a61b29934d095f,2,N/A,83144
104a931572ba3b99,1,N/A,62798
47e1532760ac827e,5,N/A,138982
527853e5298ddbe5,2,N/A,83144
0923500cf624172b,10,N/A,192931
15b7912ff493262b,2,N/A,83144
2caf85319bae27d3,6,N/A,151942
12fe7a488994b328,3,N/A,84689
062830a88c2639cf,9,N/A,177870
33ecf8e2257ddd3d,2,N/A,83144
236722aee63e78d3,6,N/A,151942
11f9ed9e3940ae7c,1,N/A,62798
55585b96b41a1ee8,10,N/A,192931
47fdf3a3d6fcfa9e,6,N/A,151942
24be563f8db3ebe7,2,N/A,83144
5197242d89ff2c89,8,N/A,176528
0f18b858e7ff8fce,0,N/A,20409
27ff3db63c430910,9,N/A,177870
009ca094bba71714,2,N/A,83144
2bf87897e7ad3c1d,4,N/A,126637
4f0a611a3cab6120,10,N/A,192931
4c7d855803526279,0,N/A,20409
373d9f17f79ef5b9,5,N/A,138982
4fb5cdc4a2f8aead,6,N/A,151942
339e3e911dafecd0,7,N/A,171772
566b28218e56202b,5,N/A,138982
3a61da4b4c6b1b61,1,N/A,62798
4abc99bcf4b28f2e,4,N/A,126637
0cf70fc016b1350c,5,N/A,138982
225705937ee7161c,4,N/A,126637
38976a327f5dd595,10,N/A,192931
33c128c9a096719a,10,N/A,192931
284fb682952d329e,10,N/A,192931
2452c0b3000b7f33,4,N/A,126637
4f6dfcc334f87d8f,10,N/A,192931
0103cc6e050e792b,1,N/A,62798
4315c4b0803f6b7e,0,N/A,20409
550bedd1215c2170,0,N/A,20409
29ac4f24c006905e,4,N/A,126637
3d7191980a155800,7,N/A,171772
0ce537aca7ad2d13,8,N/A,176528
42642450bce3d5b7,2,N/A,83144
4facddfec4232fb0,0,N/A,20409
0804c5f78ac1d71f,7,N/A,171772
415cbca036fb65da,4,N/A,126637
096b1cf62053b66d,4,N/A,126637
3682a8bf357281af,1,N/A,62798
22abd54e48404e38,6,N/A,151942
29d3b984c2e80b4a,6,N/A,151942
42672ba8c4f8a72e,4,N/A,126637
52f67d3ab2a4b419,8,N/A,176528
2ee15de17fa8a371,9,N/A,177870
48177d470dfa8133,5,N/A,138982
0229f847744e18cb,4,N/A,126637
2298b8b47c7a0467,8,N/A,176528
4d401836f3c1201d,5,N/A,138982
230457e0b2f95473,4,N/A,126637
49fdc06a9a39b33a,6,N/A,151942
0d3cb0075881c514,8,N/A,176528
4d89c986bcd275a3,8,N/A,176528
0e672f9bbc349f69,1,N/A,62798
13a733548c109fc4,1,N/A,62798
10a75b39ac4c1518,8,N/A,176528
00026f17ba458f83,7,N/A,171772
3d5e963073c29f04,5,N/A,138982
2e0c55cfc8a996a4,9,N/A,177870
3af0586ad764264a,3,N/A,84689
04beaf6c12461245,5,N/A,138982
0c63f161a33b192c,6,N/A,151942
24a65f65b80d17dc,7,N/A,171772
35b1fc9cfc0358c1,1,N/A,62798
32f1c237c3e2ce70,8,N/A,176528
022fb1f456bf876c,0,N/A,20409
581d35f3e377b04c,6,N/A,151942
4862c4da81d4dc53,7,N/A,171772
029d0f54d51ba74d,3,N/A,84689
41acf5fe3d802016,10,N/A,192931
0bc29d147d8f096e,6,N/A,151942
16534d65c629c9c9,7,N/A,171772
36e55b3bbeddb8ed,10,N/A,192931
3d0ebd8c70292203,1,N/A,62798
5324ecd67dc8bbd4,6,N/A,151942
38fba0247418520f,10,N/A,192931
3b84ff3b0428b91d,8,N/A,176528
310cc7aa411bb79d,9,N/A,177870
099511a74df8545e,2,N/A,83144
4b524e24c6c910ca,9,N/A,177870
244294f7a377524e,6,N/A,151942
375d77f702d9ea92,9,N/A,177870
23b142f5e8f7e8ea,1,N/A,62798
48af507971fdb7c1,6,N/A,151942
28a1d74ee3f3fa64,5,N/A,138982
4f7bfc1c7c465e23,10,N/A,192931
2a7934c12ddb4386,8,N/A,176528
4e809e6dc70a92d8,5,N/A,138982
32d930295d02874c,8,N/A,176528
41bebf0266955628,3,N/A,84689
46dee1617133d99b,1,N/A,62798
0a742749dbb454bf,0,N/A,20409
12980e01637ed4af,8,N/A,176528
0d352d6d53a8e5d5,0,N/A,20409
37b794075edef03d,8,N/A,176528
45445422b3486989,7,N/A,171772
54925691e3800f59,7,N/A,171772
069db97cade5873a,8,N/A,176528
4405c54c85933767,9,N/A,177870
026bab9d3baca88b,6,N/A,151942
305303dda3f25be6,2,N/A,83144
239d4213f32d3669,8,N/A,176528
17e49067c28f87eb,4,N/A,126637
4247d6ca5c4091ea,9,N/A,177870
48fb3768b3ee4f37,3,N/A,84689
37d3eb47232213ad,10,N/A,192931
229e754dcc958527,7,N/A,171772
27e8eede605d6d93,5,N/A,138982
38529129586cbce8,3,N/A,84689
521397c2d3f4fb0f,6,N/A,151942
395a2da506bdba6d,3,N/A,84689
0a7f92a02bf47965,3,N/A,84689
46137dad29b96a5f,4,N/A,126637
2332f6d4bd08d146,9,N/A,177870
3167e7720d2fb72f,9,N/A,177870
3a3679b37d2a287e,10,N/A,192931
2e3cfc14e93dd815,9,N/A,177870
04dc4cbc5c660a21,6,N/A,151942
28a5be1be1fe403d,6,N/A,151942
492446dc7219ca0b,8,N/A,176528
24277df4b6db8513,9,N/A,177870
11e554e775cfc956,3,N/A,84689
34239d550b352a2a,9,N/A,177870
05990c6eb76dd80c,4,N/A,126637
4879b55e8aa1e0b8,6,N/A,151942
2f2c01c069d17f79,2,N/A,83144
10c8b9bac25aee5d,7,N/A,171772
22605b86da6e59c0,9,N/A,177870
4ff22f7fddc16263,1,N/A,62798
4970b54ad712a3aa,8,N/A,176528
0fb55e4ede1289f5,3,N/A,84689
1605bc6d81bc35c2,7,N/A,171772
01585c0bfcf43921,1,N/A,62798
4f27ee485e376e1c,8,N/A,176528
2ae3cfed2a7eb77f,9,N/A,177870
35a0d7ccf2402cdd,1,N/A,62798
3721fcc1b3787eb4,9,N/A,177870
45984f3a70bd0272,4,N/A,126637
2cb10ba2669502e1,2,N/A,83144
312f0bc82e36eada,3,N/A,84689
092719a39a4c56ad,4,N/A,126637
53be8193a1234a00,7,N/A,171772
107423ac3e380442,3,N/A,84689
383b9eede415691d,7,N/A,171772
11d789f4105cf925,6,N/A,151942
11a9df659e62b918,5,N/A,138982
0ab44ab1b2e9f157,2,N/A,83144
56777e14e2e49696,6,N/A,151942
13ab6228ab489d17,4,N/A,126637
24b8dafcb68755d4,0,N/A,20409
326c0417beb66f74,5,N/A,138982
4d32f9c0c2f04779,5,N/A,138982
348fae6c006ca27c,2,N/A,83144
4ea07161c8d6e30b,4,N/A,126637
4a48521947f4b2f9,4,N/A,126637
473ff50a5101e630,2,N/A,83144
4ed044f6bbdd9300,5,N/A,138982
02f56c695ec9e9fe,2,N/A,83144
320dd836bf6674a0,10,N/A,192931
0c713f0f0e4f5094,9,N/A,177870
0bf98a8213fd3d1d,7,N/A,171772
3b4a803d99086462,1,N/A,62798
3199f5be6b1c5f95,10,N/A,192931
31c39a91b43a6fa3,5,N/A,138982
079a1da3626377ec,7,N/A,171772
14b76923b441fce7,2,N/A,83144
0eefb0d92f56a181,5,N/A,138982
123e0817780e6f59,3,N/A,84689
279b61c986e85178,10,N/A,192931
185cbbf79bbd475b,10,N/A,192931
5174747098c919e2,6,N/A,151942
0054e366eeff7c75,6,N/A,151942
0bb5a984c6dc19ae,10,N/A,192931
05035ee4e1079375,2,N/A,83144
187f98052af62bdd,7,N/A,171772
4df45a894277706f,9,N/A,177870
3785d26a4ae28f13,9,N/A,177870
02139bf477be60f7,4,N/A,126637
3843aeaca1dd71ef,0,N/A,20409
4330d10bb036b109,10,N/A,192931
49ac5657bcb535d6,4,N/A,126637
0c62fdb8fe352017,1,N/A,62798
16ada5a2fd01095b,8,N/A,176528
3e6a68646aa6eff6,3,N/A,84689
391c7700a46c2283,0,N/A,20409
386bec23b378923f,10,N/A,192931
3ba9f3ee05678d4e,10,N/A,192931
51b2b7328c9df69a,10,N/A,192931
43f792d4798ace35,7,N/A,171772
4e8579536d68dc80,1,N/A,62798
0eeafd198e6ad12b,1,N/A,62798
42e878f252436ce6,9,N/A,177870
0684b7fe9be75e2f,7,N/A,171772
122a024d19695d4c,5,N/A,138982
4c82b5efd6a6c18d,1,N/A,62798
23a6463b944717da,10,N/A,192931
551153c0aa8b1a28,4,N/A,126637
3ba3be24bef7e6ca,2,N/A,83144
079d54149a2425e8,5,N/A,138982
15686c2f0f76e906,10,N/A,192931
109cb93679a69636,1,N/A,62798
010977d1e949edfc,0,N/A,20409
0dca18be35660eee,2,N/A,83144
4c6ae466186fcff5,9,N/A,177870
2f2e40e6a2bdd396,9,N/A,177870
12ba43c4fec85758,8,N/A,176528
0daafdfd855e06fc,10,N/A,192931
4ef02ee11582928a,5,N/A,138982
34557aea2c690469,1,N/A,62798
4a068a7b813312bb,8,N/A,176528
07a651a577420358,4,N/A,126637
00740c87a82a2c1b,7,N/A,171772
0594d65074612248,9,N/A,177870
47db9479d02253e9,0,N/A,20409
367860d773717aa8,4,N/A,126637
2ec0bd8aefa15ac3,8,N/A,176528
48a7c2bf48d7404c,0,N/A,20409
48e45c4a0e240cd2,10,N/A,192931
0761dc96672b2e9d,4,N/A,126637
14ef65635c93b3e1,10,N/A,192931
29a6db85c7eb3781,9,N/A,177870
08b91ec7b6ad6680,10,N/A,192931
26153f7f86104ed5,7,N/A,171772
5041da9b34d48452,9,N/A,177870
151814cce2a45508,9,N/A,177870
4e5d8f592f77f4c0,5,N/A,138982
02c58d86c789a6a5,0,N/A,20409
3986a3f67cbe3c66,10,N/A,192931
4fcad9b296fd90dd,6,N/A,151942
163b19ef8c28fa66,4,N/A,126637
37b522326eee4e52,8,N/A,176528
369d2197b792337e,3,N/A,84689
14504b932684aedb,8,N/A,176528
48f86a245d1efedf,9,N/A,177870
3040c6d73cc5403e,6,N/A,151942
55e2e4cd8b4ddf12,6,N/A,151942
1123193d866d3cf0,3,N/A,84689
2dcf453e33456119,2,N/A,83144
0675df6f07c65187,3,N/A,84689
0ae877cff8d9d40d,1,N/A,62798
550b6e1acd2af95f,2,N/A,83144
4af982dca0c99575,7,N/A,171772
0544b80085821008,5,N/A,138982
2f0c5a2ac2f15124,2,N/A,83144
3850bc156281013a,0,N/A,20409
14fd881e2dd031be,3,N/A,84689
31b66d387192bff2,7,N/A,171772
0f4edad9d3c7c902,8,N/A,176528
14bcf02e5c290d61,0,N/A,20409
2a5ebb5c2b60535d,3,N/A,84689
2b6c7916f250a1ea,0,N/A,20409
3a44405040b9278a,9,N/A,177870
17ff587a5c6694e2,2,N/A,83144
2a38614ed2b29652,7,N/A,171772
27d0368e52f8d92d,6,N/A,151942
079099b88c50d566,3,N/A,84689
0b258856309572ba,6,N/A,151942
383a2117f13844d4,5,N/A,138982
36041351f6c5797d,1,N/A,62798
099e652f5dd012c2,0,N/A,20409
27da5e70317e93de,2,N/A,83144
285ae5203c7bc8fa,1,N/A,62798
42e81fcef29493e5,7,N/A,171772
288d2c7ca50e59e1,4,N/A,126637
451cb76ce323c11f,5,N/A,138982
03fe19c0ac86ead3,1,N/A,62798
13b3f714d5b91222,5,N/A,138982
386d58fd54eaa92b,3,N/A,84689
2350aca3a1fc9818,8,N/A,176528
5193df6795735534,5,N/A,138982
2ceace5a255c50ed,5,N/A,138982
1004c001fde01a27,3,N/A,84689
473707f6a4c87c61,9,N/A,177870
04c1281ee5fd79f7,7,N/A,171772
24c0b4771a608e86,7,N/A,171772
3ca49c930249b020,7,N/A,171772
54e725869ec672c0,5,N/A,138982
47054918506d9d4f,5,N/A,138982
121f8b2699eaff4a,7,N/A,171772
55b802b65cc248b9,8,N/A,176528
4f161b20d1ee5ab5,9,N/A,177870
2e7c39b27569669b,1,N/A,62798
329b1be89952a6ea,8,N/A,176528
04b9201655654fa3,8,N/A,176528
3d5d90d9d9462a02,9,N/A,177870
2f12b901248194d6,8,N/A,176528
0bb84975fba82eb8,4,N/A,126637
0ae9a76c1c5db929,3,N/A,84689
075ffb5593750a24,4,N/A,126637
2bd764093cc809d9,10,N/A,192931
2f4076d26012f51a,5,N/A,138982
038eb18722361a69,10,N/A,192931
437f946eaea27ce2,2,N/A,83144
00b6e3050572f46f,0,N/A,20409
31283a192e3ff960,1,N/A,62798
503dc792ec564f71,2,N/A,83144
4a1c89e3056625e2,1,N/A,62798
01384cd07195f5c5,0,N/A,20409
1609ef009117ca58,10,N/A,192931
0efd0b75e0a725ea,2,N/A,83144
4f6b80f46a826109,1,N/A,62798
3950efeb00dfc552,0,N/A,20409
22b0ce7470534f3a,5,N/A,138982
10896b68810cab75,7,N/A,171772
0c99c26075795ea8,5,N/A,138982
3b1f4537609f26ca,9,N/A,177870
3e1f79f12130f30d,9,N/A,177870
2978379dff22d6f1,5,N/A,138982
3d7ddb1164261f4c,10,N/A,192931
5505ade0f40a43a7,9,N/A,177870
27e95de7cc8e41b2,3,N/A,84689
39be920f8713508e,5,N/A,138982
297b2ed1b97a81de,4,N/A,126637
11435facb2ab5ec3,4,N/A,126637
01f8c7433680ca68,4,N/A,126637
4e483485a1f0d5f0,4,N/A,126637
17ea0748de1383d5,7,N/A,171772
1429de20b982ac9e,8,N/A,176528
4a821dfc7c1dbf1f,7,N/A,171772
0abe4c37e0b77df3,9,N/A,177870
52ea526f15db0be7,10,N/A,192931
16049e32a8383e8d,3,N/A,84689
33b3bfb0e387de70,6,N/A,151942
01280b5a7beb0356,8,N/A,176528
4379088c6c020664,9,N/A,177870
4d31642c5e4ec98b,8,N/A,176528
53e67fa73472b630,1,N/A,62798
5155f696ebec8b81,6,N/A,151942
46ce028c7f03cec9,7,N/A,171772
0f55490cf9ed6757,2,N/A,83144
253e271b368dc8db,6,N/A,151942
0029f7afb9a95af0,8,N/A,176528
4808e7e55c4724fc,5,N/A,138982
24f8ad55c85c7a94,0,N/A,20409
5203e4f496dde3fd,4,N/A,126637
3c4c8d93b5214325,5,N/A,138982
4a4dcda66ff92f39,9,N/A,177870
472402e7bc10e526,7,N/A,171772
22ae7f0dc800a853,4,N/A,126637
134336d33029865f,5,N/A,138982
527828b29ad3f67c,9,N/A,177870
0a60ddc7b1f5e2de,7,N/A,171772
555e6891d84c81e1,10,N/A,192931
4456d7152b5c8c9e,2,N/A,83144
4f846df7a81837bf,7,N/A,171772
2f0547101544746c,5,N/A,138982
0f8ad26be752d674,0,N/A,20409
2626ce81da8acf12,9,N/A,177870
2cce9a0b4bf2f6b7,4,N/A,126637
0127f08ca65d1a10,5,N/A,138982
4355f8f539cf5c78,2,N/A,83144
3b3b08d3620c2e43,6,N/A,151942
46c86fd47504dd45,10,N/A,192931
0826fffce0fae350,0,N/A,20409
01a659a17da39773,5,N/A,138982
5265c7684b6d1e45,9,N/A,177870
166bab32a752d5d0,1,N/A,62798
2ae853d6f7de8cbd,5,N/A,138982
4d93cbe220580431,3,N/A,84689
5356f528b9e2dc4c,6,N/A,151942
4a34895fbd0947fa,4,N/A,126637
01b56aecb2fb0c2d,10,N/A,192931
453c1b230e341fb6,5,N/A,138982
4132bd520d477c76,0,N/A,20409
5125b050171869a5,3,N/A,84689
022c0a2324281f88,5,N/A,138982
0179c064f6aa4f30,1,N/A,62798
3d5dbdae26c5ba38,5,N/A,138982
364757ba1606c02b,4,N/A,126637
55840d9c5bdc7069,8,N/A,176528
2e90e3128e6066cc,10,N/A,192931
23554bafee5edf08,8,N/A,176528
50a7d32ec83e25d1,9,N/A,177870
50a7eff107bc312c,8,N/A,176528
3ce6280fd9cb9714,10,N/A,192931
41adf383c918c596,3,N/A,84689
5313c77947b27f11,4,N/A,126637
42ab20fff8e49bdd,7,N/A,171772
3aa6dc010766ef39,8,N/A,176528
319cce51f295e9c2,1,N/A,62798
459468cbe23c8d74,2,N/A,83144
13fbb3cda4f0d147,9,N/A,177870
5889b5d62f82779a,3,N/A,84689
0ce3360215637832,10,N/A,192931
07436c685dbb1d91,7,N/A,171772
33cc966872addfdd,2,N/A,83144
0e80863705e8b7e8,4,N/A,126637
4d1dc9150e68fe27,9,N/A,177870
3abe2db6cbf032ed,9,N/A,177870
0dac72090ed58961,1,N/A,62798
098fbb7da6faf6ad,1,N/A,62798
489ab8ece067a528,3,N/A,84689
47ca122d0d0fb1eb,6,N/A,151942
14ec218e320b6706,2,N/A,83144
271337ebe001ee40,9,N/A,177870
3d7c38b463ccd171,3,N/A,84689
55e33a075b153423,0,N/A,20409
2ca1292b76be9226,6,N/A,151942
315e69430efa4c52,0,N/A,20409
538daece467fcb16,6,N/A,151942
28009d428d7c9754,1,N/A,62798
1628370deaac3b65,6,N/A,151942
030b614d72da882a,2,N/A,83144
296a0b90380a765c,7,N/A,171772
548506b338a95e0d,8,N/A,176528
156dccdded7dfa78,6,N/A,151942
4356665bd6754f18,10,N/A,192931
050f1104bee7733a,5,N/A,138982
3896edc58ab8ab3a,2,N/A,83144
2827380607351c65,8,N/A,176528
0955bfac4eba6fb2,2,N/A,83144
2d56e15990750e62,7,N/A,171772
06630ad55030fccb,4,N/A,126637
538a43776e8b30bf,3,N/A,84689
011a08c547d37045,1,N/A,62798
0ecd51d5965c582f,5,N/A,138982
05b3fd061a8b3a04,9,N/A,177870
5445e03f8b464677,5,N/A,138982
34afc00f9f912252,4,N/A,126637
025206f18efb51f0,0,N/A,20409
13041fe1f7ca8892,7,N/A,171772
480cb2a8591f0d24,0,N/A,20409
51aea8bd603e6ac4,4,N/A,126637
15c4f0cd04e12c68,6,N/A,151942
1328ebe9d39d0855,9,N/A,177870
24adebaa8b46a39b,6,N/A,151942
06b9d41ab5c91fd7,6,N/A,151942
289f33e3b0277b2d,2,N/A,83144
12facad7b5c052bf,4,N/A,126637
039c1e0d3f30020a,8,N/A,176528
46a6166f02f6325a,10,N/A,192931
425e09a59102e028,0,N/A,20409
4f18bf788199cb27,5,N/A,138982
27269b8bcee4f425,4,N/A,126637
37d0524bc3a2f657,2,N/A,83144
32ac971c2a3aa732,4,N/A,126637
237872dbdf6fe519,1,N/A,62798
0aab5105a08a6977,10,N/A,192931
43f4a28107e2a13a,8,N/A,176528
42a773cc4cf08d93,8,N/A,176528
28ec8158fbf7a131,5,N/A,138982
2ca43fb6de1b28ab,9,N/A,177870
10d1725d7fcc7cd4,9,N/A,177870
4b2de1de8c2511af,9,N/A,177870
4665fe58bca73703,8,N/A,176528
15ec71abcc8e6f3d,2,N/A,83144
4f701d3d47b3b3cd,2,N/A,83144
2e342debd82324b5,6,N/A,151942
0d473ddbc87afe28,4,N/A,126637
355ff326ef9c489e,2,N/A,83144
171043e1ba2c74a6,5,N/A,138982
141cdcc93ee4a7a9,9,N/A,177870
39974899d1a56cf3,4,N/A,126637
4913ac539d94929b,7,N/A,171772
3137f6b109874e78,4,N/A,126637
2c52750340f8d0ee,0,N/A,20409
55456bb703a32538,7,N/A,171772
30bd97140689c8e7,2,N/A,83144
362113602b1e09fb,2,N/A,83144
095c6e8492eefe86,9,N/A,177870
33939a5cd0de5d37,5,N/A,138982
291b3340e3e6f30a,5,N/A,138982
398e57a38b48649e,1,N/A,62798
343e3818bac1990e,5,N/A,138982
4675a2a80a5cd670,6,N/A,151942
0c0eb5f44a6e588b,0,N/A,20409
380814abd372ca7a,6,N/A,151942
28bd4c745f520409,7,N/A,171772
45fa57a8d69ab58d,0,N/A,20409
00fe1d9d173d0c90,7,N/A,171772
109beae7c723c322,2,N/A,83144
2cd634054823ddd5,7,N/A,171772
1816dcacfa9e8e8f,10,N/A,192931
3a1f4fc8ba59aacb,1,N/A,62798
0c82b6190f6c5778,7,N/A,171772
2b741234fbe45198,5,N/A,138982
2cdd22e9479330f9,7,N/A,171772
45bddb5771c0d1ef,1,N/A,62798
16682af71e983244,10,N/A,192931
2d94c3df0bea872f,4,N/A,126637
1572e50780a97031,5,N/A,138982
08e0a33ccbb5ca23,8,N/A,176528
2f3a2c61f7808b5e,6,N/A,151942
39c7fe08514b10cf,3,N/A,84689
4c2bf5c6530b9dbc,8,N/A,176528
2719dc3ada2aa5b9,5,N/A,138982
02ef20abc3603198,7,N/A,171772
44af696ac1933b3c,10,N/A,192931
477bfa7140d41fe2,9,N/A,177870
48392b480e76f44f,0,N/A,20409
15005a11aabbd9ec,10,N/A,192931
42d91a1cdca69ae9,5,N/A,138982
4f3a052991c5384a,0,N/A,20409
230dfae7d8df1155,7,N/A,171772
3cf9f57671dd4c93,0,N/A,20409
3ad0d45e77f77104,7,N/A,171772
24bae5b0e972ba03,9,N/A,177870
074362e9ddc450f9,3,N/A,84689
4a7020607cbf3f05,9,N/A,177870
10903fba03abfdfc,0,N/A,20409
38485fc60bee2932,9,N/A,177870
241271b0e016bdc9,7,N/A,171772
230d17318ad574f3,8,N/A,176528
485fa2cafd1fceee,1,N/A,62798
45cd2cbc6a17f448,0,N/A,20409
300538e34f8958a4,2,N/A,83144
17bff6695cdec6c2,2,N/A,83144
2d713a3532491197,2,N/A,83144
03142a22fc766d14,4,N/A,126637
3176796ebeefcd37,4,N/A,126637
5557525f26a410d1,1,N/A,62798
4eb07ae318314423,1,N/A,62798
09ee8b3018897167,1,N/A,62798
53300b6871f758db,8,N/A,176528
30ce74ad8611be33,7,N/A,171772
340edec5337b3be0,5,N/A,138982
4a33fffc04eb9345,2,N/A,83144
03c11be269b8540f,1,N/A,62798
306a2074a832ee48,2,N/A,83144
4e3e83aff1f10337,1,N/A,62798
42e1a773f1b987a8,0,N/A,20409
2e202314821537af,2,N/A,83144
237bf29acd03570a,6,N/A,151942
0f293bd9ee700e6a,3,N/A,84689
50bfd654a4b05edc,6,N/A,151942
137268e1cea4f007,9,N/A,177870
39ce191a4b0bfe22,2,N/A,83144
355e86ebb4f698fd,7,N/A,171772
55ab5ae67483c56d,6,N/A,151942
36b3ef7d461f0ac5,2,N/A,83144
0a4e8123a9ad96fa,2,N/A,83144
55dd9f23e904e42b,8,N/A,176528
50c9dad80390fcf3,1,N/A,62798
3b61d1795cf4c69e,4,N/A,126637
10d8a272c45f8432,10,N/A,192931
03447dc6ed291d3f,7,N/A,171772
556a06280b72a69e,0,N/A,20409
315f626d449bddbe,1,N/A,62798
13425bb21b99cf71,1,N/A,62798
2e1cbec063056b14,2,N/A,83144
1495fe2e8be2acbe,5,N/A,138982
032f1c3a9a4db9db,8,N/A,176528
1618e7cf797d1c0d,5,N/A,138982
5620fce559e7852e,9,N/A,177870
120a863dedaf99ae,7,N/A,171772
342b4d7f8e1c7446,8,N/A,176528
3d568064df240d7c,1,N/A,62798
38379f68579443ed,2,N/A,83144
2fd35120e069bdfb,7,N/A,171772
09487588b9b16cc3,9,N/A,177870
1286c6370333eeb6,3,N/A,84689
46c611f92d54beef,8,N/A,176528
34490f04b6ad84e8,5,N/A,138982
37c892154d17564c,4,N/A,126637
301b2fe9e27f241a,8,N/A,176528
02e886fee2c28eae,7,N/A,171772
3c35d87acaf84966,1,N/A,62798
22a72a35edf6448e,0,N/A,20409
4f8d2892c179174f,5,N/A,138982
31aa257cfa76953e,6,N/A,151942
0715e569bf08ba88,7,N/A,171772
55d0ff5d4b34b819,9,N/A,177870
14347924bdbc3e2d,7,N/A,171772
145d2f21b7ebbdc8,10,N/A,192931
039832a1291854ee,5,N/A,138982
556ce6210e3aca43,0,N/A,20409
48a2049cef6285c7,5,N/A,138982
22b6a3835962f97b,6,N/A,151942
13ee67568e6f5991,2,N/A,83144
52df63b89d04f5dc,4,N/A,126637
4c7fb39bf7609a19,7,N/A,171772
3b225c54ce7462cf,8,N/A,176528
12182221fa2cd586,0,N/A,20409
43f1d5bb1273ebba,0,N/A,20409
3504e192702e9e7b,0,N/A,20409
107750b37faba678,4,N/A,126637
11d675f733ade9dd,5,N/A,138982
103bc1c679803a97,6,N/A,151942
1593bcf701b3dfcb,6,N/A,151942
258fd26fd5ea43e7,4,N/A,126637
2e1c470964831534,8,N/A,176528
046d53e9d2c29d94,9,N/A,177870
36ebb79c7b72f464,3,N/A,84689
4e4a569ac2fd3393,0,N/A,20409
54a3f4a23843c30e,7,N/A,171772
5500f957edcbc66b,1,N/A,62798
2ece425c686d1e47,1,N/A,62798
0f98383b72ad128f,1,N/A,62798
2f0cbf20f30550ad,2,N/A,83144
2b37ee9e773b8511,1,N/A,62798
393d94a545f6b8da,2,N/A,83144
2add320337400ae5,0,N/A,20409
4d1270f08debb3d7,9,N/A,177870
1382278e3d9d2830,1,N/A,62798
12756fdeaeedd63d,2,N/A,83144
0e331fab349d18ba,3,N/A,84689
34966416af3126d7,8,N/A,176528
29400a80f6c400f1,4,N/A,126637
2d09d224d9a1d8db,1,N/A,62798
455fa9519be48703,5,N/A,138982
50d8d1676dfab2fb,8,N/A,176528
2701c1971865593e,1,N/A,62798
0419858abbdd1ea9,5,N/A,138982
137811e7e0b70a8d,7,N/A,171772
2e732aca6f41e2a5,2,N/A,83144
5334b96599ce2859,1,N/A,62798
44a91014961c0cfd,0,N/A,20409
2cd6e37cdac266de,5,N/A,138982
0de609cdb1e9b4bf,5,N/A,138982
34179c394c9bb960,0,N/A,20409
3bbd274f14af6f8e,10,N/A,192931
115eca1cb67c9c7c,5,N/A,138982
03584a5dce8678de,4,N/A,126637
4f405420be939ea5,9,N/A,177870
2dc739b218cb2529,0,N/A,20409
5456ee38e279e2eb,7,N/A,171772
4556503148740a90,2,N/A,83144
17106e2ad37a3af1,6,N/A,151942
49bea8c4be5a5607,8,N/A,176528
4f9a7d948aed5f4b,4,N/A,126637
54b69a9bff9bccbf,2,N/A,83144
27b9c4e133bb1a58,0,N/A,20409
2b3e7a3ecc0f0e39,7,N/A,171772
4ac8b3753835e060,6,N/A,151942
35d1cc4912d4668a,4,N/A,126637
3b3e6efb488cdf7e,5,N/A,138982
46a0ab3851dd1c1d,10,N/A,192931
13bdfab85b305cff,3,N/A,84689
290d9dd5d344f6f9,2,N/A,83144
278a12a62f67174f,8,N/A,176528
3a66d4f1c58c9d94,3,N/A,84689
35c97913ff883156,5,N/A,138982
126442ccf0cf5d16,1,N/A,62798
356c592097827cf2,2,N/A,83144
511d95567d859d3c,8,N/A,176528
26de2ec7fc49ee96,5,N/A,138982
13351515ac81d0e3,7,N/A,171772
2517776709b9a48e,0,N/A,20409
0cb0a20b3ceaccce,0,N/A,20409
26dd5d52a20a5adc,2,N/A,83144
061cc46df3161337,6,N/A,151942
24f4418e59092423,10,N/A,192931
3245a5b0a59caae5,4,N/A,126637
4d36ebe0bec1cfe1,2,N/A,83144
11bf551cffb8bdc7,10,N/A,192931
026a2458891ad656,9,N/A,177870
44322dddf4ccc3bc,8,N/A,176528
34f6ac03ffb67638,6,N/A,151942
4e394d608efcf564,4,N/A,126637
46c1a1d73ece197a,10,N/A,192931
241f8deaeeb2497b,2,N/A,83144
0331ca6b79fd5a8e,4,N/A,126637
3d381a9996d5a869,4,N/A,126637
4ca250208b05b3ca,0,N/A,20409
3386f3c0bac9b8d2,10,N/A,192931
433410ba5e82a4b6,8,N/A,176528
0b8976a53f403c74,10,N/A,192931
0dc2106ba83c34be,5,N/A,138982
53b1e71f5f21f0f1,7,N/A,171772
4261dc185b5ef037,7,N/A,171772
35aa2fb38fb5b96d,8,N/A,176528
41e99e11ee78bd4c,9,N/A,177870
17ca2722f3fa6ee6,3,N/A,84689
3ab8d3d08e303752,4,N/A,126637
0da3286fdbd4e233,1,N/A,62798
21850060287b7175,4,N/A,126637
36104684936a38d6,1,N/A,62798
01738642f5c2e2fe,2,N/A,83144
36dcc603f1347fd5,7,N/A,171772
27fe80e757e22754,5,N/A,138982
53cedee5dfa91a3a,2,N/A,83144
0d8a6a78681b8556,6,N/A,151942
2aa4a4bd22ed40b2,3,N/A,84689
10094757ae22abc1,8,N/A,176528
1148629cd08ba3ea,5,N/A,138982
05866777e084081f,8,N/A,176528
009144022ccc9eb4,7,N/A,171772
39cb00985ecd977a,2,N/A,83144
28e8b6182a985232,6,N/A,151942
12d869697ba75f62,1,N/A,62798
1873e65ea40e6725,9,N/A,177870
0a735280a8d664de,8,N/A,176528
4c1cdef62095662d,8,N/A,176528
439cf939d8273a95,6,N/A,151942
2bc9d9ca78815c83,5,N/A,138982
06b01a0ea2137f97,0,N/A,20409
561ccb6de4cc5afe,10,N/A,192931
3314f7bbfbd7926e,1,N/A,62798
161a26918ffc7977,10,N/A,192931
3bbfb17d03a2c776,7,N/A,171772
23ffb8e534219f49,9,N/A,177870
27e708a76ddda6bd,7,N/A,171772
133702c85f36f6e8,7,N/A,171772
0368dba3fdc1ac0e,7,N/A,171772
46b75a75d9e2790b,1,N/A,62798
332dfa73d35f5a4d,7,N/A,171772
354fcae1d31aaa43,8,N/A,176528
4a1cd9ef86c3ce64,4,N/A,126637
1747e301d09be403,10,N/A,192931
41cbf982296ad6f3,9,N/A,177870
4123eef24e067afb,6,N/A,151942
56267b0ebedf760d,2,N/A,83144
34ef1fd9d7d37ca1,7,N/A,171772
219dab6e71a184d2,5,N/A,138982
061632eafe6f826c,8,N/A,176528
113af1bd07023f60,1,N/A,62798
3aa96f8d5cdb79dd,7,N/A,171772
138aab58110274a7,0,N/A,20409
035da32fb191127d,8,N/A,176528
4b2650062bdac624,2,N/A,83144
4fc08e940fc64af8,4,N/A,126637
25f4ff6ddd97f724,8,N/A,176528
4bfd3674f5e573e2,10,N/A,192931
2a35eadb037f28ab,8,N/A,176528
0a8b3af273d2658a,0,N/A,20409
310d3f2f3ecb8000,3,N/A,84689
01c4b72b291a4bb0,2,N/A,83144
2378701d1acf4305,8,N/A,176528
45a3722ab22bfab9,9,N/A,177870
1517a9283f6a2e53,4,N/A,126637
0d3b051be2e71a28,6,N/A,151942
25d0ac110c4f75a6,6,N/A,151942
51a412d9e2979c85,2,N/A,83144
31a2a3c328128f23,5,N/A,138982
13114db1920f1b71,8,N/A,176528
537bbb5fced78a2a,6,N/A,151942
06b3c2706977b89d,7,N/A,171772
08762e491b1992d9,0,N/A,20409
2e1c04094d8bab85,7,N/A,171772
55d153c52f304fbe,9,N/A,177870
177a5960501caa8e,0,N/A,20409
126d5aa3ffd29e11,6,N/A,151942
128b38fd6972d5da,2,N/A,83144
44965c418e2fab4d,7,N/A,171772
3143ea54753141ab,10,N/A,192931
51dbeba4bb45d528,3,N/A,84689
4f404a07fb77d7dd,0,N/A,20409
28bf9abb5644b2e1,6,N/A,151942
3dcb259425265a0a,7,N/A,171772
5883b8fa51f8738e,10,N/A,192931
03f129deae5115bd,2,N/A,83144
5414043b1aace2e2,3,N/A,84689
0785e76d223216dd,8,N/A,176528
08e7eb78fccaacc8,9,N/A,177870
218a16eae059a51f,7,N/A,171772
548a71496467a2f9,3,N/A,84689
39cc891737d88fc3,2,N/A,83144
265e560323b8f7a5,6,N/A,151942
2a2716a223efff45,0,N/A,20409
152e8d4a7b3c54c8,0,N/A,20409
1178cc7f02d9af04,10,N/A,192931
4e0ce7cffdb82c12,2,N/A,83144
341545cfc311988d,1,N/A,62798
3a0cef494da14b95,10,N/A,192931
0f8a512aa1f91db7,0,N/A,20409
519c4b300257f8f2,6,N/A,151942
0bf01951b1abcf3f,6,N/A,151942
4a8d98e30697b8db,1,N/A,62798
2c6c4c5e9116b62e,8,N/A,176528
243cc5f8921cbe38,5,N/A,138982
10c3e3d9a1fb4d49,1,N/A,62798
277e71aa3554f016,8,N/A,176528
0764618f177e2964,5,N/A,138982
421b51ab7b1043e2,10,N/A,192931
13aedee0d8df2762,3,N/A,84689
1558f82770aa8205,5,N/A,138982
0f6b5b661bc5d768,7,N/A,171772
4b237eb12d22cc95,3,N/A,84689
136a16fcceeae8a1,10,N/A,192931
2b895f084d889bcc,4,N/A,126637
0dd5fe0aacafd342,5,N/A,138982
0c07592d05a144d1,4,N/A,126637
4899c9d249c4972a,2,N/A,83144
0036d9e0147e8e26,7,N/A,171772
0f2c78be94317d28,1,N/A,62798
0c0a66938e8d7b25,2,N/A,83144
36067a6d80fcff53,3,N/A,84689
3c8c9d87e1e3193e,6,N/A,151942
3c1edbaeba980a27,9,N/A,177870
0d002393271989b2,8,N/A,176528
0d6f3fe8c8d30e60,9,N/A,177870
116d6dfc68e4f33b,0,N/A,20409
0a66f1c59ab4de3c,5,N/A,138982
0342b97663dcef54,4,N/A,126637
41b0f4265142a3a0,1,N/A,62798
4351495aab856362,5,N/A,138982
2d8ff6524428189d,10,N/A,192931
2f2aa5104398dd71,2,N/A,83144
2c7b9e84b4700b4e,6,N/A,151942
105050a1a8af3f13,5,N/A,138982
3337e7f793f3da9f,9,N/A,177870
364a35a06987827b,10,N/A,192931
58885c106d433515,7,N/A,171772
4d88e0d140893958,0,N/A,20409
0692cb6c97295cab,7,N/A,171772
13bfa918eea50e42,10,N/A,192931
2ebe0a6980b8382c,7,N/A,171772
4d464aae417b2224,1,N/A,62798
0b5292fcf562bc05,1,N/A,62798
0188ea1fbc6ee074,8,N/A,176528
0f81635f83accc8e,10,N/A,192931
27751855c88a1019,2,N/A,83144
3b16ee5bac019670,8,N/A,176528
0fdaa6e64841067c,1,N/A,62798
3d038d1c2a476d91,0,N/A,20409
313ef9e87a7a789f,1,N/A,62798
171a0520b8b63e8d,1,N/A,62798
528284f2ea1c4ba1,1,N/A,62798
2bdadc43dd88f5db,5,N/A,138982
0370442c6c3a3ede,0,N/A,20409
42d58c726b92a114,5,N/A,138982
3419c6129494bf99,4,N/A,126637
0a7d72df36efa326,9,N/A,177870
4ea3500191dabe2c,3,N/A,84689
013a9cc7a548e862,1,N/A,62798
3d81c19370fb6355,6,N/A,151942
155a4552525101b2,10,N/A,192931
51294759e37da120,0,N/A,20409
53ffb3dc822eafef,5,N/A,138982
294337536eaa725d,7,N/A,171772
2abca7eacacd3d84,8,N/A,176528
44bb49fc40a4a16b,10,N/A,192931
2fe9142aedd3b056,8,N/A,176528
559925ae79ae1a58,2,N/A,83144
0f6cdc8dbca10043,1,N/A,62798
365c3da07be3c036,6,N/A,151942
1577e91524636ee8,7,N/A,171772
47f476381c58e95c,2,N/A,83144
13cd7d8aea56bfbd,1,N/A,62798
169953ffb62f6bcf,4,N/A,126637
155af67d790d4a73,4,N/A,126637
42e825b162d75f70,10,N/A,192931
0f49ce7497bcc8b3,1,N/A,62798
3d332c9058abb8d4,9,N/A,177870
2a475e6991bfbcd1,1,N/A,62798
37af9d0e34634f77,10,N/A,192931
173a47dfe328df0a,1,N/A,62798
24eaa1fd130cf81d,0,N/A,20409
4495973069cdaee6,9,N/A,177870
116a356d1f126098,0,N/A,20409
326cff074d4f04ee,8,N/A,176528
2b64758e9e015675,4,N/A,126637
149fd68261f6a3b4,4,N/A,126637
05f3dee95be6d3fe,9,N/A,177870
477c96cca9c2f0ba,3,N/A,84689
2ffa3314a2df5a02,4,N/A,126637
0d978ae9612bda31,5,N/A,138982
23c8464fcddb1900,4,N/A,126637
0c3de2fa1ce022c4,2,N/A,83144
376799b066d6f2d2,5,N/A,138982
330a1bb2d8f8db53,4,N/A,126637
26fd8c505972cf28,10,N/A,192931
2d84d54a3447eb6f,6,N/A,151942
4e46d43d2ed27517,4,N/A,126637
326c4a6e254a64ac,1,N/A,62798
0d098af5affc7441,3,N/A,84689
4afe43071f86a516,8,N/A,176528
4f1c97b1a1b47a2e,8,N/A,176528
4322ad35f26d0661,10,N/A,192931
30c1dacfdaadf08f,9,N/A,177870
06f91a7c8dcae3bc,5,N/A,138982
31f5eac6c32fea33,10,N/A,192931
3e167a6935523469,2,N/A,83144
35954efe1a2a59fd,4,N/A,126637
13fad00aecfa5443,5,N/A,138982
2401cd1f90c484cc,9,N/A,177870
1770d33215185caf,10,N/A,192931
05cdb4817b764608,3,N/A,84689
529ac88ac1a0e4c0,8,N/A,176528
4bfda748a6d67da7,4,N/A,126637
0a017cffbd3db446,10,N/A,192931
391ba1b00c760c3e,1,N/A,62798
4dff3748c1ab50e4,4,N/A,126637
4d6908ca137f858e,6,N/A,151942
26160881988047c6,0,N/A,20409
499c18d5ce527a53,9,N/A,177870
2d5d217930b383b3,5,N/A,138982
5160edbe3d1cceef,5,N/A,138982
263dd19cdcd8075a,9,N/A,177870
24dd9f890b6d784d,10,N/A,192931
232668be830133f0,1,N/A,62798
0b8b72229b3c7497,0,N/A,20409
3dde1f25eb13b7c9,1,N/A,62798
2f16e06f38214487,0,N/A,20409
184c0037f8ac3e2d,5,N/A,138982
316813b65c161a48,9,N/A,177870
55a8f2f18e28af3e,7,N/A,171772
5226d8814679be5e,5,N/A,138982
4ecf5ba3f2d48d9e,1,N/A,62798
4298040587ed9097,9,N/A,177870
2c5ebaf02c67239e,3,N/A,84689
00f094a510d0e608,9,N/A,177870
4e356c9b9561cd27,10,N/A,192931
4e46cfb68939b5bd,9,N/A,177870
0014ed3f568a680e,4,N/A,126637
3cd976093aa158e7,8,N/A,176528
552ffd6a408895a3,1,N/A,62798
27c1d6dd581153e8,2,N/A,83144
21ab427ee1975ea1,0,N/A,20409
0aa0606c9e208795,0,N/A,20409
3a4895f66b30d2be,9,N/A,177870
1666f8e7fa7981e4,6,N/A,151942
246b71a27c12e39e,8,N/A,176528
584938b1cdf5ec89,9,N/A,177870
07f9cdd6c9dbd178,2,N/A,83144
27bcd815830da82d,7,N/A,171772
0618acd214ef0b86,8,N/A,176528
35e7bd12141cfce4,0,N/A,20409
28d3a53ff34fa62b,3,N/A,84689
465760e7a6e6e6e9,2,N/A,83144
39d1a9f4ddf94b3d,8,N/A,176528
463e8e4a48271437,5,N/A,138982
0df8bdc473639331,1,N/A,62798
54ad7a4481b0e5ff,1,N/A,62798
23f6d2712ad38535,4,N/A,126637
16e83a46cbe5f0e2,7,N/A,171772
3723bc1b22a89372,4,N/A,126637
3db25131895f3f01,4,N/A,126637
4f1a64823670b591,10,N/A,192931
36f9171fe668fb9e,5,N/A,138982
2eaa7313edb76c43,1,N/A,62798
50d335ab14d4c89b,8,N/A,176528
2d65487f56a0b1e4,8,N/A,176528
31efc059878cf559,10,N/A,192931
0e134c0fbc94a88a,5,N/A,138982
0fd65df5c5c8d46e,7,N/A,171772
3c4f38d6aba31d14,8,N/A,176528
2a94114465aecb75,5,N/A,138982
0e7956839780ab58,10,N/A,192931
49d4ce39c9a8b751,0,N/A,20409
5481259a1d5c7d4f,9,N/A,177870
4654bc43ab90a152,9,N/A,177870
446a23ab15131916,2,N/A,83144
09490c5f1133eb25,10,N/A,192931
43af7a65af82055c,10,N/A,192931
33e82d1ca67c4d9d,9,N/A,177870
4b40d300f58508e8,7,N/A,171772
2e618809e1d469a9,8,N/A,176528
2edb85fa196563e2,0,N/A,20409
4ba95c68d52bdb6c,4,N/A,126637
0014988d69182803,5,N/A,138982
2f8f6788f3f9f789,8,N/A,176528
34a9442904d9f89f,4,N/A,126637
21bb1c6565514f15,4,N/A,126637
3ab05501513833df,9,N/A,177870
4b54d1738654db7c,1,N/A,62798
0e705d8dc715f048,9,N/A,177870
43701f3d12608ded,5,N/A,138982
0d64d168454c49b8,1,N/A,62798
3cce880ec704d79f,0,N/A,20409
3aead7fb76a4220b,6,N/A,151942
2c2f7030c465d00b,2,N/A,83144
2d81310ac68b3e66,9,N/A,177870
51f0b975fed33d6d,9,N/A,177870
0ea6e590ac0b31af,8,N/A,176528
50ce072a05eba3d6,0,N/A,20409
1576a3fd25ef12dd,3,N/A,84689
02b7e3cd5b1f9a0c,3,N/A,84689
028ac646b9ef8c32,4,N/A,126637
359ceea8b65d0efd,0,N/A,20409
392da62091a1acf7,3,N/A,84689
3e35c9ed493c6efb,0,N/A,20409
09aa88d2367e3140,7,N/A,171772
14282d551a557f73,3,N/A,84689
3220ced0ace4aa06,7,N/A,171772
265d6561f0f9e7ca,0,N/A,20409
05ddd55de6415476,9,N/A,177870
0b4534f37daa8d90,6,N/A,151942
00b6bda61d56eadc,3,N/A,84689
334b92eb6d479ea2,2,N/A,83144
000d9bf37257daff,2,N/A,83144
4872089be2767cdc,0,N/A,20409
00a194bdbce39c50,8,N/A,176528
03c9d118e131497e,7,N/A,171772
24a7e7ec721d4b75,9,N/A,177870
3c8d94d08b5e46c9,9,N/A,177870
33217102aa29a56a,8,N/A,176528
2245c37c111fe0d9,8,N/A,176528
31e3cf6d12c1acf0,8,N/A,176528
3acdcceac96bcc3a,0,N/A,20409
427411642e37a4f3,5,N/A,138982
339238228ed34dab,2,N/A,83144
0c36a5448d2ae0e0,3,N/A,84689
431159ed5999d562,2,N/A,83144
4628d10bfd56eb2f,8,N/A,176528
0730d28ad25c88df,0,N/A,20409
02bb43ecbcc3b6c2,8,N/A,176528
532f3b3561253521,2,N/A,83144
118d62efe72e5166,0,N/A,20409
3c5f6f4b383bdee8,7,N/A,171772
51c9293cc513304e,8,N/A,176528
32dbd2b163530436,9,N/A,177870
3de6116d46161a05,7,N/A,171772
4f8f289e3793caff,4,N/A,126637
43f9b044d8f68e4b,4,N/A,126637
14b0088bd5dd36cb,0,N/A,20409
299986893d058cf3,3,N/A,84689
54e2adcfa0345236,4,N/A,126637
2b0bee98b0ad7cf8,5,N/A,138982
33dbe2b27f91a976,10,N/A,192931
0d7290e9bcc04399,0,N/A,20409
2afefa7de1d9eb02,2,N/A,83144
5213c286817b29e1,6,N/A,151942
059f8084e0e6ac7c,7,N/A,171772
2394c8f92605f187,4,N/A,126637
4adb7e6057021871,9,N/A,177870
2dba03528daef840,7,N/A,171772
4ce1d2b996c5a9e7,5,N/A,138982
0f161072289b074d,10,N/A,192931
4a3e0d803c78873a,10,N/A,192931
26cbf134e9cad024,5,N/A,138982
02d7b50cc8c184d0,8,N/A,176528
045a96c9129a1f85,1,N/A,62798
4ed944f8a38b87a1,10,N/A,192931
3917d9ad0318fa5b,4,N/A,126637
3bf3779eb306ed13,5,N/A,138982
160c647da81e0129,8,N/A,176528
288a52bca25d7cd0,6,N/A,151942
039845ce1dabe20f,6,N/A,151942
2740177f2651547d,8,N/A,176528
29c1fe247d5a78ba,8,N/A,176528
07c836cdd6d77efb,0,N/A,20409
37dc0c6b836dd6a0,1,N/A,62798
2f0d9ef955a43351,3,N/A,84689
466d4e3ac9bab200,2,N/A,83144
42c0c9ac50782ac4,4,N/A,126637
01710f897c9354e1,1,N/A,62798
4e48b6864cc9261c,0,N/A,20409
3e5f7533731c23e0,9,N/A,177870
2db84040a7c0b0f8,7,N/A,171772
0a9c3586fd8f5fed,7,N/A,171772
14727f57ae24a33c,4,N/A,126637
3c1af0fd99f733fc,3,N/A,84689
47382ecfde028f3f,7,N/A,171772
0bde2b576d88a967,1,N/A,62798
34876342158fa870,6,N/A,151942
47071c80512fb51d,5,N/A,138982
34457a923491132a,5,N/A,138982
0fb2ea574202fffa,10,N/A,192931
28c567fa4473e449,3,N/A,84689
583e7b5ab29eda3b,1,N/A,62798
4e8421f1c9b7bdfd,9,N/A,177870
4c8875a64ef761e3,3,N/A,84689
0d13b008dea07f29,4,N/A,126637
4feca779e8c75706,3,N/A,84689
0ee987b8cdeb1c38,6,N/A,151942
47d86249b6ad49f1,2,N/A,83144
0d38d45c4f1b5dca,8,N/A,176528
39120bed9b88c936,1,N/A,62798
1308bd7158a856ed,5,N/A,138982
5070713def9bd1e0,4,N/A,126637
2de10c50b19fb6f1,10,N/A,192931
50074f5d98cf974a,3,N/A,84689
48144a651aa91172,8,N/A,176528
4933c3be9fe65ce2,3,N/A,84689
3b7420fa4e52e985,9,N/A,177870
474fb530cd876c20,1,N/A,62798
46ff97e30211b0ba,0,N/A,20409
0915bb24f44fef96,7,N/A,171772
2ed8ab29b5a6531b,2,N/A,83144
0965a9cbe8641fe4,4,N/A,126637
13595aff5ef1f0d8,2,N/A,83144
35d2a3d53227aa96,10,N/A,192931
3859d1bfe000ebd7,9,N/A,177870
3377ce166b2522ba,0,N/A,20409
4fcc2b413290df1c,3,N/A,84689
2dc3c7d187b1984f,6,N/A,151942
3c671972cc8fed02,1,N/A,62798
07b2361e3792f1de,5,N/A,138982
48831f38380b82d2,9,N/A,177870
0fe0809c7614e9b6,8,N/A,176528
271b5792daf25bd4,4,N/A,126637
0bbf7ded4f847a89,10,N/A,192931
476bd230a649f497,0,N/A,20409
51b8bd5c46a103c4,8,N/A,176528
4f679da62bad6053,3,N/A,84689
32b253202be677f3,10,N/A,192931
0d19b868866422b2,1,N/A,62798
50940f1a33787a65,5,N/A,138982
3dfca1c1f8ded7af,0,N/A,20409
28792e727429e4b3,8,N/A,176528
2ccafa280135b171,4,N/A,126637
086e943f57f45d72,10,N/A,192931
255b56dd8cb2e796,1,N/A,62798
2d173541ee620969,0,N/A,20409
2783bd82c8ca4bc4,10,N/A,192931
226d5daba4168de9,5,N/A,138982
2ade39f82494e0c2,4,N/A,126637
4cba472f17ed640e,7,N/A,171772
3dccf11773c371d3,1,N/A,62798
4e3e28921f56b9bf,3,N/A,84689
327a02dc691bf3cb,3,N/A,84689
47ec3c62a426c38e,4,N/A,126637
35f34eb3e5d3dc01,8,N/A,176528
5189d35e7902ac86,2,N/A,83144
4f3daa646e7665e0,8,N/A,176528
4a65d86985de3c67,2,N/A,83144
3415476331323442,2,N/A,83144
2cc55d92913f638c,1,N/A,62798
102b8178a3e34828,2,N/A,83144
2d1a04b89fba2119,3,N/A,84689
25a34cf1e8098704,9,N/A,177870
522a38a0d688cd58,1,N/A,62798
1143020f0da4beb8,3,N/A,84689
1251e5a4e13937b5,6,N/A,151942
2ed0527143ba016b,4,N/A,126637
08a6e55f62483ec6,0,N/A,20409
288e02584ba4209e,10,N/A,192931
42e1c8ac04bb20b3,9,N/A,177870
453c5b42b53b2f29,2,N/A,83144
0612254342aa74cc,4,N/A,126637
51ea31fa99575a4f,2,N/A,83144
2cfc3ac8852969cc,10,N/A,192931
14f480f9c11e1f02,10,N/A,192931
4708de6ed2474236,6,N/A,151942
33f9d898a7df47bb,9,N/A,177870
0dc0a2786214280e,8,N/A,176528
561630c3f8e38a67,10,N/A,192931
10f8f3dc5a37ef71,2,N/A,83144
27ef95245688dd17,10,N/A,192931
18200f9eed4866c1,5,N/A,138982
46baa3b1c8a00c1a,8,N/A,176528
0c0b0c4cea9ecd10,0,N/A,20409
114ac6244d7cf591,3,N/A,84689
42246374fe811ba2,8,N/A,176528
41a43fd243c767e6,1,N/A,62798
046181c2a3380c12,8,N/A,176528
3d1e6a43b15f5980,2,N/A,83144
364fa5919cd670fe,6,N/A,151942
304a6a67556520df,7,N/A,171772
26ec5291a28822bb,8,N/A,176528
0c95f54aa74be157,2,N/A,83144
4d90ae50ebd1269a,6,N/A,151942
2910cfe6aec1fca9,2,N/A,83144
260429f9c445296a,2,N/A,83144
11070951f2ad33c7,7,N/A,171772
37ea9cd22c7fe0c7,6,N/A,151942
124cdd2b3f3eea98,9,N/A,177870
2a37d7ee268038fb,7,N/A,171772
42017e77d1a8dca8,8,N/A,176528
51adb426ec382c2c,2,N/A,83144
44692926ef604564,5,N/A,138982
00b357bad5436ea3,5,N/A,138982
2598e7e7fab1ee86,7,N/A,171772
0f9e63ac2bd7d09e,2,N/A,83144
0cbf34f8cc4b49ef,9,N/A,177870
2317ea19d9ff870c,0,N/A,20409
4a80cd7a2bde6a88,2,N/A,83144
4b70cf1c4842e397,2,N/A,83144
2636e006890a5232,7,N/A,171772
11939fa826480e82,5,N/A,138982
44a6dafa37d103c7,7,N/A,171772
264912282218b6c9,8,N/A,176528
5688418893513f16,9,N/A,177870
3e077d6c1d92fecf,10,N/A,192931
518e02cf6c3417e0,5,N/A,138982
5119d4f01b729ddb,3,N/A,84689
4b2c1466b631032f,9,N/A,177870
4ac5856a4beec014,7,N/A,171772
4ac8e64f52ec5379,4,N/A,126637
3bb6e31c0cec2c17,7,N/A,171772
29d0882c60ca5fe7,5,N/A,138982
399685c4c630c6cb,7,N/A,171772
51996d0c6512c26e,10,N/A,192931
3761468ff13b704c,8,N/A,176528
4deafb82d2d7e5ac,6,N/A,151942
52ffb5391711d70a,10,N/A,192931
33293ecf027224af,1,N/A,62798
5500c3c2bbd6b8a3,4,N/A,126637
0aea9696a51e8ef8,3,N/A,84689
43e628786c9922e6,10,N/A,192931
2cbb9f9a01007a41,0,N/A,20409
41f4e674fa62f07d,4,N/A,126637
1651ec636141cf63,2,N/A,83144
07fc190e6bfc5b0e,4,N/A,126637
0dc790956eecd5ca,2,N/A,83144
0f474dc74dab9a2c,5,N/A,138982
0673a032456f9937,5,N/A,138982
54eeec39d6d32bf4,3,N/A,84689
524d646b0a2aced5,7,N/A,171772
447f71c6a6f5a61d,7,N/A,171772
32d85fa5bb507736,0,N/A,20409
11f0eed63eef80ca,7,N/A,171772
455a5aad223fd7dc,4,N/A,126637
232a4ed0d7743283,8,N/A,176528
2bb41b04cd15637a,7,N/A,171772
56527e027a11040b,8,N/A,176528
059b25be3d736e18,9,N/A,177870
4d4a5950fcf747c1,4,N/A,126637
104638ebc4ec36f4,0,N/A,20409
30743a55b8e29f66,10,N/A,192931
50eb362414120868,1,N/A,62798
218f28992627a07f,5,N/A,138982
3bc81a2b5d29c90c,9,N/A,177870
15c5b86c84c70357,5,N/A,138982
0bbdfd45b7b186b7,3,N/A,84689
387808eca0a6e487,3,N/A,84689
2cc4fa4055fc6f88,1,N/A,62798
0799ca4e64228c0e,7,N/A,171772
17f0a7631ff2aca9,2,N/A,83144
0dae217a37e3333e,1,N/A,62798
3a5f34c304ea1e99,5,N/A,138982
5818d89e7eedca68,4,N/A,126637
13bcc9a93e839d50,9,N/A,177870
2a4bea10c9b1bb73,1,N/A,62798
2bb00ffb1bc9af24,5,N/A,138982
0bda00b24714fcb3,8,N/A,176528
4e045a61f755030e,4,N/A,126637
218d75dba04d80e5,10,N/A,192931
24dc62e9ea60d5ad,5,N/A,138982
00c927cb1e1775d5,10,N/A,192931
249d435fa8988728,4,N/A,126637
044a7138633f1c7a,8,N/A,176528
4faaa7c3ab8576c0,3,N/A,84689
16f4731b4b7ce119,8,N/A,176528
25913bd60db28578,5,N/A,138982
37e8f2658768d37d,8,N/A,176528
3dd58b0958d4d5bf,3,N/A,84689
33f8c867e22c0848,4,N/A,126637
050410209e91a490,3,N/A,84689
3c552e401dde31c4,2,N/A,83144
5391ad42f5e69035,3,N/A,84689
04bbf1c5fa7f298a,2,N/A,83144
1737df1b54bd796f,0,N/A,20409
068a5d4fd5f7395b,0,N/A,20409
3c942e70433836e3,9,N/A,177870
25c5af26eef230a9,3,N/A,84689
303a67da6fb8a016,0,N/A,20409
4552f67e131c22e3,5,N/A,138982
4fe4f83e82200b43,1,N/A,62798
5272e895c90bae0e,1,N/A,62798
546de14988e900fe,6,N/A,151942
25772d6b8e79bc09,10,N/A,192931
2bd3dcabed055d64,4,N/A,126637
393b5e8086db2ed6,2,N/A,83144
0507406c73986be6,1,N/A,62798
3df776bcd1945cef,10,N/A,192931
46c2bdfb4e2276ab,6,N/A,151942
0c1247546b946afb,3,N/A,84689
17c4a70f9850dc48,6,N/A,151942
16bbf6de0e61fcb0,0,N/A,20409
10efbceca5295de3,2,N/A,83144
3b377a88909f27c1,3,N/A,84689
4a470ece473e102f,7,N/A,171772
501020e33f393ca8,10,N/A,192931
15cc5f5d6dc5a6a4,4,N/A,126637
44ff0d545fe2859f,0,N/A,20409
01a1f3061a00833e,5,N/A,138982
4951db6819e37c28,8,N/A,176528
16e2ba49262e992a,2,N/A,83144
279801931e65c8d3,10,N/A,192931
26abddc887026bd9,5,N/A,138982
25d6d8935fd889d2,10,N/A,192931
246db6d79f67ec02,0,N/A,20409
287dc97114e987b3,0,N/A,20409
30056d95e04be797,4,N/A,126637
0f1277e17357a930,3,N/A,84689
42d89ad257e2d060,8,N/A,176528
05f7bfd665583506,0,N/A,20409
0053cdc62c02139b,2,N/A,83144
53f9f98a38364cff,2,N/A,83144
2878a75a5ca3b6be,7,N/A,171772
0dbb8b83adbdfd80,4,N/A,126637
27151a397b423896,10,N/A,192931
3ac0a80c742fbd06,3,N/A,84689
31e788ba1b2dfaf7,0,N/A,20409
112c5f82c975d3be,0,N/A,20409
131e065218aa528b,10,N/A,192931
2926e263922581ac,4,N/A,126637
2d7ef282f703819f,2,N/A,83144
4f55cac382f18327,10,N/A,192931
4f089f4deb3a576f,8,N/A,176528
2ea094adda48653e,3,N/A,84689
172ff5fbbae241b0,10,N/A,192931
25c42434e1050407,10,N/A,192931
2373c9353ad03347,9,N/A,177870
17d786e9ab89e8f7,8,N/A,176528
2df07cb9b978d004,10,N/A,192931
0942f87c42776fe1,9,N/A,177870
10c0f66a032f9178,0,N/A,20409
0a83191759de8712,6,N/A,151942
4dcdc3f7cc673e30,0,N/A,20409
4e4a9ca747ebf1a8,2,N/A,83144
35b2ad8758a97915,4,N/A,126637
3bd401295f8e9db8,9,N/A,177870
4139d486f6897f5d,0,N/A,20409
17b12d723018d883,5,N/A,138982
139d09f02a9420c5,6,N/A,151942
32e680e58a62de6e,9,N/A,177870
12cb60491e0941dc,2,N/A,83144
46389dc22056c929,6,N/A,151942
44a24ec4786980d5,6,N/A,151942
2ab872f6c31e5373,3,N/A,84689
25fc59d65aa0f60e,0,N/A,20409
0f23c4ba8a3b9d2e,4,N/A,126637
0d95b2c405d82637,1,N/A,62798
42eb4a3a4015e091,0,N/A,20409
2772f32304f8b2e7,3,N/A,84689
14b7e300a7914eea,0,N/A,20409
309e277c50013b0f,9,N/A,177870
4d7cef7b138583dc,2,N/A,83144
36dfc63cd4fee382,0,N/A,20409
32345669043cab2a,4,N/A,126637
37a05869cc1d675b,5,N/A,138982
09d9d4738ee66088,2,N/A,83144
